128761,32,512,512,3196.25
132877,32,512,512,3401.87
142349,32,512,512,3656.54
122501,32,512,512,3138.23
657561,128,512,512,7341.3
587093,32,2048,512,4910.44
158760,32,512,512,4076.52
161312,32,512,512,4140.98
154701,32,512,512,3971.27
163812,32,512,512,4202.46
138452,32,512,512,3556.89
140197,32,512,512,3589.27
139415,32,512,512,3575.66
130440,32,512,512,3339.48
615379,128,512,512,6878.81
552458,32,2048,512,4619.4
122396,32,512,512,3131.13
163814,32,512,512,4201.44
119017,32,512,512,3049.37
156550,32,512,512,4013.59
130692,32,512,512,3349.79
144385,32,512,512,3705.51
131820,32,512,512,3378.7
133155,32,512,512,3412.48
629035,128,512,512,7024.4
550086,32,2048,512,4609.01
129969,32,512,512,2838.68
164324,32,512,512,3591
131426,32,512,512,2870.19
157607,32,512,512,3435.2
132401,32,512,512,2879.22
158040,32,512,512,3451.41
136023,32,512,512,2978.39
146596,32,512,512,3182.38
640824,128,512,512,6070.14
560424,32,2048,512,3983.39
133334,32,512,512,2907.1
165516,32,512,512,3614.68
134172,32,512,512,2926.97
161231,32,512,512,3505.79
128782,32,512,512,2799.61
171580,32,512,512,3742.2
135490,32,512,512,2955.4
157572,32,512,512,3421.39
655737,128,512,512,6190.58
588044,32,2048,512,4172.3
125661,32,512,512,2743.09
154825,32,512,512,3379.35
127452,32,512,512,2780.98
153730,32,512,512,3360.22
129316,32,512,512,2828.44
176891,32,512,512,3866.05
141501,32,512,512,3098.68
161782,32,512,512,3521.6
673253,128,512,512,6373.09
611291,32,2048,512,4328.64
102691,32,512,512,2228.06
136832,32,512,512,2990.54
105460,32,512,512,2290.87
134494,32,512,512,2930.15
546132,128,512,512,5167.3
478771,32,2048,512,3455.34
126309,32,512,512,2755.43
127433,32,512,512,2768.18
124950,32,512,512,2718.67
136926,32,512,512,2984.44
512834,128,512,512,4835.78
430911,32,2048,512,3094.85
89535,32,512,512,1963.27
142150,32,512,512,3096.62
83912,32,512,512,1827.55
126151,32,512,512,2732.32
526135,128,512,512,4941.63
434134,32,2048,512,3109.17
100634,32,512,512,2174.93
132334,32,512,512,2882.47
96583,32,512,512,2098.04
120956,32,512,512,2632.06
527460,128,512,512,4954.77
428269,32,2048,512,3070.8
103808,32,512,512,2260.88
127274,32,512,512,2773.46
102659,32,512,512,2216.06
119034,32,512,512,2590.23
529427,128,512,512,4969.75
424951,32,2048,512,3057.64
117377,32,512,512,2548.91
122898,32,512,512,2667.35
114955,32,512,512,2499.57
118573,32,512,512,2587.24
504860,128,512,512,4746.49
400093,32,2048,512,2879.09
115234,32,512,512,2508.36
120376,32,512,512,2619.15
114692,32,512,512,2501.46
119087,32,512,512,2588.29
82388,32,512,512,1793.58
95040,32,512,512,2059.6
95047,32,512,512,2071.87
81972,32,512,512,1791.93
559163,128,512,512,5286.35
479025,32,2048,512,3398.3
123005,32,512,512,2650.4
134139,32,512,512,2919.24
117970,32,512,512,2551.53
136606,32,512,512,2973.25
108827,32,512,512,2348.95
113602,32,512,512,2468.81
110167,32,512,512,2373.52
103331,32,512,512,2221.93
500782,128,512,512,4712.58
433174,32,2048,512,3067.04
83660,32,512,512,1822.46
139159,32,512,512,3022.9
79680,32,512,512,1738.22
128804,32,512,512,2798.87
93269,32,512,512,2015.32
116477,32,512,512,2540.12
96336,32,512,512,2082.04
100708,32,512,512,2195.51
513866,128,512,512,4819.83
431100,32,2048,512,3052.25
94610,32,512,512,2065.95
138919,32,512,512,3031.51
97046,32,512,512,2099.43
129913,32,512,512,2829.74
91737,32,512,512,1971.36
128003,32,512,512,2799.11
97528,32,512,512,2104.16
111611,32,512,512,2428.18
530735,128,512,512,5008.12
446252,32,2048,512,3145.83
96734,32,512,512,2085.23
139126,32,512,512,3035.7
97673,32,512,512,2118.95
132027,32,512,512,2870.15
99926,32,512,512,2179.65
146522,32,512,512,3190.47
105672,32,512,512,2302.73
131348,32,512,512,2858.19
560299,128,512,512,5289.34
483219,32,2048,512,3423.92
99871,32,512,512,2178.69
139835,32,512,512,3046.52
100632,32,512,512,2189.32
135476,32,512,512,2947.7
100073,32,512,512,2179.29
158983,32,512,512,3472.01
110849,32,512,512,2416.86
140232,32,512,512,3054.83
584554,128,512,512,5536.34
515851,32,2048,512,3650.88
72786,32,512,512,1585.75
111169,32,512,512,2413.31
75465,32,512,512,1641.79
108697,32,512,512,2365.55
418763,128,512,512,3929.83
331624,32,2048,512,2444.52
104724,32,512,512,2257.47
104369,32,512,512,2237.04
100685,32,512,512,2176.97
114837,32,512,512,2494.83
384080,128,512,512,3608.42
294467,32,2048,512,2128.27
52376,32,512,512,1162.88
108226,32,512,512,2364.05
49216,32,512,512,1090.18
88225,32,512,512,1927.36
390912,128,512,512,3647.93
292071,32,2048,512,2126.79
68275,32,512,512,1496.11
97898,32,512,512,2121.53
65237,32,512,512,1439.95
82951,32,512,512,1814.72
395711,128,512,512,3723.46
291221,32,2048,512,2107.86
71474,32,512,512,1561.25
99155,32,512,512,2146.91
69597,32,512,512,1515.62
91595,32,512,512,2003.61
386282,128,512,512,3632.69
286061,32,2048,512,2088.19
74946,32,512,512,1638.17
93347,32,512,512,2025.54
73526,32,512,512,1604.5
87577,32,512,512,1915.09
372892,128,512,512,3507.76
268393,32,2048,512,1984.13
83966,32,512,512,1827.34
91238,32,512,512,1964.64
82765,32,512,512,1794.75
85516,32,512,512,1861.68
48820,32,512,512,1113.09
61079,32,512,512,1357.76
59699,32,512,512,1325.03
49720,32,512,512,1114.67
457008,128,512,512,4293.98
380232,32,2048,512,2716.23
100329,32,512,512,2189.4
112503,32,512,512,2455.33
94479,32,512,512,2061.06
114846,32,512,512,2496.11
82527,32,512,512,1793.29
86541,32,512,512,1882.56
84021,32,512,512,1833.52
74658,32,512,512,1631.87
371268,128,512,512,3488.54
296938,32,2048,512,2135.32
59207,32,512,512,1305.7
110975,32,512,512,2416.18
55989,32,512,512,1235.01
99131,32,512,512,2135.06
59373,32,512,512,1302.33
88269,32,512,512,1908.11
64712,32,512,512,1417.72
69763,32,512,512,1521.05
383955,128,512,512,3606.23
302682,32,2048,512,2183.62
75307,32,512,512,1639.61
120987,32,512,512,2633.88
74395,32,512,512,1622.75
110489,32,512,512,2409.27
69106,32,512,512,1513.49
107546,32,512,512,2339.74
74384,32,512,512,1620.39
86780,32,512,512,1886.11
406737,128,512,512,3826.49
316678,32,2048,512,2279.41
75207,32,512,512,1640.29
115311,32,512,512,2506.76
77122,32,512,512,1675.29
106452,32,512,512,2312.92
75019,32,512,512,1632.62
125521,32,512,512,2736.45
83525,32,512,512,1813.79
105434,32,512,512,2285.09
445126,128,512,512,4185.29
360576,32,2048,512,2573.15
66207,32,512,512,1444.46
107436,32,512,512,2336.08
69103,32,512,512,1510.94
100659,32,512,512,2192.53
80509,32,512,512,1741.68
140067,32,512,512,3059.24
94610,32,512,512,2046.95
117697,32,512,512,2539.04
469702,128,512,512,4415.33
393501,32,2048,512,2801.71
53044,32,512,512,1161.59
91720,32,512,512,1980.57
54347,32,512,512,1192.08
87767,32,512,512,1879.38
319674,128,512,512,2979.81
246891,32,2048,512,1907.09
64552,32,512,512,1416.86
73664,32,512,512,1618.28
61364,32,512,512,1357.16
83434,32,512,512,1809.46
237924,128,512,512,2320.64
152630,32,2048,512,1245.96
32419,32,512,512,794.388
75766,32,512,512,1678.1
30510,32,512,512,754.078
57281,32,512,512,1281.17
239685,128,512,512,2265.99
155797,32,2048,512,1267.83
43886,32,512,512,998.771
73089,32,512,512,1620.78
39292,32,512,512,900.676
62094,32,512,512,1378.64
241817,128,512,512,2282.05
154531,32,2048,512,1266.49
49628,32,512,512,1107.03
57036,32,512,512,1262.14
48540,32,512,512,1079.75
49310,32,512,512,1099.2
219154,128,512,512,2076.01
147362,32,2048,512,1237.09
33528,32,512,512,771.556
53373,32,512,512,1225.27
34631,32,512,512,791.294
44365,32,512,512,996.854
195846,128,512,512,1864.4
120625,32,2048,512,1107.41
54241,32,512,512,1188.19
71756,32,512,512,1566.9
51254,32,512,512,1133.44
64594,32,512,512,1411.58
45935,32,512,512,1044.33
46296,32,512,512,1069.31
52919,32,512,512,1182.81
38370,32,512,512,868.197
331367,128,512,512,3108.07
265406,32,2048,512,1918.72
65174,32,512,512,1449.76
85635,32,512,512,1874.47
59884,32,512,512,1337.44
89665,32,512,512,1952.21
45262,32,512,512,1017.35
57303,32,512,512,1257.33
48014,32,512,512,1071.74
44781,32,512,512,983.01
250381,128,512,512,2361.31
189258,32,2048,512,1446.76
40322,32,512,512,917.243
85967,32,512,512,1855.94
36932,32,512,512,846.287
74639,32,512,512,1620.3
44052,32,512,512,973.417
61540,32,512,512,1344.26
47508,32,512,512,1050.83
46746,32,512,512,1031.58
265383,128,512,512,2500.67
195030,32,2048,512,1477.56
42118,32,512,512,943.609
91334,32,512,512,1993.76
42774,32,512,512,966.316
79227,32,512,512,1725.14
38467,32,512,512,867.057
71031,32,512,512,1553.44
44005,32,512,512,973.885
53746,32,512,512,1182.4
283233,128,512,512,2661.09
202509,32,2048,512,1527.1
46461,32,512,512,1023.03
78908,32,512,512,1706.3
48194,32,512,512,1059.44
72580,32,512,512,1587.14
43854,32,512,512,974.533
96524,32,512,512,2100.86
51673,32,512,512,1135.55
76538,32,512,512,1671.5
320489,128,512,512,3010.28
247453,32,2048,512,1800.71
40847,32,512,512,918.839
81975,32,512,512,1781.29
42541,32,512,512,950.424
75412,32,512,512,1637.97
49860,32,512,512,1099.69
110313,32,512,512,2400.2
61547,32,512,512,1341.33
88378,32,512,512,1935.78
345592,128,512,512,3249.57
274829,32,2048,512,1988.92
25374,32,512,512,601.066
60536,32,512,512,1326.67
25890,32,512,512,610.469
57422,32,512,512,1262.58
209395,128,512,512,1973.75
151186,32,2048,512,1261.88
32695,32,512,512,757.881
42140,32,512,512,943.362
30524,32,512,512,708.624
49135,32,512,512,1095.05
126254,128,512,512,1420.26
76575,32,2048,512,823.52
17164,32,512,512,483.561
52044,32,512,512,1211.17
14299,32,512,512,421.676
37690,32,512,512,849.831
146819,128,512,512,1558.34
84761,32,2048,512,832.377
23183,32,512,512,597.346
49133,32,512,512,1154.98
21266,32,512,512,531.916
36818,32,512,512,842.613
144374,128,512,512,1510.11
87498,32,2048,512,873.626
20567,32,512,512,541.879
39685,32,512,512,984.618
19186,32,512,512,509.589
32050,32,512,512,736.273
133310,128,512,512,1405.78
81004,32,2048,512,815.875
25603,32,512,512,624.54
40168,32,512,512,963.724
23381,32,512,512,575.745
32959,32,512,512,750.261
117647,128,512,512,1304.94
69633,32,2048,512,739.754
23953,32,512,512,577.25
31670,32,512,512,754.857
22904,32,512,512,553.638
28133,32,512,512,648.599
34335,32,512,512,829.248
29747,32,512,512,831.271
42332,32,512,512,989.065
23730,32,512,512,569.27
165318,128,512,512,1643.65
114116,32,2048,512,972.274
34464,32,512,512,807.592
60724,32,512,512,1345.54
30956,32,512,512,715.001
62144,32,512,512,1367.01
27947,32,512,512,645.725
32084,32,512,512,799.303
31500,32,512,512,714.043
26063,32,512,512,623.517
144805,128,512,512,1483.58
93516,32,2048,512,882.81
19984,32,512,512,524.652
51570,32,512,512,1134.03
18956,32,512,512,495.129
45617,32,512,512,1016.08
17384,32,512,512,503.519
30722,32,512,512,740.379
20613,32,512,512,533.187
23618,32,512,512,601.426
150601,128,512,512,1528.95
91018,32,2048,512,860.528
22986,32,512,512,601.571
50560,32,512,512,1113.78
23332,32,512,512,600.876
48332,32,512,512,1068.47
18710,32,512,512,501.743
48771,32,512,512,1070.36
22976,32,512,512,571.97
37207,32,512,512,880.848
158689,128,512,512,1593.42
91220,32,2048,512,859.391
25803,32,512,512,603.226
51980,32,512,512,1140.54
27000,32,512,512,640.342
50793,32,512,512,1115.35
22110,32,512,512,603.934
70194,32,512,512,1536.98
27829,32,512,512,674.724
55987,32,512,512,1269.4
166966,128,512,512,1648.97
100492,32,2048,512,906.598
16560,32,512,512,485.774
39864,32,512,512,916.94
17972,32,512,512,479.19
38720,32,512,512,878.901
24537,32,512,512,607.427
65081,32,512,512,1426.75
35051,32,512,512,801.99
54980,32,512,512,1248.27
189128,128,512,512,1809.06
109440,32,2048,512,927.81
6244,32,512,512,241.454
26927,32,512,512,675.709
7420,32,512,512,259.078
26093,32,512,512,623.414
53227,128,512,512,856.428
34630,32,2048,512,551.214
13396,32,512,512,396.567
27558,32,512,512,660.23
12282,32,512,512,352.83
32402,32,512,512,754.06
59715,128,512,512,915.735
31978,32,2048,512,555.56
8006,32,512,512,292.03
25723,32,512,512,667.523
7531,32,512,512,274.704
18901,32,512,512,469.299
73174,128,512,512,1039.85
37471,32,2048,512,596.387
7276,32,512,512,235.127
25171,32,512,512,702.611
6459,32,512,512,205.766
19734,32,512,512,487.259
77994,128,512,512,1044.31
38793,32,2048,512,594.029
11015,32,512,512,358.561
24419,32,512,512,610.323
10472,32,512,512,327.199
20582,32,512,512,528.353
70998,128,512,512,1015.35
35760,32,2048,512,577.566
8285,32,512,512,316.282
20839,32,512,512,553.42
7826,32,512,512,300.537
17985,32,512,512,465.993
61917,128,512,512,940.774
28848,32,2048,512,462.308
11904,32,512,512,355.875
21574,32,512,512,596.792
11724,32,512,512,348.049
20289,32,512,512,512.737
13591,32,512,512,336.661
11834,32,512,512,439.517
18364,32,512,512,446.487
8842,32,512,512,220.526
107573,128,512,512,1218.27
80849,32,2048,512,792.365
16771,32,512,512,434.876
28842,32,512,512,752.171
13807,32,512,512,379.574
31600,32,512,512,737.284
13156,32,512,512,323.681
15612,32,512,512,505.488
15414,32,512,512,374.581
10938,32,512,512,282.563
48981,128,512,512,783.947
34082,32,2048,512,574.157
7091,32,512,512,255.209
27698,32,512,512,696.543
6302,32,512,512,227.756
21599,32,512,512,538.427
6119,32,512,512,237.816
11183,32,512,512,372.332
7324,32,512,512,248.988
7750,32,512,512,272.216
55048,128,512,512,882.746
35955,32,2048,512,587.501
8454,32,512,512,292.931
27387,32,512,512,690.023
8560,32,512,512,297.429
22070,32,512,512,573.247
7508,32,512,512,271.783
18737,32,512,512,535.114
9838,32,512,512,325.977
12906,32,512,512,403.124
63204,128,512,512,977.408
40951,32,2048,512,595.868
10143,32,512,512,326.037
31538,32,512,512,753.507
10640,32,512,512,331.104
26736,32,512,512,666.401
10085,32,512,512,340.077
31635,32,512,512,751.783
12905,32,512,512,396.163
23675,32,512,512,620.74
75648,128,512,512,1031.82
51508,32,2048,512,595.261
8793,32,512,512,264.451
23635,32,512,512,640.949
8673,32,512,512,264.421
20949,32,512,512,518.54
11498,32,512,512,372.888
50919,32,512,512,1115.67
15955,32,512,512,454.623
35619,32,512,512,852.742
90763,128,512,512,1108.22
66881,32,2048,512,612.828
2012,32,512,512,99.0403
9731,32,512,512,315.736
2143,32,512,512,104.486
8160,32,512,512,265.279
53936,128,512,512,841.042
37885,32,2048,512,539.903
4860,32,512,512,162.433
8693,32,512,512,305.876
4594,32,512,512,153.414
10765,32,512,512,291.813
19771,128,512,512,419.677
11460,32,2048,512,344.041
3116,32,512,512,161.409
17085,32,512,512,572.553
2706,32,512,512,146.946
11679,32,512,512,312.649
21492,128,512,512,430.227
12675,32,2048,512,384.441
3128,32,512,512,137.404
8602,32,512,512,337.4
2649,32,512,512,119.594
5842,32,512,512,204.159
21069,128,512,512,435.535
12926,32,2048,512,351.059
3130,32,512,512,141.182
8456,32,512,512,349.711
2888,32,512,512,129.827
5920,32,512,512,178.018
16569,128,512,512,367.628
10555,32,2048,512,323.972
3975,32,512,512,147.523
9829,32,512,512,369.65
3688,32,512,512,140.388
6880,32,512,512,197.701
14652,128,512,512,351.62
9374,32,2048,512,237.557
2878,32,512,512,132.049
5607,32,512,512,239.105
2627,32,512,512,120.643
4187,32,512,512,148.712
7994,32,512,512,205.607
6230,32,512,512,317.939
10825,32,512,512,266.396
4266,32,512,512,123.241
37336,128,512,512,571.368
28863,32,2048,512,495.97
5646,32,512,512,206.284
17872,32,512,512,554.086
4679,32,512,512,181.041
21603,32,512,512,518.555
5126,32,512,512,144.761
5757,32,512,512,276.979
6474,32,512,512,172.686
3865,32,512,512,122.021
18332,128,512,512,406.429
14699,32,2048,512,398.185
3668,32,512,512,162.914
11791,32,512,512,390.624
3797,32,512,512,176.728
10070,32,512,512,306.545
3401,32,512,512,140.421
5162,32,512,512,231.272
4111,32,512,512,158.573
3691,32,512,512,154.048
13036,128,512,512,350.101
9863,32,2048,512,327.456
4359,32,512,512,192.834
13924,32,512,512,463.437
4174,32,512,512,191.6
11995,32,512,512,389.891
3302,32,512,512,167.063
7543,32,512,512,279.629
4222,32,512,512,177.172
6012,32,512,512,229.247
12635,128,512,512,343.203
9668,32,2048,512,306.678
4405,32,512,512,177.335
10699,32,512,512,358.665
4559,32,512,512,184.277
9516,32,512,512,331.164
4352,32,512,512,200.553
15753,32,512,512,486.279
5559,32,512,512,212.297
12052,32,512,512,378.756
14538,128,512,512,371.768
11200,32,2048,512,334.279
2258,32,512,512,115.44
8183,32,512,512,304.824
2408,32,512,512,118.504
6857,32,512,512,239.253
4500,32,512,512,205.105
23566,32,512,512,627.173
5989,32,512,512,227.805
17053,32,512,512,493.432
17556,128,512,512,404.051
14256,32,2048,512,266.094
742,32,512,512,51.6352
2728,32,512,512,145.377
806,32,512,512,54.2394
2370,32,512,512,115.273
21989,128,512,512,430.819
16969,32,2048,512,401.919
1040,32,512,512,63.2605
6990,32,512,512,264.222
971,32,512,512,58.6354
10210,32,512,512,301.759
4276,128,512,512,178.055
3145,32,2048,512,165.353
1083,32,512,512,68.653
7508,32,512,512,314.801
989,32,512,512,68.7759
5246,32,512,512,184.07
3167,128,512,512,149.563
2309,32,2048,512,136.83
1566,32,512,512,84.9473
4323,32,512,512,206.842
1368,32,512,512,75.8527
3317,32,512,512,125.596
2099,128,512,512,102.918
1606,32,2048,512,107.749
1259,32,512,512,75.3443
3983,32,512,512,205.257
1243,32,512,512,70.8869
2880,32,512,512,119.552
1483,128,512,512,81.7532
1166,32,2048,512,72.243
827,32,512,512,52.2262
1872,32,512,512,111.895
712,32,512,512,49.3586
1394,32,512,512,70.4397
1887,128,512,512,103.059
1200,32,2048,512,68.5128
419,32,512,512,30.0573
812,32,512,512,56.4672
391,32,512,512,27.9485
645,32,512,512,40.8099
131072,32,512,512,2853.43
131072,32,512,512,2858.09
131072,32,512,512,2863.4
131072,32,512,512,2833.07
524288,128,512,512,4957.11
524288,32,2048,512,3764.41
131072,32,512,512,2830.93
131072,32,512,512,2855.91
131072,32,512,512,2816.03
131072,32,512,512,2845.99
131072,32,512,512,2853.74
131072,32,512,512,2865.59
131072,32,512,512,2863.09
131072,32,512,512,2847.85
524288,128,512,512,4964.85
524288,32,2048,512,3730.39
131072,32,512,512,2855.91
131072,32,512,512,2846.3
131072,32,512,512,2854.67
131072,32,512,512,2849.39
131071,32,512,512,2860.88
131072,32,512,512,2863.71
131072,32,512,512,2855.91
131072,32,512,512,2828.18
524288,128,512,512,4936.57
524288,32,2048,512,3720.73
131072,32,512,512,2860.9
131072,32,512,512,2854.67
131072,32,512,512,2851.25
131072,32,512,512,2835.83
131072,32,512,512,2864.65
131072,32,512,512,2856.85
131072,32,512,512,2861.52
131072,32,512,512,2838.29
524288,128,512,512,4928.68
524287,32,2048,512,3722.04
131072,32,512,512,2853.43
131072,32,512,512,2851.56
131072,32,512,512,2859.34
131072,32,512,512,2840.13
131072,32,512,512,2857.47
131072,32,512,512,2855.29
131072,32,512,512,2864.34
131072,32,512,512,2852.49
524288,128,512,512,4930.3
524288,32,2048,512,3716.37
131072,32,512,512,2866.22
131072,32,512,512,2863.09
131072,32,512,512,2862.77
131072,32,512,512,2842.29
131072,32,512,512,2851.25
131072,32,512,512,2851.87
131072,32,512,512,2847.23
131072,32,512,512,2855.6
524288,128,512,512,4925.9
524288,32,2048,512,3724.16
131072,32,512,512,2856.54
131072,32,512,512,2862.77
131072,32,512,512,2857.47
131072,32,512,512,2853.74
524288,128,512,512,4898.97
524288,32,2048,512,3838.55
131072,32,512,512,2884.83
131072,32,512,512,2963.75
131072,32,512,512,2849.08
131072,32,512,512,2904
524288,128,512,512,4934.25
524288,32,2048,512,3778.38
131072,32,512,512,2850.63
131072,32,512,512,2857.78
131072,32,512,512,2841.06
131072,32,512,512,2836.75
524288,128,512,512,4933.32
524288,32,2048,512,3861.73
131072,32,512,512,2857.16
131072,32,512,512,2852.8
131072,32,512,512,2863.09
131072,32,512,512,2837.67
524288,128,512,512,4928.45
524288,32,2048,512,3802.91
131072,32,512,512,2857.16
131072,32,512,512,2847.85
131072,32,512,512,2860.59
131072,32,512,512,2833.69
524288,128,512,512,4926.13
524288,32,2048,512,3774.17
131072,32,512,512,2861.52
131072,32,512,512,2853.12
131072,32,512,512,2864.34
131072,32,512,512,2838.29
524288,128,512,512,4942.62
524288,32,2048,512,3775.8
131072,32,512,512,2854.05
131072,32,512,512,2850.94
131072,32,512,512,2855.6
131072,32,512,512,2850.94
104857,32,512,512,2263.75
104857,32,512,512,2274.31
104857,32,512,512,2277.77
104857,32,512,512,2284.22
419430,128,512,512,3938.5
419430,32,2048,512,3000.86
104857,32,512,512,2294.21
104857,32,512,512,2280.25
104857,32,512,512,2286.21
104857,32,512,512,2295.72
104857,32,512,512,2280.74
104857,32,512,512,2282.48
104857,32,512,512,2281.73
104857,32,512,512,2302.78
419430,128,512,512,3948.88
419430,32,2048,512,2997.96
104857,32,512,512,2254.02
104857,32,512,512,2281.49
104857,32,512,512,2258.88
104857,32,512,512,2266.93
104857,32,512,512,2279.75
104856,32,512,512,2283.2
104857,32,512,512,2280.25
104857,32,512,512,2290.96
419430,128,512,512,3937.57
419430,32,2048,512,2999.25
104857,32,512,512,2291.71
104857,32,512,512,2269.14
104857,32,512,512,2281.98
104857,32,512,512,2264.49
104857,32,512,512,2280.49
104857,32,512,512,2282.48
104857,32,512,512,2281.49
104857,32,512,512,2291.71
419429,128,512,512,3944.78
419429,32,2048,512,2994.21
104857,32,512,512,2280.99
104857,32,512,512,2260.83
104857,32,512,512,2280.74
104857,32,512,512,2268.65
104857,32,512,512,2284.97
104857,32,512,512,2280.99
104857,32,512,512,2282.73
104857,32,512,512,2278.26
419430,128,512,512,3939.05
419430,32,2048,512,2981.13
104857,32,512,512,2285.71
104857,32,512,512,2280.99
104857,32,512,512,2279.5
104857,32,512,512,2254.99
104857,32,512,512,2282.23
104857,32,512,512,2284.47
104857,32,512,512,2278.51
104857,32,512,512,2289.71
419430,128,512,512,3948.51
419430,32,2048,512,2994.11
104857,32,512,512,2276.78
104857,32,512,512,2280
104857,32,512,512,2280.74
104857,32,512,512,2262.78
419430,128,512,512,3939.79
419430,32,2048,512,3056.18
104857,32,512,512,2350.53
104857,32,512,512,2385.55
104857,32,512,512,2328.34
104857,32,512,512,2310.39
419430,128,512,512,3947.76
419430,32,2048,512,3104.24
104857,32,512,512,2293.96
104857,32,512,512,2297.98
104857,32,512,512,2259.12
104857,32,512,512,2290.96
419430,128,512,512,3927.98
419430,32,2048,512,3088.93
104857,32,512,512,2267.92
104857,32,512,512,2246.05
104857,32,512,512,2268.16
104857,32,512,512,2290.71
419430,128,512,512,3942.38
419430,32,2048,512,3056.85
104857,32,512,512,2264
104857,32,512,512,2266.69
104857,32,512,512,2262.04
104857,32,512,512,2276.29
419429,128,512,512,3937.19
419430,32,2048,512,3037.59
104857,32,512,512,2263.51
104857,32,512,512,2249.91
104857,32,512,512,2290.71
104857,32,512,512,2290.71
419430,128,512,512,3946.65
419430,32,2048,512,3010.12
104857,32,512,512,2261.56
104857,32,512,512,2257.42
104857,32,512,512,2259.85
104857,32,512,512,2265.95
78643,32,512,512,1719.54
78642,32,512,512,1717.64
78643,32,512,512,1722.17
78643,32,512,512,1714.29
314572,128,512,512,2953.45
314572,32,2048,512,2271.12
78643,32,512,512,1729.37
78643,32,512,512,1721.42
78643,32,512,512,1735.47
78643,32,512,512,1730.32
78643,32,512,512,1719.72
78643,32,512,512,1710.38
78643,32,512,512,1710
78643,32,512,512,1719.16
314572,128,512,512,2958.45
314571,32,2048,512,2252.08
78643,32,512,512,1717.66
78643,32,512,512,1720.1
78643,32,512,512,1722.93
78643,32,512,512,1714.29
78643,32,512,512,1725.2
78643,32,512,512,1700.21
78643,32,512,512,1710.75
78643,32,512,512,1709.63
314572,128,512,512,2956.09
314572,32,2048,512,2271.2
78643,32,512,512,1718.03
78643,32,512,512,1713.36
78643,32,512,512,1720.1
78643,32,512,512,1718.79
78643,32,512,512,1721.61
78643,32,512,512,1707.41
78643,32,512,512,1706.85
78643,32,512,512,1719.54
314572,128,512,512,2956.37
314572,32,2048,512,2276.13
78643,32,512,512,1706.29
78643,32,512,512,1713.54
78643,32,512,512,1695.44
78643,32,512,512,1713.92
78643,32,512,512,1713.92
78643,32,512,512,1705.92
78643,32,512,512,1696.54
78643,32,512,512,1722.17
314572,128,512,512,2946.54
314572,32,2048,512,2264.09
78643,32,512,512,1705.92
78643,32,512,512,1714.66
78643,32,512,512,1719.16
78643,32,512,512,1713.92
78643,32,512,512,1713.73
78643,32,512,512,1713.36
78643,32,512,512,1692.89
78643,32,512,512,1727.85
314572,128,512,512,2950.13
314572,32,2048,512,2277.45
78643,32,512,512,1701.31
78643,32,512,512,1704.63
78643,32,512,512,1697.45
78643,32,512,512,1708.33
314572,128,512,512,2956.64
314572,32,2048,512,2318.83
78643,32,512,512,1790.6
78643,32,512,512,1768.25
78643,32,512,512,1787.14
78643,32,512,512,1759.15
314572,128,512,512,2963.19
314572,32,2048,512,2368.85
78643,32,512,512,1720.48
78643,32,512,512,1745.49
78643,32,512,512,1712.61
78643,32,512,512,1724.25
314572,128,512,512,2939.24
314572,32,2048,512,2395.92
78643,32,512,512,1705.37
78643,32,512,512,1701.13
78643,32,512,512,1727.66
78643,32,512,512,1725.01
314572,128,512,512,2943.78
314571,32,2048,512,2337.6
78643,32,512,512,1712.8
78643,32,512,512,1714.85
78643,32,512,512,1718.79
78643,32,512,512,1710.56
314572,128,512,512,2936.77
314572,32,2048,512,2317.2
78643,32,512,512,1720.29
78643,32,512,512,1724.44
78643,32,512,512,1720.48
78643,32,512,512,1720.48
314572,128,512,512,2942.26
314572,32,2048,512,2315.42
78643,32,512,512,1719.16
78643,32,512,512,1713.92
78643,32,512,512,1722.17
78643,32,512,512,1712.42
52428,32,512,512,1154.29
52428,32,512,512,1149.36
52428,32,512,512,1148.48
52428,32,512,512,1149.74
209715,128,512,512,1971.1
209715,32,2048,512,1549.66
52428,32,512,512,1158.12
52428,32,512,512,1156.59
52428,32,512,512,1157.99
52428,32,512,512,1161.45
52428,32,512,512,1149.99
52428,32,512,512,1153.53
52428,32,512,512,1161.45
52428,32,512,512,1159.14
209715,128,512,512,1980.97
209715,32,2048,512,1549.88
52428,32,512,512,1153.4
52428,32,512,512,1148.48
52428,32,512,512,1162.23
52428,32,512,512,1155.95
52428,32,512,512,1153.28
52428,32,512,512,1150.87
52428,32,512,512,1152.52
52428,32,512,512,1155.06
209715,128,512,512,1977.98
209715,32,2048,512,1571.84
52428,32,512,512,1158.63
52428,32,512,512,1157.22
52428,32,512,512,1155.69
52428,32,512,512,1151.63
52428,32,512,512,1149.99
52428,32,512,512,1152.01
52428,32,512,512,1149.49
52428,32,512,512,1158.5
209715,128,512,512,1981.72
209715,32,2048,512,1557.6
52428,32,512,512,1148.73
52428,32,512,512,1150.37
52428,32,512,512,1161.84
52428,32,512,512,1151
52428,32,512,512,1147.6
52428,32,512,512,1147.72
52428,32,512,512,1149.74
52428,32,512,512,1153.15
209715,128,512,512,1974.16
209715,32,2048,512,1565.33
52428,32,512,512,1156.59
52428,32,512,512,1153.91
52428,32,512,512,1152.64
52428,32,512,512,1155.18
52428,32,512,512,1154.42
52428,32,512,512,1149.23
52428,32,512,512,1149.61
52428,32,512,512,1153.79
209715,128,512,512,1980.03
209715,32,2048,512,1547.43
52428,32,512,512,1150.49
52428,32,512,512,1148.73
52428,32,512,512,1147.1
52428,32,512,512,1149.61
209715,128,512,512,1979.38
209715,32,2048,512,1581.8
52428,32,512,512,1179.75
52428,32,512,512,1167.4
52428,32,512,512,1244.14
52428,32,512,512,1175.52
209715,128,512,512,1981.81
209715,32,2048,512,1609.54
52428,32,512,512,1157.73
52428,32,512,512,1148.23
52428,32,512,512,1157.99
52428,32,512,512,1157.73
209715,128,512,512,1976.02
209715,32,2048,512,1627.53
52428,32,512,512,1154.67
52428,32,512,512,1148.23
52428,32,512,512,1155.95
52428,32,512,512,1156.59
209715,128,512,512,1981.34
209715,32,2048,512,1617.86
52428,32,512,512,1153.79
52428,32,512,512,1149.74
52428,32,512,512,1153.02
52428,32,512,512,1160.17
209715,128,512,512,1975.18
209715,32,2048,512,1603.88
52428,32,512,512,1150.75
52428,32,512,512,1152.64
52428,32,512,512,1149.23
52428,32,512,512,1158.25
209715,128,512,512,1987.82
209715,32,2048,512,1622.68
52428,32,512,512,1157.48
52428,32,512,512,1152.52
52428,32,512,512,1155.06
52428,32,512,512,1150.75
26214,32,512,512,629.161
26214,32,512,512,616.655
26214,32,512,512,607.297
26214,32,512,512,636.726
104857,128,512,512,1192.78
104857,32,2048,512,911.88
26214,32,512,512,642.342
26214,32,512,512,620.45
26214,32,512,512,632.501
26214,32,512,512,637.422
26214,32,512,512,632.044
26214,32,512,512,642.342
26214,32,512,512,630.979
26214,32,512,512,638.898
104857,128,512,512,1201.66
104857,32,2048,512,930.161
26214,32,512,512,622.661
26214,32,512,512,666.768
26214,32,512,512,617.09
26214,32,512,512,636.262
26214,32,512,512,652.009
26214,32,512,512,656.828
26214,32,512,512,626.755
26214,32,512,512,625.111
104857,128,512,512,1189.06
104857,32,2048,512,933.971
26214,32,512,512,631.891
26214,32,512,512,670.349
26214,32,512,512,632.959
26214,32,512,512,611.12
26214,32,512,512,663.898
26214,32,512,512,658.892
26214,32,512,512,637.655
26214,32,512,512,657.24
104857,128,512,512,1190
104857,32,2048,512,913.349
26214,32,512,512,640.694
26214,32,512,512,673.276
26214,32,512,512,643.525
26214,32,512,512,608.919
26214,32,512,512,662.974
26214,32,512,512,651.928
26214,32,512,512,653.472
26214,32,512,512,658.147
104857,128,512,512,1193.39
104857,32,2048,512,934.762
26214,32,512,512,642.658
26214,32,512,512,643.604
26214,32,512,512,642.579
26214,32,512,512,637.81
26214,32,512,512,666.175
26214,32,512,512,652.902
26214,32,512,512,648.942
26214,32,512,512,662.388
104857,128,512,512,1200.9
104857,32,2048,512,867.483
26214,32,512,512,656.499
26214,32,512,512,639.132
26214,32,512,512,658.395
26214,32,512,512,645.904
104857,128,512,512,1199.53
104857,32,2048,512,908.876
26214,32,512,512,681.06
26214,32,512,512,654.941
26214,32,512,512,762.923
26214,32,512,512,642.264
104857,128,512,512,1223.39
104857,32,2048,512,928.801
26214,32,512,512,654.696
26214,32,512,512,659.223
26214,32,512,512,639.288
26214,32,512,512,658.726
104857,128,512,512,1215.73
104857,32,2048,512,972.249
26214,32,512,512,641.792
26214,32,512,512,659.14
26214,32,512,512,640.303
26214,32,512,512,657.9
104857,128,512,512,1200.15
104857,32,2048,512,940.168
26214,32,512,512,635.029
26214,32,512,512,660.885
26214,32,512,512,629.01
26214,32,512,512,660.802
104857,128,512,512,1199.05
104857,32,2048,512,935.221
26214,32,512,512,637.5
26214,32,512,512,655.269
26214,32,512,512,633.265
26214,32,512,512,660.386
104857,128,512,512,1191.83
104857,32,2048,512,929.872
26214,32,512,512,647.979
26214,32,512,512,641.321
26214,32,512,512,638.431
26214,32,512,512,654.287
13107,32,512,512,387.438
13107,32,512,512,352.955
13107,32,512,512,368.848
13107,32,512,512,381.684
52428,128,512,512,860.039
52428,32,2048,512,584.807
13107,32,512,512,374.7
13107,32,512,512,363.528
13107,32,512,512,370.778
13107,32,512,512,382.463
13107,32,512,512,390.38
13107,32,512,512,390.846
13107,32,512,512,369.159
13107,32,512,512,363.075
52428,128,512,512,874.819
52428,32,2048,512,602.862
13107,32,512,512,373.047
13107,32,512,512,411.394
13107,32,512,512,384.991
13107,32,512,512,378.487
13107,32,512,512,430.726
13107,32,512,512,414.976
13107,32,512,512,402.426
13107,32,512,512,378.815
52428,128,512,512,877.822
52428,32,2048,512,613.049
13107,32,512,512,360.776
13107,32,512,512,440.645
13107,32,512,512,364.033
13107,32,512,512,346.884
13107,32,512,512,414.91
13107,32,512,512,392.484
13107,32,512,512,385.784
13107,32,512,512,415.568
52428,128,512,512,874.309
52427,32,2048,512,595.795
13107,32,512,512,413.275
13107,32,512,512,413.471
13107,32,512,512,409.211
13107,32,512,512,402.797
13107,32,512,512,428.683
13107,32,512,512,412.041
13107,32,512,512,416.492
13107,32,512,512,432.645
52428,128,512,512,884.86
52428,32,2048,512,606.489
13107,32,512,512,415.964
13107,32,512,512,388.932
13107,32,512,512,411.394
13107,32,512,512,414.189
13107,32,512,512,420.298
13107,32,512,512,412.43
13107,32,512,512,408.637
13107,32,512,512,428.543
52428,128,512,512,889.137
52428,32,2048,512,517.884
13107,32,512,512,417.421
13107,32,512,512,369.576
13107,32,512,512,418.22
13107,32,512,512,414.255
52428,128,512,512,902.763
52428,32,2048,512,647.06
13107,32,512,512,385.104
13107,32,512,512,394.433
13107,32,512,512,418.621
13107,32,512,512,362.172
52428,128,512,512,888.835
52427,32,2048,512,619.925
13107,32,512,512,406.924
13107,32,512,512,397.002
13107,32,512,512,406.924
13107,32,512,512,397.724
52427,128,512,512,818.789
52428,32,2048,512,616.437
13107,32,512,512,405.288
13107,32,512,512,409.467
13107,32,512,512,405.727
13107,32,512,512,418.353
52428,128,512,512,793.642
52428,32,2048,512,616.982
13107,32,512,512,388.932
13107,32,512,512,394.849
13107,32,512,512,365.352
13107,32,512,512,375.129
52428,128,512,512,880.254
52428,32,2048,512,605.858
13107,32,512,512,387.037
13107,32,512,512,385.104
13107,32,512,512,390.496
13107,32,512,512,404.85
52428,128,512,512,871.113
52428,32,2048,512,600.893
13107,32,512,512,373.685
13107,32,512,512,367.916
13107,32,512,512,367.813
13107,32,512,512,411.911
5242,32,512,512,207.81
5242,32,512,512,179.152
5242,32,512,512,191.244
5242,32,512,512,205.287
20971,128,512,512,419.504
20971,32,2048,512,374.415
5242,32,512,512,202.824
5242,32,512,512,189.413
5242,32,512,512,202.043
5242,32,512,512,198.786
5242,32,512,512,189.378
5242,32,512,512,207.851
5242,32,512,512,185.36
5242,32,512,512,192.015
20971,128,512,512,431.324
20971,32,2048,512,404.026
5242,32,512,512,186.814
5242,32,512,512,210.861
5242,32,512,512,190.238
5242,32,512,512,205.327
5242,32,512,512,226.192
5242,32,512,512,220.113
5242,32,512,512,206.5
5242,32,512,512,217.105
20971,128,512,512,434.587
20971,32,2048,512,412.449
5242,32,512,512,204.287
5242,32,512,512,220.206
5242,32,512,512,193.61
5242,32,512,512,193.432
5242,32,512,512,236.286
5242,32,512,512,218.008
5242,32,512,512,207.563
5242,32,512,512,202.981
20971,128,512,512,421.782
20971,32,2048,512,381.533
5242,32,512,512,218.144
5242,32,512,512,218.644
5242,32,512,512,217.465
5242,32,512,512,204.606
5242,32,512,512,239.197
5242,32,512,512,217.51
5242,32,512,512,216.791
5242,32,512,512,217.015
20971,128,512,512,436.577
20971,32,2048,512,397.366
5242,32,512,512,221.931
5242,32,512,512,209.262
5242,32,512,512,217.465
5242,32,512,512,218.371
5242,32,512,512,238.273
5242,32,512,512,218.553
5242,32,512,512,217.465
5242,32,512,512,220.206
20971,128,512,512,432.793
20971,32,2048,512,335.268
5242,32,512,512,222.213
5242,32,512,512,178.969
5242,32,512,512,218.827
5242,32,512,512,194.184
20971,128,512,512,445.717
20971,32,2048,512,425.635
5242,32,512,512,202.394
5242,32,512,512,204.686
5242,32,512,512,232.771
5242,32,512,512,169.974
20971,128,512,512,434.767
20971,32,2048,512,383.417
5242,32,512,512,211.031
5242,32,512,512,204.686
5242,32,512,512,201.615
5242,32,512,512,220.949
20971,128,512,512,421.062
20971,32,2048,512,399.409
5242,32,512,512,218.553
5242,32,512,512,206.256
5242,32,512,512,206.053
5242,32,512,512,203.85
20971,128,512,512,415.514
20971,32,2048,512,388.568
5242,32,512,512,219.929
5242,32,512,512,205.528
5242,32,512,512,206.785
5242,32,512,512,205.448
20970,128,512,512,410.854
20971,32,2048,512,375.79
5242,32,512,512,209.471
5242,32,512,512,203.178
5242,32,512,512,193.789
5242,32,512,512,218.371
20971,128,512,512,426.76
20971,32,2048,512,373.382
5242,32,512,512,192.155
5242,32,512,512,192.296
5242,32,512,512,192.155
5242,32,512,512,205.287
131072,32,512,512,2853.43
131072,32,512,512,2861.21
131072,32,512,512,2850.94
131072,32,512,512,2859.96
524288,128,512,512,4958.28
524288,32,2048,512,3724.03
131072,32,512,512,2859.96
131072,32,512,512,2865.28
131072,32,512,512,2864.65
131072,32,512,512,2864.34
131072,32,512,512,2865.9
131072,32,512,512,2863.09
131072,32,512,512,2861.84
131072,32,512,512,2863.71
524288,128,512,512,4933.32
524288,32,2048,512,3724.95
131072,32,512,512,2859.03
131072,32,512,512,2859.34
131072,32,512,512,2858.09
131072,32,512,512,2845.68
131072,32,512,512,2859.03
131072,32,512,512,2857.16
131072,32,512,512,2862.46
131072,32,512,512,2859.34
524288,128,512,512,4936.8
524288,32,2048,512,3710.85
131072,32,512,512,2857.47
131072,32,512,512,2864.34
131072,32,512,512,2861.52
131072,32,512,512,2851.56
131072,32,512,512,2860.28
131072,32,512,512,2862.46
131072,32,512,512,2858.72
131072,32,512,512,2863.09
524288,128,512,512,4942.39
524288,32,2048,512,3724.29
131072,32,512,512,2859.03
131072,32,512,512,2857.47
131072,32,512,512,2863.4
131072,32,512,512,2862.46
131072,32,512,512,2859.65
131072,32,512,512,2859.34
131072,32,512,512,2860.59
131072,32,512,512,2856.85
524288,128,512,512,4940.52
524288,32,2048,512,3723.76
131072,32,512,512,2864.03
131072,32,512,512,2852.5
131072,32,512,512,2864.96
131072,32,512,512,2867.16
131072,32,512,512,2865.9
131072,32,512,512,2863.09
131072,32,512,512,2863.4
131072,32,512,512,2865.59
524288,128,512,512,4942.15
524288,32,2048,512,3729.46
131072,32,512,512,2858.72
131072,32,512,512,2851.25
131072,32,512,512,2863.09
131072,32,512,512,2855.6
524288,128,512,512,4931.23
524288,32,2048,512,3716.5
131072,32,512,512,2851.87
131072,32,512,512,2857.16
131072,32,512,512,2862.15
131072,32,512,512,2858.09
524288,128,512,512,4941.45
524288,32,2048,512,3712.29
131072,32,512,512,2862.15
131072,32,512,512,2855.29
131072,32,512,512,2859.65
131072,32,512,512,2858.4
524288,128,512,512,4923.36
524288,32,2048,512,3729.73
131072,32,512,512,2864.96
131072,32,512,512,2859.96
131072,32,512,512,2861.52
131072,32,512,512,2860.9
524288,128,512,512,4954.53
524288,32,2048,512,3723.24
131072,32,512,512,2857.16
131072,32,512,512,2859.96
131072,32,512,512,2858.72
131072,32,512,512,2859.03
524288,128,512,512,4930.76
524288,32,2048,512,3724.43
131072,32,512,512,2865.59
131072,32,512,512,2854.05
131072,32,512,512,2864.34
131072,32,512,512,2861.52
524288,128,512,512,4941.92
524288,32,2048,512,3721.12
131072,32,512,512,2857.16
131072,32,512,512,2850.94
131072,32,512,512,2856.54
131072,32,512,512,2857.16
104857,32,512,512,2279.25
104857,32,512,512,2278.76
104857,32,512,512,2279.5
104857,32,512,512,2278.02
419430,128,512,512,3941.83
419430,32,2048,512,2972.04
104857,32,512,512,2283.97
104857,32,512,512,2279.25
104857,32,512,512,2281.49
104857,32,512,512,2282.98
104857,32,512,512,2282.98
104857,32,512,512,2282.73
104857,32,512,512,2288.96
104857,32,512,512,2281.73
419430,128,512,512,3941.64
419431,32,2048,512,2962.71
104857,32,512,512,2279.25
104857,32,512,512,2285.46
104857,32,512,512,2277.27
104857,32,512,512,2283.97
104857,32,512,512,2281.98
104857,32,512,512,2283.47
104857,32,512,512,2283.72
104857,32,512,512,2278.26
419430,128,512,512,3934.06
419430,32,2048,512,2982.82
104857,32,512,512,2286.71
104857,32,512,512,2285.71
104857,32,512,512,2284.47
104857,32,512,512,2287.71
104857,32,512,512,2284.97
104857,32,512,512,2284.47
104857,32,512,512,2286.71
104857,32,512,512,2284.97
419430,128,512,512,3943.13
419430,32,2048,512,2984.31
104857,32,512,512,2278.76
104857,32,512,512,2278.51
104857,32,512,512,2284.47
104857,32,512,512,2276.04
104857,32,512,512,2277.27
104857,32,512,512,2279.75
104857,32,512,512,2281.49
104857,32,512,512,2278.76
419430,128,512,512,3940.53
419430,32,2048,512,2970.67
104857,32,512,512,2285.22
104857,32,512,512,2281.49
104857,32,512,512,2280.74
104857,32,512,512,2280.74
104857,32,512,512,2283.22
104857,32,512,512,2284.47
104857,32,512,512,2280
104857,32,512,512,2283.47
419430,128,512,512,3939.79
419430,32,2048,512,2975.52
104857,32,512,512,2284.97
104857,32,512,512,2280.25
104857,32,512,512,2278.76
104857,32,512,512,2280
419430,128,512,512,3940.16
419430,32,2048,512,2982.61
104857,32,512,512,2282.73
104857,32,512,512,2280.25
104857,32,512,512,2283.47
104857,32,512,512,2280.99
419430,128,512,512,3937.2
419430,32,2048,512,2972.99
104857,32,512,512,2283.97
104857,32,512,512,2275.79
104857,32,512,512,2274.31
104857,32,512,512,2284.97
419430,128,512,512,3937.39
419430,32,2048,512,2984.2
104857,32,512,512,2283.47
104857,32,512,512,2283.97
104857,32,512,512,2280.99
104857,32,512,512,2281.98
419430,128,512,512,3940.9
419430,32,2048,512,2974.04
104857,32,512,512,2283.97
104857,32,512,512,2281.49
104857,32,512,512,2280.99
104857,32,512,512,2284.72
419430,128,512,512,3931.3
419430,32,2048,512,2981.44
104857,32,512,512,2280.49
104857,32,512,512,2282.73
104857,32,512,512,2284.22
104857,32,512,512,2283.22
419430,128,512,512,3945.91
419430,32,2048,512,2971.52
104857,32,512,512,2280.99
104857,32,512,512,2283.22
104857,32,512,512,2285.46
104857,32,512,512,2278.76
78643,32,512,512,1703.15
78643,32,512,512,1702.41
78643,32,512,512,1700.57
78643,32,512,512,1704.26
314572,128,512,512,2953.73
314572,32,2048,512,2265.88
78643,32,512,512,1703.52
78643,32,512,512,1699.47
78643,32,512,512,1698.37
78643,32,512,512,1700.76
78643,32,512,512,1700.94
78643,32,512,512,1693.8
78643,32,512,512,1706.11
78643,32,512,512,1698.74
314572,128,512,512,2959.84
314572,32,2048,512,2272.92
78643,32,512,512,1701.49
78643,32,512,512,1697.27
78643,32,512,512,1695.44
78643,32,512,512,1697.27
78643,32,512,512,1700.94
78643,32,512,512,1697.27
78643,32,512,512,1702.42
78643,32,512,512,1703.34
314572,128,512,512,2952.07
314572,32,2048,512,2256.78
78643,32,512,512,1695.62
78643,32,512,512,1705.18
78643,32,512,512,1702.41
78643,32,512,512,1700.39
78643,32,512,512,1705.55
78643,32,512,512,1708.33
78643,32,512,512,1703.71
78643,32,512,512,1701.31
314572,128,512,512,2959.29
314572,32,2048,512,2262.62
78643,32,512,512,1697.45
78643,32,512,512,1704.08
78643,32,512,512,1699.66
78643,32,512,512,1702.05
78643,32,512,512,1698.74
78643,32,512,512,1700.94
78643,32,512,512,1700.57
78643,32,512,512,1703.15
314572,128,512,512,2950.54
314572,32,2048,512,2264.58
78643,32,512,512,1699.84
78643,32,512,512,1705.18
78643,32,512,512,1703.34
78643,32,512,512,1701.31
78643,32,512,512,1698.55
78643,32,512,512,1693.98
78643,32,512,512,1692.34
78643,32,512,512,1700.76
314572,128,512,512,2954.7
314572,32,2048,512,2258.23
78643,32,512,512,1701.49
78643,32,512,512,1712.05
78643,32,512,512,1705.37
78643,32,512,512,1700.02
314572,128,512,512,2955.39
314572,32,2048,512,2268.41
78643,32,512,512,1701.13
78643,32,512,512,1698.74
78643,32,512,512,1709.45
78643,32,512,512,1707.4
314572,128,512,512,2957.76
314572,32,2048,512,2258.07
78643,32,512,512,1694.53
78643,32,512,512,1703.52
78643,32,512,512,1702.23
78643,32,512,512,1704.63
314572,128,512,512,2959.43
314572,32,2048,512,2267.92
78643,32,512,512,1702.23
78643,32,512,512,1699.1
78643,32,512,512,1696.9
78643,32,512,512,1702.6
314572,128,512,512,2963.61
314572,32,2048,512,2263.92
78643,32,512,512,1704.44
78643,32,512,512,1700.57
78643,32,512,512,1704.26
78643,32,512,512,1700.94
314572,128,512,512,2948.47
314572,32,2048,512,2262.95
78643,32,512,512,1701.86
78643,32,512,512,1702.6
78643,32,512,512,1701.68
78643,32,512,512,1711.68
314572,128,512,512,2955.95
314572,32,2048,512,2267.84
78643,32,512,512,1698.74
78643,32,512,512,1695.62
78643,32,512,512,1698.92
78643,32,512,512,1701.13
52428,32,512,512,1149.74
52428,32,512,512,1147.6
52428,32,512,512,1151.13
52428,32,512,512,1152.64
209715,128,512,512,1975.09
209715,32,2048,512,1549.14
52428,32,512,512,1148.73
52428,32,512,512,1148.98
52428,32,512,512,1150.49
52428,32,512,512,1154.42
52428,32,512,512,1150.75
52428,32,512,512,1152.39
52428,32,512,512,1152.26
52428,32,512,512,1150.62
209715,128,512,512,1978.63
209715,32,2048,512,1544.69
52428,32,512,512,1149.86
52428,32,512,512,1146.09
52428,32,512,512,1150.12
52428,32,512,512,1149.99
52428,32,512,512,1149.74
52428,32,512,512,1148.86
52428,32,512,512,1140.98
52428,32,512,512,1148.35
209715,128,512,512,1971.93
209715,32,2048,512,1554.36
52428,32,512,512,1153.02
52428,32,512,512,1148.6
52428,32,512,512,1148.98
52428,32,512,512,1153.79
52428,32,512,512,1148.48
52428,32,512,512,1148.73
52428,32,512,512,1154.17
52428,32,512,512,1148.98
209715,128,512,512,1979.28
209715,32,2048,512,1551.09
52428,32,512,512,1149.86
52428,32,512,512,1149.61
52428,32,512,512,1148.6
52428,32,512,512,1148.1
52428,32,512,512,1149.23
52428,32,512,512,1146.97
52428,32,512,512,1152.9
52428,32,512,512,1147.47
209715,128,512,512,1976.11
209715,32,2048,512,1548.8
52428,32,512,512,1152.26
52428,32,512,512,1147.72
52428,32,512,512,1148.98
52428,32,512,512,1152.01
52428,32,512,512,1151.63
52428,32,512,512,1152.9
52428,32,512,512,1153.15
52428,32,512,512,1153.79
209715,128,512,512,1980.69
209715,32,2048,512,1546.23
52428,32,512,512,1148.35
52428,32,512,512,1149.61
52428,32,512,512,1150.12
52428,32,512,512,1150.62
209716,128,512,512,1973.24
209715,32,2048,512,1545.94
52428,32,512,512,1152.52
52428,32,512,512,1150.37
52428,32,512,512,1148.6
52428,32,512,512,1153.02
209715,128,512,512,1979
209715,32,2048,512,1551.55
52428,32,512,512,1149.36
52428,32,512,512,1147.85
52428,32,512,512,1148.48
52428,32,512,512,1148.6
209715,128,512,512,1975.46
209715,32,2048,512,1552.81
52428,32,512,512,1151.76
52428,32,512,512,1148.86
52428,32,512,512,1154.17
52428,32,512,512,1148.6
209715,128,512,512,1979.85
209715,32,2048,512,1546.74
52428,32,512,512,1150.24
52428,32,512,512,1147.47
52428,32,512,512,1151.25
52428,32,512,512,1153.15
209715,128,512,512,1977.42
209715,32,2048,512,1547.83
52428,32,512,512,1149.11
52429,32,512,512,1151.78
52428,32,512,512,1155.06
52428,32,512,512,1152.14
209715,128,512,512,1975.74
209715,32,2048,512,1547.08
52428,32,512,512,1150.75
52428,32,512,512,1148.73
52428,32,512,512,1145.97
52428,32,512,512,1148.98
26214,32,512,512,650.31
26214,32,512,512,652.577
26214,32,512,512,654.532
26214,32,512,512,655.924
104857,128,512,512,1195.9
104857,32,2048,512,914.385
26214,32,512,512,653.227
26214,32,512,512,648.22
26214,32,512,512,655.842
26214,32,512,512,652.902
26214,32,512,512,651.199
26214,32,512,512,654.042
26214,32,512,512,654.451
26214,32,512,512,654.778
104857,128,512,512,1207.4
104857,32,2048,512,920.728
26214,32,512,512,654.45
26214,32,512,512,651.361
26214,32,512,512,653.065
26214,32,512,512,656.91
26214,32,512,512,655.924
26214,32,512,512,654.369
26214,32,512,512,653.309
26214,32,512,512,651.28
104857,128,512,512,1187.24
104857,32,2048,512,907.814
26214,32,512,512,653.716
26214,32,512,512,656.253
26214,32,512,512,652.577
26214,32,512,512,650.069
26214,32,512,512,656.993
26214,32,512,512,653.635
26214,32,512,512,656.91
26214,32,512,512,656.828
104857,128,512,512,1200.56
104857,32,2048,512,916.143
26214,32,512,512,654.042
26214,32,512,512,656.417
26214,32,512,512,657.075
26214,32,512,512,654.369
26214,32,512,512,655.187
26214,32,512,512,652.009
26214,32,512,512,652.577
26214,32,512,512,652.171
104857,128,512,512,1204.84
104857,32,2048,512,923.2
26214,32,512,512,654.532
26214,32,512,512,654.287
26214,32,512,512,651.037
26214,32,512,512,651.523
26214,32,512,512,660.469
26214,32,512,512,654.205
26214,32,512,512,656.581
26214,32,512,512,658.313
104857,128,512,512,1199.74
104857,32,2048,512,920.041
26214,32,512,512,652.171
26214,32,512,512,649.585
26214,32,512,512,654.941
26214,32,512,512,650.633
104857,128,512,512,1191.49
104857,32,2048,512,909.902
26214,32,512,512,656.417
26214,32,512,512,653.634
26214,32,512,512,657.652
26214,32,512,512,654.451
104857,128,512,512,1201.18
104857,32,2048,512,920.001
26214,32,512,512,652.252
26214,32,512,512,651.199
26214,32,512,512,654.205
26214,32,512,512,649.263
104857,128,512,512,1200.63
104857,32,2048,512,923.688
26214,32,512,512,657.322
26214,32,512,512,656.171
26214,32,512,512,655.269
26214,32,512,512,654.369
104857,128,512,512,1196.86
104857,32,2048,512,911.008
26214,32,512,512,655.76
26214,32,512,512,650.795
26214,32,512,512,652.658
26214,32,512,512,649.988
104857,128,512,512,1196.52
104857,32,2048,512,909.902
26214,32,512,512,657.158
26214,32,512,512,657.405
26214,32,512,512,656.417
26214,32,512,512,649.424
104857,128,512,512,1198.71
104857,32,2048,512,914.944
26214,32,512,512,652.171
26214,32,512,512,653.879
26214,32,512,512,654.451
26214,32,512,512,656.746
13107,32,512,512,430.796
13107,32,512,512,438.507
13107,32,512,512,436.899
13107,32,512,512,432.146
52428,128,512,512,920.112
52428,32,2048,512,639.326
13107,32,512,512,432.502
13107,32,512,512,437.628
13107,32,512,512,434.293
13107,32,512,512,434.726
13107,32,512,512,434.942
13107,32,512,512,434.581
13107,32,512,512,433.862
13107,32,512,512,435.231
52428,128,512,512,927.928
52428,32,2048,512,633.494
13107,32,512,512,437.482
13107,32,512,512,437.994
13107,32,512,512,435.448
13107,32,512,512,434.293
13107,32,512,512,436.535
13107,32,512,512,434.87
13107,32,512,512,432.859
13107,32,512,512,434.87
52428,128,512,512,919.305
52428,32,2048,512,628.633
13107,32,512,512,437.045
13107,32,512,512,432.645
13107,32,512,512,422.194
13107,32,512,512,432.788
13107,32,512,512,434.87
13107,32,512,512,437.482
13107,32,512,512,436.317
13107,32,512,512,435.231
52428,128,512,512,926.371
52428,32,2048,512,630.637
13107,32,512,512,434.87
13107,32,512,512,432.788
13107,32,512,512,435.52
13107,32,512,512,438.287
13107,32,512,512,432.288
13107,32,512,512,435.52
13107,32,512,512,438.214
13107,32,512,512,434.509
52428,128,512,512,911.712
52428,32,2048,512,636.996
13107,32,512,512,414.517
13107,32,512,512,438.36
13107,32,512,512,437.482
13107,32,512,512,433.934
13107,32,512,512,434.581
13107,32,512,512,432.359
13107,32,512,512,436.172
13107,32,512,512,435.086
52428,128,512,512,920.759
52428,32,2048,512,630.713
13107,32,512,512,431.79
13107,32,512,512,431.364
13107,32,512,512,425.414
13107,32,512,512,433.575
52428,128,512,512,914.494
52428,32,2048,512,629.728
13107,32,512,512,436.1
13107,32,512,512,435.303
13107,32,512,512,437.994
13107,32,512,512,434.87
52428,128,512,512,918.822
52428,32,2048,512,635.914
13107,32,512,512,432.716
13107,32,512,512,436.172
13107,32,512,512,432.788
13107,32,512,512,433.647
52428,128,512,512,919.628
52428,32,2048,512,637.267
13107,32,512,512,421.99
13107,32,512,512,434.87
13107,32,512,512,433.36
13107,32,512,512,433.145
52428,128,512,512,928.668
52428,32,2048,512,619.68
13107,32,512,512,436.754
13107,32,512,512,435.52
13107,32,512,512,433.145
13107,32,512,512,432.931
52428,128,512,512,920.92
52428,32,2048,512,629.917
13107,32,512,512,432.645
13107,32,512,512,434.942
13107,32,512,512,431.932
13107,32,512,512,432.431
52428,128,512,512,920.273
52428,32,2048,512,634.759
13107,32,512,512,435.231
13107,32,512,512,438.581
13107,32,512,512,429.104
13107,32,512,512,437.045
5242,32,512,512,220.021
5242,32,512,512,232.461
5242,32,512,512,231.537
5242,32,512,512,217.827
20971,128,512,512,444.866
20971,32,2048,512,434.902
5242,32,512,512,219.377
5242,32,512,512,231.998
5242,32,512,512,222.166
5242,32,512,512,217.963
5242,32,512,512,217.105
5242,32,512,512,230.976
5242,32,512,512,230.671
5242,32,512,512,226.339
20971,128,512,512,445.15
20971,32,2048,512,441.402
5242,32,512,512,217.556
5242,32,512,512,221.837
5242,32,512,512,221.79
5242,32,512,512,217.781
5242,32,512,512,231.793
5242,32,512,512,232.771
5242,32,512,512,231.333
5242,32,512,512,233.185
20971,128,512,512,440.012
20971,32,2048,512,439.413
5242,32,512,512,220.299
5242,32,512,512,218.371
5242,32,512,512,232.101
5242,32,512,512,230.976
5242,32,512,512,219.422
5242,32,512,512,221.182
5242,32,512,512,231.435
5242,32,512,512,223.922
20971,128,512,512,437.078
20971,32,2048,512,441.169
5242,32,512,512,220.067
5242,32,512,512,233.185
5242,32,512,512,219.285
5242,32,512,512,232.204
5242,32,512,512,226.583
5242,32,512,512,233.237
5242,32,512,512,231.537
5242,32,512,512,219.514
20971,128,512,512,441.681
20971,32,2048,512,435.038
5242,32,512,512,230.317
5242,32,512,512,219.239
5242,32,512,512,220.762
5242,32,512,512,222.827
5242,32,512,512,232.513
5242,32,512,512,222.496
5242,32,512,512,231.333
5242,32,512,512,222.496
20971,128,512,512,443.268
20971,32,2048,512,444.254
5242,32,512,512,219.239
5242,32,512,512,230.874
5242,32,512,512,223.112
5242,32,512,512,220.716
20971,128,512,512,440.428
20971,32,2048,512,442.239
5242,32,512,512,231.129
5242,32,512,512,231.129
5242,32,512,512,226.095
5242,32,512,512,233.861
20971,128,512,512,446.476
20971,32,2048,512,443.174
5242,32,512,512,221.322
5242,32,512,512,232.461
5242,32,512,512,220.021
5242,32,512,512,221.931
20971,128,512,512,439.736
20971,32,2048,512,427.5
5242,32,512,512,220.067
5242,32,512,512,226.241
5242,32,512,512,221.368
5242,32,512,512,232.153
20971,128,512,512,439.69
20971,32,2048,512,442.8
5242,32,512,512,232.101
5242,32,512,512,232.204
5242,32,512,512,233.03
5242,32,512,512,218.508
20971,128,512,512,438.586
20971,32,2048,512,444.112
5242,32,512,512,230.317
5242,32,512,512,224.017
5242,32,512,512,217.963
5242,32,512,512,232.823
20971,128,512,512,438.862
20971,32,2048,512,443.502
5242,32,512,512,219.79
5242,32,512,512,232.513
5242,32,512,512,232.513
5242,32,512,512,222.072
144656,32,512,512,3155.67
145219,32,512,512,3163.47
143086,32,512,512,3115.65
134140,32,512,512,2924.99
617373,128,512,512,5836.66
511909,32,2048,512,3641.92
152784,32,512,512,3316.35
177501,32,512,512,3873.03
138819,32,512,512,3009.63
175788,32,512,512,3835.66
148318,32,512,512,3239.8
146820,32,512,512,3208.48
139898,32,512,512,3057.55
135158,32,512,512,2939.18
605239,128,512,512,5734.42
498916,32,2048,512,3526.9
135302,32,512,512,2947.44
167130,32,512,512,3644.75
127129,32,512,512,2771.51
160282,32,512,512,3501.9
137228,32,512,512,2992
141001,32,512,512,3079.97
127709,32,512,512,2782.03
127997,32,512,512,2785.57
614701,128,512,512,5805.09
495116,32,2048,512,3508.72
141404,32,512,512,3070
162547,32,512,512,3544.81
133241,32,512,512,2906.66
157924,32,512,512,3450.39
140148,32,512,512,3059
155781,32,512,512,3400.59
131610,32,512,512,2866.39
141524,32,512,512,3070.6
622718,128,512,512,5898.91
500156,32,2048,512,3544.69
145809,32,512,512,3181.17
161899,32,512,512,3534.53
134961,32,512,512,2947.07
157923,32,512,512,3431.99
144846,32,512,512,3157.07
169827,32,512,512,3703.97
137419,32,512,512,2996.82
157723,32,512,512,3434.36
638805,128,512,512,5998.74
520728,32,2048,512,3699
138115,32,512,512,3013.31
151839,32,512,512,3306.6
128572,32,512,512,2807.56
149774,32,512,512,3272.32
147527,32,512,512,3222.88
166724,32,512,512,3643.84
145068,32,512,512,3168.81
157919,32,512,512,3445.01
662743,128,512,512,6270.04
529525,32,2048,512,3739.05
123866,32,512,512,2698.9
147677,32,512,512,3224.39
110753,32,512,512,2408.46
145625,32,512,512,3180.63
485342,128,512,512,4565.56
372276,32,2048,512,2677.28
137762,32,512,512,3011.85
152588,32,512,512,3331.62
124825,32,512,512,2717.13
152847,32,512,512,3334
472169,128,512,512,4441.85
364688,32,2048,512,2787.71
105892,32,512,512,2263.37
152424,32,512,512,3324.05
96613,32,512,512,2112.69
141359,32,512,512,3083.41
498329,128,512,512,4680.25
374306,32,2048,512,2811.26
111037,32,512,512,2398.73
141993,32,512,512,3098.93
105115,32,512,512,2276.7
131116,32,512,512,2857.49
521358,128,512,512,4897.91
382228,32,2048,512,2766.56
112897,32,512,512,2441.02
135583,32,512,512,2956.46
105657,32,512,512,2269.27
124591,32,512,512,2708.21
524195,128,512,512,4923.41
379576,32,2048,512,2759.95
123414,32,512,512,2691.69
142424,32,512,512,3111.05
114404,32,512,512,2489.21
133618,32,512,512,2907.59
518126,128,512,512,4870.29
360766,32,2048,512,2596.65
127963,32,512,512,2788.78
137811,32,512,512,3003.73
119801,32,512,512,2607.21
131226,32,512,512,2847.79
110054,32,512,512,2354.1
100849,32,512,512,2213.54
69340,32,512,512,1521.62
69926,32,512,512,1535.15
520881,128,512,512,4893.2
420270,32,2048,512,3004.72
176573,32,512,512,3861.63
164906,32,512,512,3596.25
119346,32,512,512,2568.51
163179,32,512,512,3563.25
131179,32,512,512,2863.24
106332,32,512,512,2282.78
80702,32,512,512,1768.23
75910,32,512,512,1659.78
434108,128,512,512,4084.76
364167,32,2048,512,2620.19
115824,32,512,512,2501.06
118372,32,512,512,2554.42
73184,32,512,512,1594.25
95756,32,512,512,2080.98
132447,32,512,512,2890.28
106685,32,512,512,2327.84
85843,32,512,512,1861.9
78662,32,512,512,1713.77
451905,128,512,512,4237.07
377715,32,2048,512,2702.98
131164,32,512,512,2828.64
130939,32,512,512,2848.67
81929,32,512,512,1778.36
114764,32,512,512,2498.67
133557,32,512,512,2918.32
114906,32,512,512,2498.77
86931,32,512,512,1866.07
87415,32,512,512,1893.54
480220,128,512,512,4515.05
389027,32,2048,512,2766.51
144587,32,512,512,3154.17
131025,32,512,512,2855.51
92656,32,512,512,1999.05
115987,32,512,512,2522.01
144703,32,512,512,3152.92
128707,32,512,512,2797.37
97146,32,512,512,2093.21
100981,32,512,512,2179.84
519534,128,512,512,4872.77
435213,32,2048,512,3096.5
151362,32,512,512,3301.61
131393,32,512,512,2863.22
95590,32,512,512,2063.69
119793,32,512,512,2610.44
145197,32,512,512,3170.24
145080,32,512,512,3169.07
101998,32,512,512,2219.04
112628,32,512,512,2438.36
562881,128,512,512,5329.81
463789,32,2048,512,3288.46
130724,32,512,512,2848.33
106538,32,512,512,2311.77
68242,32,512,512,1487.24
94758,32,512,512,2051.04
464225,128,512,512,4349.73
348379,32,2048,512,2725.97
157973,32,512,512,3449.57
128921,32,512,512,2804.46
96673,32,512,512,2106.63
122165,32,512,512,2657.5
225571,128,512,512,2167.28
205326,32,2048,512,1923.88
65235,32,512,512,1432.79
83880,32,512,512,1943.91
37002,32,512,512,859.013
58084,32,512,512,1278.54
281342,128,512,512,2660.95
253598,32,2048,512,2075.1
84469,32,512,512,1840.08
98998,32,512,512,2168.4
45258,32,512,512,1007.52
74105,32,512,512,1617.13
291371,128,512,512,2749.82
256402,32,2048,512,2066.51
109587,32,512,512,2389.86
99608,32,512,512,2167.51
60842,32,512,512,1328.72
76770,32,512,512,1669.46
301623,128,512,512,2827.5
236448,32,2048,512,1848.62
116101,32,512,512,2532.47
93737,32,512,512,2043.09
69341,32,512,512,1509.71
72872,32,512,512,1593.35
266304,128,512,512,2506.16
179846,32,2048,512,1561.5
118976,32,512,512,2593.77
87654,32,512,512,1907.39
69802,32,512,512,1523.4
68146,32,512,512,1477.26
69048,32,512,512,1517.71
70699,32,512,512,1564.31
55824,32,512,512,1249.98
51977,32,512,512,1151.97
440834,128,512,512,4136.38
349724,32,2048,512,2500.08
142988,32,512,512,3112.16
140146,32,512,512,3046.32
102718,32,512,512,2222.13
144324,32,512,512,3156.01
90907,32,512,512,1978.82
79001,32,512,512,1721.72
71333,32,512,512,1560.9
59864,32,512,512,1320.48
350127,128,512,512,3281.11
278118,32,2048,512,2006.41
77453,32,512,512,1681.02
97490,32,512,512,2112.69
58782,32,512,512,1284.71
79224,32,512,512,1728.84
72798,32,512,512,1589.13
80140,32,512,512,1738.58
60387,32,512,512,1322.68
59524,32,512,512,1306.93
377531,128,512,512,3532.12
301616,32,2048,512,2179.23
85602,32,512,512,1870.06
106244,32,512,512,2316.96
64319,32,512,512,1394
92139,32,512,512,1987.04
80374,32,512,512,1745.93
91729,32,512,512,1987.63
68532,32,512,512,1501.41
70060,32,512,512,1532.54
413100,128,512,512,3892.21
326865,32,2048,512,2349.69
100219,32,512,512,2179.86
112406,32,512,512,2452.41
76218,32,512,512,1647.96
99957,32,512,512,2163.57
89251,32,512,512,1929.54
113306,32,512,512,2463.18
75834,32,512,512,1650.18
88878,32,512,512,1921.27
454699,128,512,512,4271.08
370593,32,2048,512,2641.62
99341,32,512,512,2153.74
113026,32,512,512,2459.23
75788,32,512,512,1648.28
103039,32,512,512,2241.69
95971,32,512,512,2092.7
126777,32,512,512,2770.18
84980,32,512,512,1825.17
99415,32,512,512,2147.43
483495,128,512,512,4540.29
392291,32,2048,512,2791.41
78700,32,512,512,1706.23
89338,32,512,512,1936.87
60344,32,512,512,1312.68
81600,32,512,512,1759
377485,128,512,512,3545.63
263284,32,2048,512,2055.06
125652,32,512,512,2734.84
98723,32,512,512,2124.9
91651,32,512,512,1973.11
101724,32,512,512,2203.73
139876,128,512,512,1471.91
104165,32,2048,512,1187.74
40729,32,512,512,905.995
59136,32,512,512,1315.01
32292,32,512,512,760.886
38547,32,512,512,870.037
194581,128,512,512,1979.66
150283,32,2048,512,1397.72
42786,32,512,512,957.717
66156,32,512,512,1451.75
33491,32,512,512,789.324
47033,32,512,512,1047.04
247017,128,512,512,2349.86
179358,32,2048,512,1469.43
55210,32,512,512,1214.07
68722,32,512,512,1511.2
40973,32,512,512,920.948
52095,32,512,512,1156.13
248270,128,512,512,2341.29
172574,32,2048,512,1392.46
71451,32,512,512,1540.06
73260,32,512,512,1605.88
54975,32,512,512,1212.51
59423,32,512,512,1315.4
222621,128,512,512,2107.75
136351,32,2048,512,1221.07
74612,32,512,512,1625.18
68003,32,512,512,1490.48
58713,32,512,512,1286.3
55485,32,512,512,1212.92
55839,32,512,512,1271.09
47152,32,512,512,1332.35
40749,32,512,512,947.1
31688,32,512,512,735.39
246942,128,512,512,2322.3
187181,32,2048,512,1488.16
108105,32,512,512,2357.8
107497,32,512,512,2321.75
65349,32,512,512,1430.11
112066,32,512,512,2413.92
53552,32,512,512,1189.25
46022,32,512,512,1163.49
38979,32,512,512,884.78
28332,32,512,512,667.893
181465,128,512,512,1755.66
138731,32,2048,512,1284.9
44787,32,512,512,1001.72
56702,32,512,512,1315.59
30654,32,512,512,704.77
40235,32,512,512,899.91
49209,32,512,512,1081.04
55295,32,512,512,1215.28
37240,32,512,512,837.324
33400,32,512,512,783.118
209478,128,512,512,1976.67
170877,32,2048,512,1409.53
59402,32,512,512,1300.54
78627,32,512,512,1716.56
40400,32,512,512,909.602
58892,32,512,512,1283.89
51857,32,512,512,1140.47
60576,32,512,512,1323.34
42887,32,512,512,956.659
40323,32,512,512,914.561
249613,128,512,512,2351.73
196462,32,2048,512,1514.63
65126,32,512,512,1418.4
73887,32,512,512,1608.34
44367,32,512,512,982.549
60688,32,512,512,1321.6
60021,32,512,512,1313.95
83964,32,512,512,1813.48
47934,32,512,512,1056.86
56646,32,512,512,1248.26
302452,128,512,512,2827.84
246814,32,2048,512,1800.71
65341,32,512,512,1418.92
81599,32,512,512,1769.47
45839,32,512,512,1010.34
66444,32,512,512,1451.85
63673,32,512,512,1392.06
94580,32,512,512,2045.64
54191,32,512,512,1190.1
65642,32,512,512,1449.37
343356,128,512,512,3227.64
257197,32,2048,512,1875.51
41783,32,512,512,931.72
52641,32,512,512,1154.79
29547,32,512,512,694.815
42360,32,512,512,943.535
216719,128,512,512,2040.77
149618,32,2048,512,1414.49
81604,32,512,512,1787.02
64242,32,512,512,1417.99
43030,32,512,512,964.257
61783,32,512,512,1358.76
48481,128,512,512,752.052
38360,32,2048,512,847.923
18164,32,512,512,456.44
29508,32,512,512,1041.21
13422,32,512,512,355.833
18682,32,512,512,437.415
101911,128,512,512,1235.73
82333,32,2048,512,1099.82
19741,32,512,512,497.882
38241,32,512,512,1147.86
15129,32,512,512,405.712
25640,32,512,512,614.279
114133,128,512,512,1301.92
85304,32,2048,512,1077.27
36347,32,512,512,826.631
44755,32,512,512,1115.67
25265,32,512,512,635.838
30012,32,512,512,710.596
115983,128,512,512,1300.99
83975,32,2048,512,1091.36
48912,32,512,512,1084.4
44247,32,512,512,1090.5
33185,32,512,512,781.099
27808,32,512,512,668.703
83494,128,512,512,1041.79
48292,32,2048,512,825.927
42541,32,512,512,949.364
43863,32,512,512,1024.24
30263,32,512,512,702.157
31688,32,512,512,724.545
34247,32,512,512,840.211
19404,32,512,512,817.872
16396,32,512,512,402.999
11969,32,512,512,296.079
104673,128,512,512,1192.04
81975,32,2048,512,1005.89
97078,32,512,512,2149.65
69893,32,512,512,1629.21
25760,32,512,512,603.986
69617,32,512,512,1545.33
48869,32,512,512,1119.31
21820,32,512,512,721.321
15338,32,512,512,373.869
10662,32,512,512,276.899
41663,128,512,512,645.189
36012,32,2048,512,802.049
42364,32,512,512,947.74
32657,32,512,512,888.868
13187,32,512,512,393.173
17178,32,512,512,453.425
50871,32,512,512,1130.72
27364,32,512,512,826.333
15168,32,512,512,441.251
13381,32,512,512,376.877
52212,128,512,512,787.097
48390,32,2048,512,937.336
55223,32,512,512,1219.45
42626,32,512,512,1002.02
15872,32,512,512,458.001
24727,32,512,512,626.159
54011,32,512,512,1196.26
38147,32,512,512,914.687
17464,32,512,512,459.217
16461,32,512,512,459.869
72869,128,512,512,970.939
71587,32,2048,512,1074.48
66349,32,512,512,1450.89
49036,32,512,512,1086.31
18628,32,512,512,507.298
30148,32,512,512,711.877
63533,32,512,512,1390.22
47347,32,512,512,1042.31
19514,32,512,512,535.805
23243,32,512,512,626.327
100398,128,512,512,1152.41
85572,32,2048,512,1030.99
58607,32,512,512,1277.4
37223,32,512,512,877.074
14595,32,512,512,447.562
23119,32,512,512,584.182
70285,32,512,512,1535.95
56422,32,512,512,1237.46
21842,32,512,512,576.992
27155,32,512,512,735.609
130289,128,512,512,1367.65
90678,32,2048,512,916.589
48564,32,512,512,1071.58
26377,32,512,512,708.393
9201,32,512,512,310.059
16237,32,512,512,448.165
58872,128,512,512,817.781
55804,32,2048,512,942.474
69433,32,512,512,1529.87
57004,32,512,512,1489.52
12532,32,512,512,352.816
53312,32,512,512,1209.3
19051,128,512,512,391.111
20119,32,2048,512,667.517
10834,32,512,512,282.909
21594,32,512,512,801.113
3649,32,512,512,150.196
14972,32,512,512,383.947
19537,128,512,512,392.152
20744,32,2048,512,685.071
32975,32,512,512,761.107
19159,32,512,512,773.945
8520,32,512,512,258.378
9463,32,512,512,246.689
21054,128,512,512,425.677
21606,32,2048,512,742.857
19284,32,512,512,502.188
16852,32,512,512,639.666
5429,32,512,512,202.65
8863,32,512,512,273.339
20900,128,512,512,416.293
18007,32,2048,512,601.938
29744,32,512,512,721.154
15941,32,512,512,567.8
7369,32,512,512,256.179
9554,32,512,512,276.087
16100,128,512,512,352.645
9871,32,2048,512,398.748
32053,32,512,512,746.72
18132,32,512,512,592.936
7471,32,512,512,262.786
12811,32,512,512,330.265
17538,32,512,512,438.505
9689,32,512,512,477.291
9630,32,512,512,245.946
5732,32,512,512,164.997
49727,128,512,512,780.338
41575,32,2048,512,727.217
60339,32,512,512,1347.3
33846,32,512,512,1006.87
10762,32,512,512,321.494
34845,32,512,512,819.111
27165,32,512,512,657.748
12022,32,512,512,485.052
7018,32,512,512,215.839
4981,32,512,512,155.075
18329,128,512,512,383.894
18724,32,2048,512,587.329
20384,32,512,512,517.36
20795,32,512,512,647.82
5704,32,512,512,207.004
9461,32,512,512,279.004
21954,32,512,512,590.241
12498,32,512,512,457.3
5460,32,512,512,216.323
4860,32,512,512,178.055
19355,128,512,512,402.558
20125,32,2048,512,597.625
29397,32,512,512,710.931
26491,32,512,512,710.024
6978,32,512,512,252.551
12252,32,512,512,377.915
23425,32,512,512,579.253
20550,32,512,512,636.914
6200,32,512,512,224.029
7340,32,512,512,257.453
25190,128,512,512,467.824
29575,32,2048,512,715.755
33448,32,512,512,771.402
35320,32,512,512,855.931
8490,32,512,512,290.455
16466,32,512,512,450.137
25495,32,512,512,656.665
36244,32,512,512,840.148
7017,32,512,512,251.731
11888,32,512,512,360.625
33082,128,512,512,558.11
44738,32,2048,512,905.353
25079,32,512,512,625.022
31458,32,512,512,828.497
6391,32,512,512,241.808
14370,32,512,512,404.675
44130,32,512,512,990.572
37424,32,512,512,863.896
10100,32,512,512,330.335
15476,32,512,512,500.679
42127,128,512,512,681.777
29857,32,2048,512,585.144
18768,32,512,512,507.655
14559,32,512,512,474.543
3701,32,512,512,161.334
9011,32,512,512,299.021
26707,128,512,512,467.969
26895,32,2048,512,655.256
46041,32,512,512,1026.44
39819,32,512,512,1049.53
5371,32,512,512,193.969
35052,32,512,512,784.073
3789,128,512,512,158.702
3298,32,2048,512,194.343
10357,32,512,512,284.455
5954,32,512,512,337.816
2109,32,512,512,103.256
2920,32,512,512,103.97
3678,128,512,512,140.919
3035,32,2048,512,197.784
3920,32,512,512,150.827
6539,32,512,512,332.605
1294,32,512,512,79.582
3906,32,512,512,132.631
6591,128,512,512,218.462
6228,32,2048,512,295.587
10973,32,512,512,308.447
10235,32,512,512,453.278
2888,32,512,512,132.386
6614,32,512,512,201.8
5856,128,512,512,204.113
5056,32,2048,512,263.884
21060,32,512,512,529.279
9576,32,512,512,411.783
4067,32,512,512,162.032
4228,32,512,512,151.216
4933,128,512,512,184.136
2797,32,2048,512,165.21
16062,32,512,512,439.814
8583,32,512,512,353.283
3442,32,512,512,149.88
6578,32,512,512,204.001
0,32,512,512,0
929,32,512,512,76.21
0,32,512,512,0
246,32,512,512,18.1349
14047,128,512,512,344.627
20596,32,2048,512,651.979
22905,32,512,512,550.271
27236,32,512,512,843.09
5473,32,512,512,165.223
25435,32,512,512,599.741
0,32,512,512,0
77,32,512,512,6.57558
0,32,512,512,0
19,32,512,512,1.64289
1932,128,512,512,90.982
1833,32,2048,512,125.849
8299,32,512,512,283.872
20258,32,512,512,692.936
4656,32,512,512,173.699
6968,32,512,512,226.971
39,32,512,512,3.33191
6,32,512,512,0.524934
8,32,512,512,0.700219
20,32,512,512,1.73536
1005,128,512,512,51.3018
960,32,2048,512,79.0448
15889,32,512,512,416.707
26465,32,512,512,815.689
4629,32,512,512,184.422
9380,32,512,512,293.446
2992,32,512,512,103.172
1844,32,512,512,149.191
640,32,512,512,40.5706
401,32,512,512,26.2864
1423,128,512,512,72.0508
1698,32,2048,512,134.976
13471,32,512,512,382.21
25799,32,512,512,816.038
5084,32,512,512,199.294
10880,32,512,512,323.473
10658,32,512,512,284.062
7785,32,512,512,388.183
5360,32,512,512,168.236
2762,32,512,512,96.7764
1185,128,512,512,54.5329
1198,32,2048,512,95.1926
4459,32,512,512,164.085
4413,32,512,512,230.927
1897,32,512,512,94.8027
1883,32,512,512,88.1968
30410,32,512,512,745.526
23696,32,512,512,831.438
14210,32,512,512,441.923
7168,32,512,512,261.988
1373,128,512,512,53.6747
1671,32,2048,512,132.672
5531,32,512,512,193.392
2353,32,512,512,157.76
2904,32,512,512,118.241
743,32,512,512,46.9956
0,128,512,512,0
0,32,2048,512,0
9554,32,512,512,292.529
19357,32,512,512,631.858
5442,32,512,512,198.903
13274,32,512,512,345.407
0,128,512,512,0
0,32,2048,512,0
1670,32,512,512,84.4502
1644,32,512,512,136.036
1203,32,512,512,66.3542
301,32,512,512,21.8353
159,128,512,512,8.37064
274,32,2048,512,23.5294
87,32,512,512,7.44544
193,32,512,512,16.4816
15,32,512,512,1.29814
19,32,512,512,1.6565
0,128,512,512,0
0,32,2048,512,0
0,32,512,512,0
0,32,512,512,0
0,32,512,512,0
0,32,512,512,0
0,128,512,512,0
0,32,2048,512,0
0,32,512,512,0
0,32,512,512,0
0,32,512,512,0
0,32,512,512,0
0,128,512,512,0
0,32,2048,512,0
0,32,512,512,0
0,32,512,512,0
0,32,512,512,0
0,32,512,512,0
