128761,64,512,512,3225.67
132877,64,512,512,9730.13
142349,64,512,512,11095.3
122501,64,512,512,9576.47
657561,256,512,512,27469.9
587093,64,2048,512,15754.3
158760,64,512,512,12576.9
161312,64,512,512,12711.1
154701,64,512,512,12214.6
163812,64,512,512,11017.2
138452,64,512,512,9907.57
140197,64,512,512,9993.33
139415,64,512,512,10008
130440,64,512,512,9386.92
615379,256,512,512,23379.6
552458,64,2048,512,13596.2
122396,64,512,512,8816.57
163814,64,512,512,11818.9
119017,64,512,512,8585.15
156550,64,512,512,11350.9
130692,64,512,512,9446.27
144385,64,512,512,10544.6
131820,64,512,512,9667.11
133155,64,512,512,9712.48
629035,256,512,512,23757.6
550086,64,2048,512,13511.5
129969,64,512,512,9392.52
164324,64,512,512,11887.9
131426,64,512,512,9614.86
157607,64,512,512,11375.5
132401,64,512,512,9613.66
158040,64,512,512,11363.7
136023,64,512,512,9804.79
146596,64,512,512,10602.3
640824,256,512,512,24258.7
560424,64,2048,512,13790.9
133334,64,512,512,9693.72
165516,64,512,512,11988.8
134172,64,512,512,9889.91
161231,64,512,512,11779.4
128782,64,512,512,9515.84
171580,64,512,512,12517.8
135490,64,512,512,9979.47
157572,64,512,512,11512.9
655737,256,512,512,21237.8
588044,64,2048,512,14357
125661,64,512,512,9126.75
154825,64,512,512,11224.3
127452,64,512,512,9270.93
153730,64,512,512,11031.4
129316,64,512,512,9498.93
176891,64,512,512,12813.8
141501,64,512,512,10213
161782,64,512,512,11690.8
673253,256,512,512,25484.2
611291,64,2048,512,14967.5
102691,64,512,512,7427.59
136832,64,512,512,9920.98
105460,64,512,512,7708.89
134494,64,512,512,9772.72
546132,256,512,512,20609.7
478771,64,2048,512,11865.1
126309,64,512,512,9147.65
127433,64,512,512,9248.73
124950,64,512,512,8986.18
136926,64,512,512,10002.8
512834,256,512,512,19476.3
430911,64,2048,512,10827.2
89535,64,512,512,6644.99
142150,64,512,512,10385.9
83912,64,512,512,6242.58
126151,64,512,512,8983.72
526135,256,512,512,19962
434134,64,2048,512,10880
100634,64,512,512,7277.98
132334,64,512,512,9456.65
96583,64,512,512,7019.91
120956,64,512,512,8801.2
527460,256,512,512,19865.5
428269,64,2048,512,10753.5
103808,64,512,512,7545.9
127274,64,512,512,9217.12
102659,64,512,512,7478.18
119034,64,512,512,8566.3
529427,256,512,512,19980.3
424951,64,2048,512,10697.9
117377,64,512,512,8367.27
122898,64,512,512,8770.99
114955,64,512,512,8290.46
118573,64,512,512,8580.59
504860,256,512,512,19065.5
400093,64,2048,512,10145.1
115234,64,512,512,8155.45
120376,64,512,512,7755.25
114692,64,512,512,7718.33
119087,64,512,512,8417.16
7941902,4161,512,512,23980.8
82388,64,512,512,6104.09
95040,64,512,512,6898.83
95047,64,512,512,6950.26
81972,64,512,512,5922.3
559163,256,512,512,21094.3
479025,64,2048,512,11812.1
123005,64,512,512,9036.39
134139,64,512,512,9560.23
117970,64,512,512,8561.74
136606,64,512,512,9940.86
108827,64,512,512,7985.47
113602,64,512,512,8232.96
110167,64,512,512,8103.68
103331,64,512,512,7592.99
500782,256,512,512,18943.7
433174,64,2048,512,10738.7
83660,64,512,512,6197.18
139159,64,512,512,10035.4
79680,64,512,512,5904
128804,64,512,512,9339.55
93269,64,512,512,6739.09
116477,64,512,512,8440.36
96336,64,512,512,7108.52
100708,64,512,512,7297.52
513866,256,512,512,19456.3
431100,64,2048,512,10766.6
94610,64,512,512,6950.39
138919,64,512,512,10107.1
97046,64,512,512,7095.79
129913,64,512,512,9452.73
91737,64,512,512,6688.2
128003,64,512,512,9258.6
97528,64,512,512,7111.05
111611,64,512,512,8092.34
530735,256,512,512,20108.6
446252,64,2048,512,11052.7
96734,64,512,512,7030.25
139126,64,512,512,10096.2
97673,64,512,512,7123.73
132027,64,512,512,9692.95
99926,64,512,512,7255.81
146522,64,512,512,10531
105672,64,512,512,7681.05
131348,64,512,512,9601.25
560299,256,512,512,21198.1
483219,64,2048,512,11939.2
99871,64,512,512,7240.64
139835,64,512,512,9889.54
100632,64,512,512,7284.59
135476,64,512,512,9962.85
100073,64,512,512,7260.22
158983,64,512,512,11514.5
110849,64,512,512,8026.18
140232,64,512,512,10313.6
584554,256,512,512,22151.6
515851,64,2048,512,12732.4
72786,64,512,512,5369.68
111169,64,512,512,8075.48
75465,64,512,512,5496.61
108697,64,512,512,7873.21
418763,256,512,512,15891.2
331624,64,2048,512,8696.4
104724,64,512,512,7660.34
104369,64,512,512,7646.08
100685,64,512,512,7433.03
114837,64,512,512,8348.18
384080,256,512,512,14709.2
294467,64,2048,512,7788.07
52376,64,512,512,4074.37
108226,64,512,512,7972.27
49216,64,512,512,3954.98
88225,64,512,512,6504.77
390912,256,512,512,14957.1
292071,64,2048,512,7764.42
68275,64,512,512,5161.84
97898,64,512,512,7080.91
65237,64,512,512,4926.57
82951,64,512,512,6091.08
395711,256,512,512,15094.1
291221,64,2048,512,7735.27
71474,64,512,512,5289.72
99155,64,512,512,7279.44
69597,64,512,512,5174.5
91595,64,512,512,6631.16
386282,256,512,512,14765.3
286061,64,2048,512,7609.45
74946,64,512,512,5585.69
93347,64,512,512,6824.24
73526,64,512,512,5498.56
87577,64,512,512,6461.76
372892,256,512,512,14258.2
268393,64,2048,512,7190.64
83966,64,512,512,6160.67
91238,64,512,512,6628.11
82765,64,512,512,6130.89
85516,64,512,512,6298.51
6970877,4161,512,512,21156.4
48820,64,512,512,3722.01
61079,64,512,512,4814.35
59699,64,512,512,4510.06
49720,64,512,512,3819.84
457008,256,512,512,17461.4
380232,64,2048,512,9626.2
100329,64,512,512,7325.13
112503,64,512,512,8097.39
94479,64,512,512,6983.9
114846,64,512,512,8328.78
82527,64,512,512,6217.31
86541,64,512,512,4912.3
84021,64,512,512,5782.96
74658,64,512,512,5010.71
371268,256,512,512,14070.2
296938,64,2048,512,7780.5
59207,64,512,512,4472.57
110975,64,512,512,8002.53
55989,64,512,512,3781.13
99131,64,512,512,6832.79
59373,64,512,512,4380.06
88269,64,512,512,6287.67
64712,64,512,512,4886
69763,64,512,512,5212.76
383955,256,512,512,14639.4
302682,64,2048,512,7844.93
75307,64,512,512,5474.63
120987,64,512,512,8570.76
74395,64,512,512,5591.9
110489,64,512,512,7998.3
69106,64,512,512,5229.73
107546,64,512,512,7837.74
74384,64,512,512,5591.73
86780,64,512,512,6391.75
406737,256,512,512,15589.6
316678,64,2048,512,8148.74
75207,64,512,512,5539.09
115311,64,512,512,8224.39
77122,64,512,512,5646.73
106452,64,512,512,7663.42
75019,64,512,512,5543.24
125521,64,512,512,9109.55
83525,64,512,512,6139.43
105434,64,512,512,7711.04
445126,256,512,512,16849.9
360576,64,2048,512,9086.66
66207,64,512,512,4949.94
107436,64,512,512,7760.44
69103,64,512,512,5166.94
100659,64,512,512,7275.84
80509,64,512,512,5957.7
140067,64,512,512,10274.7
94610,64,512,512,6930.82
117697,64,512,512,8623.28
469702,256,512,512,17809.2
393501,64,2048,512,9771.03
53044,64,512,512,4092.02
91720,64,512,512,6671.46
54347,64,512,512,4140.73
87767,64,512,512,6378.85
319674,256,512,512,12431.3
246891,64,2048,512,7060.71
64552,64,512,512,4946.04
73664,64,512,512,5510.55
61364,64,512,512,4740.48
83434,64,512,512,6159.34
237924,256,512,512,10093.8
152630,64,2048,512,4994.13
32419,64,512,512,2849.79
75766,64,512,512,5819.48
30510,64,512,512,2674.26
57281,64,512,512,4310.9
239685,256,512,512,10011.9
155797,64,2048,512,5138.16
43886,64,512,512,3517.3
73089,64,512,512,5653.76
39292,64,512,512,3185.01
62094,64,512,512,4628.27
241817,256,512,512,9999.55
154531,64,2048,512,5149.21
49628,64,512,512,3897.84
57036,64,512,512,4594.12
48540,64,512,512,3787.1
49310,64,512,512,3803.69
219154,256,512,512,9217.24
147362,64,2048,512,4966.23
33528,64,512,512,2874.7
53373,64,512,512,4473.27
34631,64,512,512,2961.81
44365,64,512,512,3585.6
195846,256,512,512,8395.39
120625,64,2048,512,3618.64
54241,64,512,512,3641.1
71756,64,512,512,4965.81
51254,64,512,512,3944.42
64594,64,512,512,4616.64
5924545,4161,512,512,18378.4
45935,64,512,512,3454.65
46296,64,512,512,3511.43
52919,64,512,512,3849.01
38370,64,512,512,2869.79
331367,256,512,512,12844.3
265406,64,2048,512,7088.36
65174,64,512,512,4848.92
85635,64,512,512,6327.96
59884,64,512,512,4481.08
89665,64,512,512,6528.22
45262,64,512,512,3525.94
57303,64,512,512,4610.99
48014,64,512,512,3611.01
44781,64,512,512,3465.19
250381,256,512,512,10237.1
189258,64,2048,512,5613.83
40322,64,512,512,3270.73
85967,64,512,512,6312.84
36932,64,512,512,3034.52
74639,64,512,512,5640.45
44052,64,512,512,3549.63
61540,64,512,512,4715.94
47508,64,512,512,3825.99
46746,64,512,512,3814.25
265383,256,512,512,10708.4
195030,64,2048,512,5826.08
42118,64,512,512,3395.59
91334,64,512,512,6664.74
42774,64,512,512,3397.38
79227,64,512,512,5861.07
38467,64,512,512,3208.68
71031,64,512,512,5422.09
44005,64,512,512,3640.82
53746,64,512,512,4276.91
283233,256,512,512,11248.8
202509,64,2048,512,5966.45
46461,64,512,512,3766.22
78908,64,512,512,5833.29
48194,64,512,512,3911.36
72580,64,512,512,5434.93
43854,64,512,512,3616.92
96524,64,512,512,7036.56
51673,64,512,512,4101.24
76538,64,512,512,5678.69
320489,256,512,512,12394.4
247453,64,2048,512,6816.65
40847,64,512,512,3375.88
81975,64,512,512,5985.49
42541,64,512,512,3482.6
75412,64,512,512,5603.2
49860,64,512,512,4010.76
110313,64,512,512,8019.67
61547,64,512,512,4753.7
88378,64,512,512,6560.49
345592,256,512,512,13275.1
274829,64,2048,512,7410.22
25374,64,512,512,2104.42
60536,64,512,512,4730.3
25890,64,512,512,2247.52
57422,64,512,512,4282.43
209395,256,512,512,7984.18
151186,64,2048,512,4953.42
32695,64,512,512,2586.89
42140,64,512,512,3463.77
30524,64,512,512,2551.71
49135,64,512,512,3849.95
126254,256,512,512,6113.53
76575,64,2048,512,3475.2
17164,64,512,512,1760.8
52044,64,512,512,4339.38
14299,64,512,512,1508.38
37690,64,512,512,2925.89
146819,256,512,512,6843.41
84761,64,2048,512,3662.52
23183,64,512,512,2181.22
49133,64,512,512,4195.82
21266,64,512,512,2049.55
36818,64,512,512,2996.38
144374,256,512,512,6715.65
87498,64,2048,512,3712.66
20567,64,512,512,1880.3
39685,64,512,512,3603.12
19186,64,512,512,1811.5
32050,64,512,512,2495.56
133310,256,512,512,6411.73
81004,64,2048,512,3379.44
25603,64,512,512,2270.59
40168,64,512,512,3562.37
23381,64,512,512,2112.76
32959,64,512,512,2615.73
117647,256,512,512,5488.7
69633,64,2048,512,2867.14
23953,64,512,512,2144.82
31670,64,512,512,2871.42
22904,64,512,512,2143.31
28133,64,512,512,2377.79
4045117,4161,512,512,13887.4
34335,64,512,512,2743.03
29747,64,512,512,2671.86
42332,64,512,512,3234
23730,64,512,512,2030.81
165318,256,512,512,7451.37
114116,64,2048,512,4257.02
34464,64,512,512,2865.73
60724,64,512,512,4669.28
30956,64,512,512,2553.14
62144,64,512,512,4712.68
27947,64,512,512,2255.33
32084,64,512,512,2904.19
31500,64,512,512,2441.68
26063,64,512,512,2125.05
144805,256,512,512,6760.76
93516,64,2048,512,3993.11
19984,64,512,512,2014.26
51570,64,512,512,4050.47
18956,64,512,512,1921.91
45617,64,512,512,3621.66
17384,64,512,512,1882.47
30722,64,512,512,2826.31
20613,64,512,512,2030.46
23618,64,512,512,2334.66
150601,256,512,512,7140.13
91018,64,2048,512,3313.59
22986,64,512,512,1907.75
50560,64,512,512,3760.77
23332,64,512,512,2170.61
48332,64,512,512,3789.82
18710,64,512,512,1737.18
48771,64,512,512,3998.65
22976,64,512,512,2073.7
37207,64,512,512,3302.7
158689,256,512,512,7419.92
91220,64,2048,512,3760.34
25803,64,512,512,2286.42
51980,64,512,512,4144.83
27000,64,512,512,2302.22
50793,64,512,512,3996.8
22110,64,512,512,2161.22
70194,64,512,512,4917.92
27829,64,512,512,2531.35
55987,64,512,512,4425.96
166966,256,512,512,7604.27
100492,64,2048,512,3977.37
16560,64,512,512,1758.54
39864,64,512,512,3398.38
17972,64,512,512,1826.07
38720,64,512,512,3300.67
24537,64,512,512,2268.53
65081,64,512,512,5022.65
35051,64,512,512,2848.95
54980,64,512,512,4461.53
189128,256,512,512,8467.07
109440,64,2048,512,3760.62
6244,64,512,512,901.824
26927,64,512,512,2557.47
7420,64,512,512,1003.13
26093,64,512,512,2373.03
53227,256,512,512,3321.24
34630,64,2048,512,2401.01
13396,64,512,512,1446.02
27558,64,512,512,2528.91
12282,64,512,512,1325.23
32402,64,512,512,2722
59715,256,512,512,3474.07
31978,64,2048,512,2497.25
8006,64,512,512,1041.52
25723,64,512,512,2475
7531,64,512,512,1011.13
18901,64,512,512,1810.11
73174,256,512,512,3794.41
37471,64,2048,512,2600.74
7276,64,512,512,834.463
25171,64,512,512,2439.94
6459,64,512,512,787.803
19734,64,512,512,1778.59
77994,256,512,512,4218.81
38793,64,2048,512,2561.86
11015,64,512,512,1299.85
24419,64,512,512,2179.17
10472,64,512,512,1255.35
20582,64,512,512,1897.89
70998,256,512,512,3813.76
35760,64,2048,512,2449.26
8285,64,512,512,1134.06
20839,64,512,512,1900.28
7826,64,512,512,1095.93
17985,64,512,512,1731.77
61917,256,512,512,3586.66
28848,64,2048,512,1842.18
11904,64,512,512,1309.35
21574,64,512,512,2087.22
11724,64,512,512,1226.88
20289,64,512,512,1803.82
1938914,4161,512,512,9637.98
13591,64,512,512,1085.3
11834,64,512,512,1422.3
18364,64,512,512,1491.23
8842,64,512,512,780.384
107573,256,512,512,5476.28
80849,64,2048,512,3389.5
16771,64,512,512,1653.13
28842,64,512,512,2680.25
13807,64,512,512,1409.82
31600,64,512,512,2610.09
13156,64,512,512,1181.37
15612,64,512,512,1851.06
15414,64,512,512,1279.4
10938,64,512,512,1022.03
48981,256,512,512,3188.54
34082,64,2048,512,2378.78
7091,64,512,512,955.5
27698,64,512,512,2580.46
6302,64,512,512,860.195
21599,64,512,512,2083.21
6119,64,512,512,888.14
11183,64,512,512,1441.4
7324,64,512,512,930.29
7750,64,512,512,1047.03
55048,256,512,512,3346.76
35955,64,2048,512,2401.8
8454,64,512,512,1101.05
27387,64,512,512,2610.69
8560,64,512,512,1122.39
22070,64,512,512,2172.04
7508,64,512,512,1041.38
18737,64,512,512,2049.23
9838,64,512,512,1271.32
12906,64,512,512,1533.97
63204,256,512,512,3711.67
40951,64,2048,512,2457.21
10143,64,512,512,1247.84
31538,64,512,512,2863.75
10640,64,512,512,1258.15
26736,64,512,512,2553.12
10085,64,512,512,1312.94
31635,64,512,512,2952.23
12905,64,512,512,1511.07
23675,64,512,512,2315.76
75648,256,512,512,4147.72
51508,64,2048,512,2369.48
8793,64,512,512,997.964
23635,64,512,512,2262.87
8673,64,512,512,1020.8
20949,64,512,512,1795.21
11498,64,512,512,1224.13
50919,64,512,512,3532.06
15955,64,512,512,1488.04
35619,64,512,512,3016.56
90763,256,512,512,4805.69
66881,64,2048,512,2327.71
2012,64,512,512,340.692
9731,64,512,512,1053
2143,64,512,512,360.756
8160,64,512,512,1000.96
53936,256,512,512,3253.07
37885,64,2048,512,2305.27
4860,64,512,512,482.457
8693,64,512,512,989.95
4594,64,512,512,502.265
10765,64,512,512,1026.58
19771,256,512,512,1804.59
11460,64,2048,512,1219.51
3116,64,512,512,532.422
17085,64,512,512,2078.86
2706,64,512,512,478.674
11679,64,512,512,1184.9
21492,256,512,512,1813.62
12675,64,2048,512,1341.67
3128,64,512,512,484.821
8602,64,512,512,1244.02
2649,64,512,512,423.692
5842,64,512,512,760.615
21069,256,512,512,1899.18
12926,64,2048,512,1239.09
3130,64,512,512,487.777
8456,64,512,512,1204.02
2888,64,512,512,464.987
5920,64,512,512,654.482
16569,256,512,512,1600.97
10555,64,2048,512,1114.13
3975,64,512,512,561.962
9829,64,512,512,1312.23
3688,64,512,512,533.647
6880,64,512,512,734.331
14652,256,512,512,1455.96
9374,64,2048,512,839.987
2878,64,512,512,458.623
5607,64,512,512,786.948
2627,64,512,512,424.095
4187,64,512,512,542.467
1251031,4161,512,512,8061.46
7994,64,512,512,726.17
6230,64,512,512,1004.13
10825,64,512,512,929.808
4266,64,512,512,466.197
37336,256,512,512,2819.81
28863,64,2048,512,2111.65
5646,64,512,512,774.021
17872,64,512,512,1985.71
4679,64,512,512,704.04
21603,64,512,512,1959.07
5126,64,512,512,530.178
5757,64,512,512,912.001
6474,64,512,512,626.756
3865,64,512,512,474.106
18332,256,512,512,1781.81
14699,64,2048,512,1579.1
3668,64,512,512,584.28
11791,64,512,512,1441.61
3797,64,512,512,596.954
10070,64,512,512,1154.77
3401,64,512,512,510.685
5162,64,512,512,816.732
4111,64,512,512,603.865
3691,64,512,512,578.555
13036,256,512,512,1479.84
9863,64,2048,512,1251.4
4359,64,512,512,664.672
13924,64,512,512,1631.34
4174,64,512,512,684.789
11995,64,512,512,1460.3
3302,64,512,512,548.847
7543,64,512,512,1114.23
4222,64,512,512,645.35
6012,64,512,512,871.779
12635,256,512,512,1440.66
9668,64,2048,512,1238.74
4405,64,512,512,650.695
10699,64,512,512,1337.9
4559,64,512,512,637.901
9516,64,512,512,1214.11
4352,64,512,512,708.868
15753,64,512,512,1802.53
5559,64,512,512,649.392
12052,64,512,512,1257.26
14538,256,512,512,1387.09
11200,64,2048,512,1153.45
2258,64,512,512,367.715
8183,64,512,512,1168.84
2408,64,512,512,388.642
6857,64,512,512,919.863
4500,64,512,512,716.989
23566,64,512,512,2350.06
5989,64,512,512,837.769
17053,64,512,512,1797.54
17556,256,512,512,1738.11
14256,64,2048,512,926.767
742,64,512,512,144.666
2728,64,512,512,459.598
806,64,512,512,165.641
2370,64,512,512,376.92
21989,256,512,512,1931.03
16969,64,2048,512,1670.69
1040,64,512,512,194.461
6990,64,512,512,1031.02
971,64,512,512,184.798
10210,64,512,512,1173.31
4276,256,512,512,577.35
3145,64,2048,512,515.152
1083,64,512,512,206.803
7508,64,512,512,1119.03
989,64,512,512,189.079
5246,64,512,512,672.241
3167,256,512,512,461.557
2309,64,2048,512,386.06
1566,64,512,512,276.039
4323,64,512,512,677.388
1368,64,512,512,238.302
3317,64,512,512,438.594
2099,256,512,512,308.04
1606,64,2048,512,277.78
1259,64,512,512,219.386
3983,64,512,512,668.359
1243,64,512,512,229.919
2880,64,512,512,446.902
1483,256,512,512,234.803
1166,64,2048,512,197.879
827,64,512,512,155.15
1872,64,512,512,343.211
712,64,512,512,135.611
1394,64,512,512,230.413
1887,256,512,512,292.176
1200,64,2048,512,200.879
419,64,512,512,84.0047
812,64,512,512,148.914
391,64,512,512,75.6469
645,64,512,512,121.027
584680,4161,512,512,6354.35
131072,64,512,512,9419.06
131072,64,512,512,9392.48
131072,64,512,512,9407.86
131072,64,512,512,9275.74
524288,256,512,512,19684.6
524288,64,2048,512,12957
131072,64,512,512,9424.98
131072,64,512,512,9513.92
131072,64,512,512,9439.41
131072,64,512,512,9653.84
131072,64,512,512,7315.94
131072,64,512,512,8763.15
131072,64,512,512,8538.02
131072,64,512,512,8956.64
524288,256,512,512,19545.2
524288,64,2048,512,13020.2
131072,64,512,512,9503.78
131072,64,512,512,9494.11
131072,64,512,512,9518.67
131072,64,512,512,9480.58
131071,64,512,512,9433.39
131072,64,512,512,9524.07
131072,64,512,512,9538.15
131072,64,512,512,9500.34
524288,256,512,512,19842.5
524288,64,2048,512,12924.1
131072,64,512,512,9508.74
131072,64,512,512,9438.77
131072,64,512,512,9516.94
131072,64,512,512,9469.67
131072,64,512,512,9289.51
131072,64,512,512,9400.48
131072,64,512,512,9531.21
131072,64,512,512,9418.21
524288,256,512,512,19804.1
524287,64,2048,512,12944.9
131072,64,512,512,9479.94
131072,64,512,512,9527.1
131072,64,512,512,9552.7
131072,64,512,512,9442.38
131072,64,512,512,9534.46
131072,64,512,512,9534.46
131072,64,512,512,8584.86
131072,64,512,512,8852.11
524288,256,512,512,19532.7
524288,64,2048,512,12957.8
131072,64,512,512,9543.79
131072,64,512,512,9574.07
131072,64,512,512,9549.23
131072,64,512,512,9438.77
131072,64,512,512,9577.79
131072,64,512,512,9533.6
131072,64,512,512,8982.15
131072,64,512,512,9177.71
524288,256,512,512,19758.6
524288,64,2048,512,12972.8
131072,64,512,512,9539.67
131072,64,512,512,9585.45
131072,64,512,512,9563.38
131072,64,512,512,9524.5
524288,256,512,512,19967.4
524288,64,2048,512,13034.1
131072,64,512,512,9466.89
131072,64,512,512,9702.98
131072,64,512,512,9527.53
131072,64,512,512,9461.34
524288,256,512,512,19890
524288,64,2048,512,13002.8
131072,64,512,512,8953.01
131072,64,512,512,8518.08
131072,64,512,512,8920.07
131072,64,512,512,9249.76
524288,256,512,512,19882.2
524288,64,2048,512,13181.4
131072,64,512,512,9465.18
131072,64,512,512,9481.87
131072,64,512,512,9490.88
131072,64,512,512,9259.36
524288,256,512,512,19835
524288,64,2048,512,13122
131072,64,512,512,9408.7
131072,64,512,512,9328.56
131072,64,512,512,9478.87
131072,64,512,512,9434.31
524288,256,512,512,19793.6
524288,64,2048,512,13053.6
131072,64,512,512,8581.87
131072,64,512,512,9491.96
131072,64,512,512,9472.66
131072,64,512,512,9475.44
524288,256,512,512,19835.9
524288,64,2048,512,13045.1
131072,64,512,512,9530.35
131072,64,512,512,9564.91
131072,64,512,512,9547.05
131072,64,512,512,9501.63
8521728,4161,512,512,25712.2
104857,64,512,512,7562.2
104857,64,512,512,7602.3
104857,64,512,512,7570.91
104857,64,512,512,7684.83
419430,256,512,512,16008.6
419430,64,2048,512,10504.9
104857,64,512,512,7646.13
104857,64,512,512,7605.05
104857,64,512,512,7649.44
104857,64,512,512,7611.95
104857,64,512,512,7312.84
104857,64,512,512,7383.81
104857,64,512,512,7588.2
104857,64,512,512,7683.95
419430,256,512,512,16001.9
419430,64,2048,512,10576.5
104857,64,512,512,7729.26
104857,64,512,512,7635.68
104857,64,512,512,7704.94
104857,64,512,512,7615.75
104857,64,512,512,7409.9
104856,64,512,512,7645.18
104857,64,512,512,7569.37
104857,64,512,512,7688.7
419430,256,512,512,15937.5
419430,64,2048,512,10574
104857,64,512,512,7583.05
104857,64,512,512,7545.88
104857,64,512,512,7611.61
104857,64,512,512,7719.3
104857,64,512,512,7573.64
104857,64,512,512,7609.19
104857,64,512,512,7176
104857,64,512,512,7450.71
419429,256,512,512,15767.3
419429,64,2048,512,10512.8
104857,64,512,512,7586.48
104857,64,512,512,7652.75
104857,64,512,512,7580.14
104857,64,512,512,7728.9
104857,64,512,512,7610.75
104857,64,512,512,7438.32
104857,64,512,512,7489.29
104857,64,512,512,7640.21
419430,256,512,512,15923.3
419430,64,2048,512,10510.1
104857,64,512,512,7615.75
104857,64,512,512,7594.04
104857,64,512,512,7586.83
104857,64,512,512,7645.43
104857,64,512,512,7568.86
104857,64,512,512,7558.46
104857,64,512,512,7503.86
104857,64,512,512,7585.28
419430,256,512,512,15946.2
419430,64,2048,512,10534.5
104857,64,512,512,7603.67
104857,64,512,512,7603.16
104857,64,512,512,7585.8
104857,64,512,512,7589.91
419430,256,512,512,16085.1
419430,64,2048,512,10469.2
104857,64,512,512,7519.83
104857,64,512,512,7843.63
104857,64,512,512,7702.11
104857,64,512,512,7709.9
419430,256,512,512,16130.2
419430,64,2048,512,10647.6
104857,64,512,512,7641.25
104857,64,512,512,7673.4
104857,64,512,512,7625.62
104857,64,512,512,7665.87
419430,256,512,512,15947.2
419430,64,2048,512,10658.6
104857,64,512,512,7696.81
104857,64,512,512,7601.09
104857,64,512,512,7637.07
104857,64,512,512,7593.86
419430,256,512,512,15971.8
419430,64,2048,512,10569.2
104857,64,512,512,7621.12
104857,64,512,512,7612.3
104857,64,512,512,7582.54
104857,64,512,512,7647.17
419429,256,512,512,15975
419430,64,2048,512,10606.9
104857,64,512,512,7608.67
104857,64,512,512,7620.08
104857,64,512,512,7541.13
104857,64,512,512,7695.58
419430,256,512,512,15965
419430,64,2048,512,10564.6
104857,64,512,512,7615.41
104857,64,512,512,7657.99
104857,64,512,512,7554.37
104857,64,512,512,7588.03
6817381,4161,512,512,20974.4
78643,64,512,512,5816.66
78642,64,512,512,5838.45
78643,64,512,512,5676.4
78643,64,512,512,5779.12
314572,256,512,512,12224
314572,64,2048,512,8132.74
78643,64,512,512,5819.48
78643,64,512,512,5905.66
78643,64,512,512,5832.43
78643,64,512,512,5987.43
78643,64,512,512,5841.09
78643,64,512,512,5878.48
78643,64,512,512,5927.63
78643,64,512,512,5753.62
314572,256,512,512,12183.4
314571,64,2048,512,8198.75
78643,64,512,512,5872.31
78643,64,512,512,5862.46
78643,64,512,512,5865.05
78643,64,512,512,5833.38
78643,64,512,512,5836.08
78643,64,512,512,5957.24
78643,64,512,512,5832.97
78643,64,512,512,5838.93
314572,256,512,512,12266.9
314572,64,2048,512,8146.83
78643,64,512,512,5809
78643,64,512,512,5881.36
78643,64,512,512,5834.87
78643,64,512,512,5906.49
78643,64,512,512,5808.74
78643,64,512,512,5893.07
78643,64,512,512,5808.6
78643,64,512,512,5838.66
314572,256,512,512,12255.8
314572,64,2048,512,8179.06
78643,64,512,512,5837.57
78643,64,512,512,5806.73
78643,64,512,512,5791.63
78643,64,512,512,5831.62
78643,64,512,512,5859.32
78643,64,512,512,5887.83
78643,64,512,512,5797.9
78643,64,512,512,5981.31
314572,256,512,512,12248.4
314572,64,2048,512,8077.14
78643,64,512,512,5515.42
78643,64,512,512,5659.55
78643,64,512,512,5715.86
78643,64,512,512,5657.14
78643,64,512,512,5889.35
78643,64,512,512,5843.4
78643,64,512,512,5763.64
78643,64,512,512,6018.65
314572,256,512,512,12187.4
314572,64,2048,512,8124.54
78643,64,512,512,5831.62
78643,64,512,512,5780.32
78643,64,512,512,5699.93
78643,64,512,512,5854.41
314572,256,512,512,12578.8
314572,64,2048,512,8146.69
78643,64,512,512,5950.76
78643,64,512,512,5936.58
78643,64,512,512,5837.84
78643,64,512,512,5933.64
314572,256,512,512,12294.6
314572,64,2048,512,8193.91
78643,64,512,512,5730.04
78643,64,512,512,5811.69
78643,64,512,512,5851.28
78643,64,512,512,5994.56
314572,256,512,512,12273.4
314572,64,2048,512,8392.5
78643,64,512,512,5767.34
78643,64,512,512,5766.81
78643,64,512,512,5844.08
78643,64,512,512,5962.89
314572,256,512,512,11757.1
314571,64,2048,512,8124.84
78643,64,512,512,5637.11
78643,64,512,512,5748.89
78643,64,512,512,5750.07
78643,64,512,512,5809
314572,256,512,512,12288.1
314572,64,2048,512,7977.54
78643,64,512,512,5223.06
78643,64,512,512,5452.33
78643,64,512,512,5730.04
78643,64,512,512,5688.47
314572,256,512,512,12245.7
314572,64,2048,512,8055.3
78643,64,512,512,5878.89
78643,64,512,512,5661.59
78643,64,512,512,5719.62
78643,64,512,512,5744.17
5113037,4161,512,512,16850.3
52428,64,512,512,4104.56
52428,64,512,512,4045.37
52428,64,512,512,4082.78
52428,64,512,512,4142.15
209715,256,512,512,9023.77
209715,64,2048,512,5875.5
52428,64,512,512,4062.42
52428,64,512,512,4007.49
52428,64,512,512,4006.82
52428,64,512,512,4092.74
52428,64,512,512,4084.27
52428,64,512,512,4204.44
52428,64,512,512,4099.24
52428,64,512,512,4143.49
209715,256,512,512,9022.68
209715,64,2048,512,5988.97
52428,64,512,512,4118.97
52428,64,512,512,4193.93
52428,64,512,512,3983.8
52428,64,512,512,3984.93
52428,64,512,512,4149.84
52428,64,512,512,4198.13
52428,64,512,512,4077.23
52428,64,512,512,4042.45
209715,256,512,512,9006.21
209715,64,2048,512,6037.89
52428,64,512,512,4167.47
52428,64,512,512,4240.57
52428,64,512,512,4132.77
52428,64,512,512,4015.26
52428,64,512,512,4080.5
52428,64,512,512,4088.25
52428,64,512,512,4134.6
52428,64,512,512,4174
209715,256,512,512,8965.42
209715,64,2048,512,5925.93
52428,64,512,512,4095.44
52428,64,512,512,4168.3
52428,64,512,512,4091.74
52428,64,512,512,4112.41
52428,64,512,512,4191.31
52428,64,512,512,4117.65
52428,64,512,512,4127.89
52428,64,512,512,3818.24
209715,256,512,512,8798.28
209715,64,2048,512,5944.51
52428,64,512,512,4076.33
52428,64,512,512,4192.46
52428,64,512,512,4077.92
52428,64,512,512,3992.62
52428,64,512,512,4211.83
52428,64,512,512,4148.92
52428,64,512,512,4083.68
52428,64,512,512,4206.76
209715,256,512,512,7773.71
209715,64,2048,512,5812.14
52428,64,512,512,4196.13
52428,64,512,512,4104.76
52428,64,512,512,4256.6
52428,64,512,512,4153.64
209715,256,512,512,8983.18
209715,64,2048,512,5873.34
52428,64,512,512,4298.04
52428,64,512,512,4221.68
52428,64,512,512,4405.25
52428,64,512,512,4217.44
209715,256,512,512,9037.13
209715,64,2048,512,6125.35
52428,64,512,512,4270.14
52428,64,512,512,4251.32
52428,64,512,512,4246.48
52428,64,512,512,4292.43
209715,256,512,512,9138.66
209715,64,2048,512,5509.03
52428,64,512,512,3710.9
52428,64,512,512,3837.72
52428,64,512,512,3988.15
52428,64,512,512,4080.8
209715,256,512,512,8736.43
209715,64,2048,512,6034.74
52428,64,512,512,4184.31
52428,64,512,512,4124.23
52428,64,512,512,4159.51
52428,64,512,512,4035.06
209715,256,512,512,8922.27
209715,64,2048,512,5938.67
52428,64,512,512,4156.42
52428,64,512,512,4174.21
52428,64,512,512,4152.72
52428,64,512,512,4173.58
209715,256,512,512,8965.18
209715,64,2048,512,5671.75
52428,64,512,512,3865.48
52428,64,512,512,3929.4
52428,64,512,512,3965.72
52428,64,512,512,4095.44
3408691,4161,512,512,12260
26214,64,512,512,2357.37
26214,64,512,512,2127.11
26214,64,512,512,2342.5
26214,64,512,512,2444.05
104857,256,512,512,5367.82
104857,64,2048,512,3798.09
26214,64,512,512,2392.47
26214,64,512,512,2173.41
26214,64,512,512,2330.52
26214,64,512,512,2375.73
26214,64,512,512,2308.27
26214,64,512,512,2398.01
26214,64,512,512,2333.76
26214,64,512,512,2421.96
104857,256,512,512,5428.69
104857,64,2048,512,3858.23
26214,64,512,512,2346.76
26214,64,512,512,2424.49
26214,64,512,512,2273.73
26214,64,512,512,2293.5
26214,64,512,512,2486.65
26214,64,512,512,2411.8
26214,64,512,512,2403.71
26214,64,512,512,2409.17
104857,256,512,512,5334.87
104857,64,2048,512,3774.93
26214,64,512,512,2379.64
26214,64,512,512,2506.27
26214,64,512,512,2288.43
26214,64,512,512,2261.29
26214,64,512,512,2493.08
26214,64,512,512,2395.82
26214,64,512,512,2402.13
26214,64,512,512,2533.67
104857,256,512,512,5526.42
104857,64,2048,512,3681.21
26214,64,512,512,2356.51
26214,64,512,512,2516.79
26214,64,512,512,2458.45
26214,64,512,512,2220.41
26214,64,512,512,2493.38
26214,64,512,512,2489.9
26214,64,512,512,2507.92
26214,64,512,512,2471.71
104857,256,512,512,5424.75
104857,64,2048,512,3757.64
26214,64,512,512,2463.21
26214,64,512,512,2385.19
26214,64,512,512,2451.55
26214,64,512,512,2318.28
26214,64,512,512,2606.9
26214,64,512,512,2330.72
26214,64,512,512,2548.14
26214,64,512,512,2488.2
104857,256,512,512,5572.4
104857,64,2048,512,3176.25
26214,64,512,512,2517.7
26214,64,512,512,2231.34
26214,64,512,512,2542.35
26214,64,512,512,2499.84
104857,256,512,512,5470.65
104857,64,2048,512,3664.81
26214,64,512,512,2388.31
26214,64,512,512,2324.58
26214,64,512,512,2653.15
26214,64,512,512,2383.63
104857,256,512,512,5397.87
104857,64,2048,512,3739.64
26214,64,512,512,2512.95
26214,64,512,512,2440.43
26214,64,512,512,2454.13
26214,64,512,512,2488.65
104857,256,512,512,5277.98
104857,64,2048,512,3502.71
26214,64,512,512,2118.2
26214,64,512,512,2220.82
26214,64,512,512,2363.68
26214,64,512,512,2397.94
104857,256,512,512,5003.54
104857,64,2048,512,3803.35
26214,64,512,512,2559.49
26214,64,512,512,2445.33
26214,64,512,512,2403.51
26214,64,512,512,2439.86
104857,256,512,512,5221.07
104857,64,2048,512,3768.15
26214,64,512,512,2434.97
26214,64,512,512,2397.94
26214,64,512,512,2341.06
26214,64,512,512,2502.23
104857,256,512,512,5407.52
104857,64,2048,512,3652.84
26214,64,512,512,2518.38
26214,64,512,512,2394.24
26214,64,512,512,2508.14
26214,64,512,512,2487.91
1704346,4161,512,512,8719.44
13107,64,512,512,1424.67
13107,64,512,512,1178.42
13107,64,512,512,1371.65
13107,64,512,512,1433.39
52428,256,512,512,3133.77
52428,64,2048,512,2501.75
13107,64,512,512,1396.68
13107,64,512,512,1253.51
13107,64,512,512,1422.45
13107,64,512,512,1399.29
13107,64,512,512,1486.79
13107,64,512,512,1412.53
13107,64,512,512,1423.08
13107,64,512,512,1405.62
52428,256,512,512,3474.43
52428,64,2048,512,2474.99
13107,64,512,512,1516.52
13107,64,512,512,1457.65
13107,64,512,512,1429.53
13107,64,512,512,1430.65
13107,64,512,512,1588.91
13107,64,512,512,1459.12
13107,64,512,512,1497.41
13107,64,512,512,1500.09
52428,256,512,512,3420.38
52428,64,2048,512,2556.25
13107,64,512,512,1358.72
13107,64,512,512,1579.75
13107,64,512,512,1416.64
13107,64,512,512,1339.76
13107,64,512,512,1587.22
13107,64,512,512,1307.47
13107,64,512,512,1399.85
13107,64,512,512,1513.89
52428,256,512,512,3310.24
52427,64,2048,512,2482.71
13107,64,512,512,1565.19
13107,64,512,512,1445.84
13107,64,512,512,1564.49
13107,64,512,512,1514.99
13107,64,512,512,1609.83
13107,64,512,512,1478.72
13107,64,512,512,1578.92
13107,64,512,512,1560.3
52428,256,512,512,3479.98
52428,64,2048,512,2462.82
13107,64,512,512,1578.86
13107,64,512,512,1342.63
13107,64,512,512,1505.36
13107,64,512,512,1532.53
13107,64,512,512,1613.48
13107,64,512,512,1081.99
13107,64,512,512,1291.17
13107,64,512,512,1386.48
52428,256,512,512,3378.77
52428,64,2048,512,1917.39
13107,64,512,512,1544.61
13107,64,512,512,1270.67
13107,64,512,512,1544.44
13107,64,512,512,1563.26
52428,256,512,512,3393.74
52428,64,2048,512,2596.45
13107,64,512,512,1170.92
13107,64,512,512,1242.66
13107,64,512,512,1374.39
13107,64,512,512,1312.91
52428,256,512,512,3298.85
52427,64,2048,512,2511.13
13107,64,512,512,1601.96
13107,64,512,512,1434.27
13107,64,512,512,1560.24
13107,64,512,512,1572.29
52427,256,512,512,3115.67
52428,64,2048,512,2461.48
13107,64,512,512,1367.72
13107,64,512,512,1325.11
13107,64,512,512,1513.02
13107,64,512,512,1517.45
52428,256,512,512,2966.9
52428,64,2048,512,2648.21
13107,64,512,512,1497.94
13107,64,512,512,1403.6
13107,64,512,512,1367.45
13107,64,512,512,1454.31
52428,256,512,512,3287.54
52428,64,2048,512,2563.21
13107,64,512,512,1494.79
13107,64,512,512,1336.85
13107,64,512,512,1466.21
13107,64,512,512,1522.19
52428,256,512,512,3414.6
52428,64,2048,512,2487.69
13107,64,512,512,1392
13107,64,512,512,1319.23
13107,64,512,512,1344.95
13107,64,512,512,1524.18
852171,4161,512,512,6945.78
5242,64,512,512,748.056
5242,64,512,512,603.113
5242,64,512,512,746.724
5242,64,512,512,794.582
20971,256,512,512,1783.72
20971,64,2048,512,1529.09
5242,64,512,512,762.127
5242,64,512,512,711.715
5242,64,512,512,769.116
5242,64,512,512,747.856
5242,64,512,512,756.899
5242,64,512,512,761.815
5242,64,512,512,742.987
5242,64,512,512,757.173
20971,256,512,512,1964.5
20971,64,2048,512,1685.35
5242,64,512,512,754.754
5242,64,512,512,797.036
5242,64,512,512,711.262
5242,64,512,512,767.813
5242,64,512,512,814.727
5242,64,512,512,741.509
5242,64,512,512,747.589
5242,64,512,512,794.77
20971,256,512,512,1967.38
20971,64,2048,512,1696.9
5242,64,512,512,783.595
5242,64,512,512,801.147
5242,64,512,512,767.251
5242,64,512,512,738.733
5242,64,512,512,805.069
5242,64,512,512,789.421
5242,64,512,512,796.506
5242,64,512,512,761.262
20971,256,512,512,1968.01
20971,64,2048,512,1546.39
5242,64,512,512,788.419
5242,64,512,512,792.33
5242,64,512,512,770.175
5242,64,512,512,783.961
5242,64,512,512,786.903
5242,64,512,512,608.496
5242,64,512,512,695.168
5242,64,512,512,689.992
20971,256,512,512,1873.66
20971,64,2048,512,1583.39
5242,64,512,512,800.421
5242,64,512,512,757.686
5242,64,512,512,800.841
5242,64,512,512,803.411
5242,64,512,512,854.878
5242,64,512,512,800.802
5242,64,512,512,808.328
5242,64,512,512,817.188
20971,256,512,512,1941.08
20971,64,2048,512,1325.6
5242,64,512,512,853.529
5242,64,512,512,597.868
5242,64,512,512,665.387
5242,64,512,512,650.397
20971,256,512,512,1868.19
20971,64,2048,512,1787.1
5242,64,512,512,752.688
5242,64,512,512,769.821
5242,64,512,512,828.735
5242,64,512,512,652.624
20971,256,512,512,1893.33
20971,64,2048,512,1691.94
5242,64,512,512,807.627
5242,64,512,512,739.058
5242,64,512,512,777.781
5242,64,512,512,808.756
20971,256,512,512,1852
20971,64,2048,512,1640.68
5242,64,512,512,767.708
5242,64,512,512,732.731
5242,64,512,512,761.954
5242,64,512,512,801.644
20971,256,512,512,1643.05
20971,64,2048,512,1580.67
5242,64,512,512,786.977
5242,64,512,512,751.003
5242,64,512,512,790.314
5242,64,512,512,793.191
20970,256,512,512,1636.36
20971,64,2048,512,1525.89
5242,64,512,512,765.186
5242,64,512,512,755.094
5242,64,512,512,758.886
5242,64,512,512,800.535
20971,256,512,512,1921.14
20971,64,2048,512,1535.56
5242,64,512,512,712.864
5242,64,512,512,671.057
5242,64,512,512,683.219
5242,64,512,512,731.932
340867,4161,512,512,5077.46
131072,64,512,512,9566.87
131072,64,512,512,9571.89
131072,64,512,512,9531.21
131072,64,512,512,9512.19
524288,256,512,512,17126.2
524288,64,2048,512,12778.9
131072,64,512,512,9548.14
131072,64,512,512,9502.93
131072,64,512,512,9513.27
131072,64,512,512,9587.42
131072,64,512,512,9541.84
131072,64,512,512,9510.9
131072,64,512,512,9491.31
131072,64,512,512,9512.19
524288,256,512,512,19803.4
524288,64,2048,512,12837.5
131072,64,512,512,9589.18
131072,64,512,512,9553.36
131072,64,512,512,9585.67
131072,64,512,512,9499.05
131072,64,512,512,9564.69
131072,64,512,512,9627.26
131072,64,512,512,9515.21
131072,64,512,512,9513.49
524288,256,512,512,19818.4
524288,64,2048,512,12970.9
131072,64,512,512,9551.62
131072,64,512,512,9573.2
131072,64,512,512,9445.15
131072,64,512,512,9514.13
131072,64,512,512,9517.16
131072,64,512,512,9566.43
131072,64,512,512,9561.63
131072,64,512,512,9544.01
524288,256,512,512,19850.5
524288,64,2048,512,12818.8
131072,64,512,512,9567.74
131072,64,512,512,9463.69
131072,64,512,512,9517.8
131072,64,512,512,9529.26
131072,64,512,512,9553.14
131072,64,512,512,9502.92
131072,64,512,512,9553.79
131072,64,512,512,9585.23
524288,256,512,512,19840.1
524288,64,2048,512,12907.2
131072,64,512,512,9451.96
131072,64,512,512,9554.01
131072,64,512,512,9514.35
131072,64,512,512,9538.37
131072,64,512,512,9528.4
131072,64,512,512,9561.2
131072,64,512,512,9583.92
131072,64,512,512,9535.98
524288,256,512,512,19875.2
524288,64,2048,512,12918.7
131072,64,512,512,9497.55
131072,64,512,512,9594.22
131072,64,512,512,9555.53
131072,64,512,512,9558.58
524288,256,512,512,19841.8
524288,64,2048,512,12874.1
131072,64,512,512,9461.77
131072,64,512,512,9578.01
131072,64,512,512,9553.36
131072,64,512,512,9576.04
524288,256,512,512,19411.1
524288,64,2048,512,12936.5
131072,64,512,512,9510.25
131072,64,512,512,9592.9
131072,64,512,512,9541.4
131072,64,512,512,9587.64
524288,256,512,512,19816.7
524288,64,2048,512,12734
131072,64,512,512,9312.4
131072,64,512,512,9370.03
131072,64,512,512,9561.85
131072,64,512,512,9621.73
524288,256,512,512,19816.5
524288,64,2048,512,12885.1
131072,64,512,512,9526.02
131072,64,512,512,9597.08
131072,64,512,512,9614.67
131072,64,512,512,9513.49
524288,256,512,512,19901.6
524288,64,2048,512,12832.4
131072,64,512,512,9543.14
131072,64,512,512,9500.13
131072,64,512,512,9580.2
131072,64,512,512,9555.75
524288,256,512,512,19812
524288,64,2048,512,12576.4
131072,64,512,512,8833.83
131072,64,512,512,8573.28
131072,64,512,512,8879.28
131072,64,512,512,9261.2
8521728,4161,512,512,25581.4
104857,64,512,512,7503.19
104857,64,512,512,7581.17
104857,64,512,512,7674.28
104857,64,512,512,7592.15
419430,256,512,512,15998.7
419430,64,2048,512,10462.4
104857,64,512,512,7661.14
104857,64,512,512,7601.95
104857,64,512,512,7606.43
104857,64,512,512,7546.9
104857,64,512,512,7641.77
104857,64,512,512,7619.04
104857,64,512,512,7592.66
104857,64,512,512,7609.02
419430,256,512,512,15966.5
419431,64,2048,512,10387.4
104857,64,512,512,7629.44
104857,64,512,512,7607.47
104857,64,512,512,7618
104857,64,512,512,7596.27
104857,64,512,512,7667.97
104857,64,512,512,7551.14
104857,64,512,512,7665.34
104857,64,512,512,7547.24
419430,256,512,512,15929
419430,64,2048,512,10427.7
104857,64,512,512,7610.4
104857,64,512,512,7538.25
104857,64,512,512,7602.64
104857,64,512,512,7585.62
104857,64,512,512,7529.96
104857,64,512,512,7580.83
104857,64,512,512,7637.25
104857,64,512,512,7624.41
419430,256,512,512,15961.6
419430,64,2048,512,10459.3
104857,64,512,512,7608.68
104857,64,512,512,7663.24
104857,64,512,512,7611.09
104857,64,512,512,7615.58
104857,64,512,512,7627.87
104857,64,512,512,7595.24
104857,64,512,512,7585.97
104857,64,512,512,7631.86
419430,256,512,512,15986.9
419430,64,2048,512,10386.3
104857,64,512,512,7517.48
104857,64,512,512,7595.41
104857,64,512,512,7570.91
104857,64,512,512,7534.19
104857,64,512,512,7572.61
104857,64,512,512,7631
104857,64,512,512,7576.72
104857,64,512,512,7631.86
419430,256,512,512,15998.1
419430,64,2048,512,10388.3
104857,64,512,512,7621.46
104857,64,512,512,7602.81
104857,64,512,512,7396.51
104857,64,512,512,7544.35
419430,256,512,512,15936.9
419430,64,2048,512,10423.9
104857,64,512,512,7611.44
104857,64,512,512,7620.6
104857,64,512,512,7642.64
104857,64,512,512,7580.14
419430,256,512,512,15985.5
419430,64,2048,512,10471.3
104857,64,512,512,7633.6
104857,64,512,512,7596.79
104857,64,512,512,7606.95
104857,64,512,512,7584.25
419430,256,512,512,16021.4
419430,64,2048,512,10431.4
104857,64,512,512,7603.33
104857,64,512,512,6990.76
104857,64,512,512,7255.76
104857,64,512,512,7452.69
419430,256,512,512,16048.8
419430,64,2048,512,10478.2
104857,64,512,512,7575.69
104857,64,512,512,7638.47
104857,64,512,512,7695.05
104857,64,512,512,7630.48
419430,256,512,512,15992
419430,64,2048,512,10471.2
104857,64,512,512,7617.66
104857,64,512,512,7604.36
104857,64,512,512,7547.58
104857,64,512,512,7604.02
419430,256,512,512,15990.3
419430,64,2048,512,9509.06
104857,64,512,512,6689.44
104857,64,512,512,7126.01
104857,64,512,512,7395.04
104857,64,512,512,7436.01
6817382,4161,512,512,20497.4
78643,64,512,512,5836.35
78643,64,512,512,5742.86
78643,64,512,512,5706.91
78643,64,512,512,5785.63
314572,256,512,512,12274.5
314572,64,2048,512,8108.44
78643,64,512,512,5800.84
78643,64,512,512,5777.8
78643,64,512,512,5773.55
78643,64,512,512,5816.93
78643,64,512,512,5773.56
78643,64,512,512,5777.4
78643,64,512,512,5794.16
78643,64,512,512,5736.31
314572,256,512,512,12134.8
314572,64,2048,512,8189.24
78643,64,512,512,5755.2
78643,64,512,512,5744.56
78643,64,512,512,5813.97
78643,64,512,512,5802.31
78643,64,512,512,5824.87
78643,64,512,512,5772.63
78643,64,512,512,5781.91
78643,64,512,512,5771.17
314572,256,512,512,12212.8
314572,64,2048,512,8086.48
78643,64,512,512,5745.48
78643,64,512,512,5794.43
78643,64,512,512,5775.14
78643,64,512,512,5769.85
78643,64,512,512,5754.28
78643,64,512,512,5773.95
78643,64,512,512,5750.6
78643,64,512,512,5815.18
314572,256,512,512,12220.4
314572,64,2048,512,8133.99
78643,64,512,512,5651.67
78643,64,512,512,5649.39
78643,64,512,512,5717.93
78643,64,512,512,5735.66
78643,64,512,512,5757.05
78643,64,512,512,5779.65
78643,64,512,512,5817.2
78643,64,512,512,5810.08
314572,256,512,512,12217.9
314572,64,2048,512,8089.02
78643,64,512,512,5740.89
78643,64,512,512,5838.52
78643,64,512,512,5711.96
78643,64,512,512,5794.83
78643,64,512,512,5805.52
78643,64,512,512,5760.47
78643,64,512,512,5741.55
78643,64,512,512,5752.31
314572,256,512,512,12189.9
314572,64,2048,512,8150.12
78643,64,512,512,5780.18
78643,64,512,512,5766.67
78643,64,512,512,5796.83
78643,64,512,512,5755.33
314572,256,512,512,12127.9
314572,64,2048,512,8155.21
78643,64,512,512,5798.97
78643,64,512,512,5791.63
78643,64,512,512,5779.39
78643,64,512,512,5786.43
314572,256,512,512,12186.1
314572,64,2048,512,8172.82
78643,64,512,512,5655.23
78643,64,512,512,5571.47
78643,64,512,512,5792.29
78643,64,512,512,5829.59
314572,256,512,512,12219.5
314572,64,2048,512,8154.02
78643,64,512,512,5769.05
78643,64,512,512,5766.81
78643,64,512,512,5719.23
78643,64,512,512,5768.39
314572,256,512,512,12145.6
314572,64,2048,512,8114.58
78643,64,512,512,5811.82
78643,64,512,512,5821.37
78643,64,512,512,5805.39
78643,64,512,512,5786.17
314572,256,512,512,12173.3
314572,64,2048,512,8152.43
78643,64,512,512,5761.13
78643,64,512,512,5791.36
78643,64,512,512,5751.78
78643,64,512,512,5825.68
314572,256,512,512,12211.9
314572,64,2048,512,8166.85
78643,64,512,512,5732.13
78643,64,512,512,5809.41
78643,64,512,512,5846.12
78643,64,512,512,5814.37
5113038,4161,512,512,15667.6
52428,64,512,512,4149.12
52428,64,512,512,4185.45
52428,64,512,512,4094.14
52428,64,512,512,4202.75
209715,256,512,512,9039.45
209715,64,2048,512,5989.98
52428,64,512,512,4200.33
52428,64,512,512,4175.66
52428,64,512,512,4152.2
52428,64,512,512,4186.29
52428,64,512,512,4158.27
52428,64,512,512,4163.12
52428,64,512,512,4142.26
52428,64,512,512,4191.83
209715,256,512,512,9033.36
209715,64,2048,512,6047.2
52428,64,512,512,4190.89
52428,64,512,512,4188.8
52428,64,512,512,4188.8
52428,64,512,512,4167.26
52428,64,512,512,4189.84
52428,64,512,512,4171.4
52428,64,512,512,4220.09
52428,64,512,512,4176.6
209715,256,512,512,8951.19
209715,64,2048,512,6027.21
52428,64,512,512,4160.85
52428,64,512,512,4173.38
52428,64,512,512,4199.49
52428,64,512,512,4209.61
52428,64,512,512,4214.58
52428,64,512,512,4184.93
52428,64,512,512,4180.24
52428,64,512,512,4168.19
209715,256,512,512,9057.26
209715,64,2048,512,5997.85
52428,64,512,512,4136.23
52428,64,512,512,4170.89
52428,64,512,512,4166.53
52428,64,512,512,4154.46
52428,64,512,512,4175.66
52428,64,512,512,4182.22
52428,64,512,512,4140.01
52428,64,512,512,4160.65
209715,256,512,512,9071.46
209715,64,2048,512,6037.84
52428,64,512,512,4184.31
52428,64,512,512,4096.14
52428,64,512,512,4190.79
52428,64,512,512,4201.07
52428,64,512,512,4194.56
52428,64,512,512,4166.22
52428,64,512,512,4206.13
52428,64,512,512,4142.87
209715,256,512,512,9030.2
209715,64,2048,512,5987.31
52428,64,512,512,4206.44
52428,64,512,512,4165.91
52428,64,512,512,4135.31
52428,64,512,512,4152.92
209716,256,512,512,9003.23
209715,64,2048,512,6025.53
52428,64,512,512,4206.34
52428,64,512,512,4169.54
52428,64,512,512,4210.45
52428,64,512,512,4175.87
209715,256,512,512,9021.46
209715,64,2048,512,6055.55
52428,64,512,512,4180.13
52428,64,512,512,4036.9
52428,64,512,512,4040.79
52428,64,512,512,4176.6
209715,256,512,512,8998.84
209715,64,2048,512,6043.44
52428,64,512,512,4168.81
52428,64,512,512,4183.47
52428,64,512,512,4149.02
52428,64,512,512,4140.83
209715,256,512,512,9043.83
209715,64,2048,512,6032.14
52428,64,512,512,4150.25
52428,64,512,512,4169.43
52428,64,512,512,4138.48
52428,64,512,512,4189.74
209715,256,512,512,8987.03
209715,64,2048,512,6043.88
52428,64,512,512,4170.89
52429,64,512,512,4191.39
52428,64,512,512,4143.18
52428,64,512,512,4187.44
209715,256,512,512,8975.5
209715,64,2048,512,5976.65
52428,64,512,512,4201.7
52428,64,512,512,4147.68
52428,64,512,512,4157.35
52428,64,512,512,4174.62
3408692,4161,512,512,11768.3
26214,64,512,512,2557.7
26214,64,512,512,2558.16
26214,64,512,512,2576.47
26214,64,512,512,2575.52
104857,256,512,512,5606.01
104857,64,2048,512,4103.24
26214,64,512,512,2574.34
26214,64,512,512,2579.64
26214,64,512,512,2559.18
26214,64,512,512,2241.11
26214,64,512,512,2320.21
26214,64,512,512,2487.24
26214,64,512,512,2463.43
26214,64,512,512,2489.75
104857,256,512,512,5580.74
104857,64,2048,512,4081.23
26214,64,512,512,2566.62
26214,64,512,512,2575.76
26214,64,512,512,2556.37
26214,64,512,512,2491.82
26214,64,512,512,2590.4
26214,64,512,512,2567.56
26214,64,512,512,2527.87
26214,64,512,512,2473.75
104857,256,512,512,5406.74
104857,64,2048,512,4027.59
26214,64,512,512,2529.85
26214,64,512,512,2556.68
26214,64,512,512,2555.51
26214,64,512,512,2574.73
26214,64,512,512,2566.15
26214,64,512,512,2566.38
26214,64,512,512,2543.74
26214,64,512,512,2591.6
104857,256,512,512,5617.93
104857,64,2048,512,4077.91
26214,64,512,512,2440.78
26214,64,512,512,2468.29
26214,64,512,512,2568.11
26214,64,512,512,2580.51
26214,64,512,512,2550.08
26214,64,512,512,2569.29
26214,64,512,512,2576.71
26214,64,512,512,2559.88
104857,256,512,512,5642.87
104857,64,2048,512,4036.8
26214,64,512,512,2550.23
26214,64,512,512,2575.13
26214,64,512,512,2573.07
26214,64,512,512,2566.07
26214,64,512,512,2586.32
26214,64,512,512,2210.05
26214,64,512,512,2436.1
26214,64,512,512,2443.55
104857,256,512,512,5500.69
104857,64,2048,512,4040.44
26214,64,512,512,2529.47
26214,64,512,512,2559.96
26214,64,512,512,2572.76
26214,64,512,512,2515.13
104857,256,512,512,5581.95
104857,64,2048,512,4072.81
26214,64,512,512,2571.89
26214,64,512,512,2560.12
26214,64,512,512,2553.96
26214,64,512,512,2575.21
104857,256,512,512,5530.34
104857,64,2048,512,4085.06
26214,64,512,512,2557.38
26214,64,512,512,2547.21
26214,64,512,512,2564.34
26214,64,512,512,2574.1
104857,256,512,512,5573.42
104857,64,2048,512,3981.38
26214,64,512,512,2576.95
26214,64,512,512,2565.13
26214,64,512,512,2537.43
26214,64,512,512,2565.68
104857,256,512,512,5560.67
104857,64,2048,512,4086.65
26214,64,512,512,2571.89
26214,64,512,512,2559.49
26214,64,512,512,2563.09
26214,64,512,512,2586.8
104857,256,512,512,5609.48
104857,64,2048,512,4083.17
26214,64,512,512,1833.51
26214,64,512,512,2170.99
26214,64,512,512,2271.15
26214,64,512,512,2394.66
104857,256,512,512,5414.77
104857,64,2048,512,4109.98
26214,64,512,512,2532.75
26214,64,512,512,2561.37
26214,64,512,512,2553.41
26214,64,512,512,2562.54
1704346,4161,512,512,8365.25
13107,64,512,512,1593.68
13107,64,512,512,1604.84
13107,64,512,512,1560.76
13107,64,512,512,1594.53
52428,256,512,512,3562.97
52428,64,2048,512,2965.59
13107,64,512,512,1614.29
13107,64,512,512,1564.61
13107,64,512,512,1583.93
13107,64,512,512,1566.71
13107,64,512,512,1585.3
13107,64,512,512,1599.82
13107,64,512,512,1606.93
13107,64,512,512,1562.39
52428,256,512,512,3540.34
52428,64,2048,512,2950
13107,64,512,512,1591.98
13107,64,512,512,1584.11
13107,64,512,512,1566.24
13107,64,512,512,1580.7
13107,64,512,512,1585.78
13107,64,512,512,1632.63
13107,64,512,512,1600.49
13107,64,512,512,1584.71
52428,256,512,512,3527.98
52428,64,2048,512,2900.33
13107,64,512,512,1585.12
13107,64,512,512,1629.34
13107,64,512,512,1579.22
13107,64,512,512,1610.81
13107,64,512,512,1565.54
13107,64,512,512,1599.39
13107,64,512,512,1583.75
13107,64,512,512,1588.07
52428,256,512,512,3492.14
52428,64,2048,512,2956.66
13107,64,512,512,1581.24
13107,64,512,512,1609.21
13107,64,512,512,1559.83
13107,64,512,512,1587.46
13107,64,512,512,1550.38
13107,64,512,512,1584.29
13107,64,512,512,1610.01
13107,64,512,512,1597.56
52428,256,512,512,3507.62
52428,64,2048,512,2971.79
13107,64,512,512,1597.38
13107,64,512,512,1616.96
13107,64,512,512,1617.65
13107,64,512,512,1566.18
13107,64,512,512,1525.01
13107,64,512,512,1584.82
13107,64,512,512,1641.9
13107,64,512,512,1614.04
52428,256,512,512,3459.31
52428,64,2048,512,2973.48
13107,64,512,512,1589.45
13107,64,512,512,1566.89
13107,64,512,512,1593.19
13107,64,512,512,1577.26
52428,256,512,512,3483.59
52428,64,2048,512,3027.4
13107,64,512,512,1613.98
13107,64,512,512,1630.92
13107,64,512,512,1560.12
13107,64,512,512,1538.55
52428,256,512,512,3549.18
52428,64,2048,512,2993
13107,64,512,512,1622.03
13107,64,512,512,1569.52
13107,64,512,512,1584.47
13107,64,512,512,1579.45
52428,256,512,512,3529.91
52428,64,2048,512,2940.49
13107,64,512,512,1536.24
13107,64,512,512,1558.27
13107,64,512,512,1617.02
13107,64,512,512,1622.78
52428,256,512,512,3308.35
52428,64,2048,512,2889.14
13107,64,512,512,1543.3
13107,64,512,512,1621.9
13107,64,512,512,1602.26
13107,64,512,512,1625.67
52428,256,512,512,3503.74
52428,64,2048,512,2988.79
13107,64,512,512,1575.12
13107,64,512,512,1571.17
13107,64,512,512,1558.68
13107,64,512,512,1605.88
52428,256,512,512,3560.85
52428,64,2048,512,2976.01
13107,64,512,512,1493.99
13107,64,512,512,1585.54
13107,64,512,512,1604.22
13107,64,512,512,1534.61
852173,4161,512,512,6598.08
5242,64,512,512,783.119
5242,64,512,512,774.513
5242,64,512,512,774.228
5242,64,512,512,784.511
20971,256,512,512,1939.35
20971,64,2048,512,1929.25
5242,64,512,512,793.041
5242,64,512,512,822.678
5242,64,512,512,816.392
5242,64,512,512,839.308
5242,64,512,512,834.797
5242,64,512,512,830.375
5242,64,512,512,783.448
5242,64,512,512,831.982
20971,256,512,512,2007.27
20971,64,2048,512,1908.24
5242,64,512,512,838.805
5242,64,512,512,803.834
5242,64,512,512,829.472
5242,64,512,512,824.782
5242,64,512,512,789.458
5242,64,512,512,770.529
5242,64,512,512,778.865
5242,64,512,512,832.064
20971,256,512,512,1984.66
20971,64,2048,512,1909.33
5242,64,512,512,813.699
5242,64,512,512,832.394
5242,64,512,512,831.239
5242,64,512,512,824.336
5242,64,512,512,819.904
5242,64,512,512,797.528
5242,64,512,512,829.472
5242,64,512,512,807.938
20971,256,512,512,1940.02
20971,64,2048,512,1896.59
5242,64,512,512,821.188
5242,64,512,512,831.198
5242,64,512,512,834.88
5242,64,512,512,808.873
5242,64,512,512,829.718
5242,64,512,512,825.96
5242,64,512,512,823.769
5242,64,512,512,812.95
20971,256,512,512,1915.38
20971,64,2048,512,1900.46
5242,64,512,512,823.972
5242,64,512,512,826.652
5242,64,512,512,808.795
5242,64,512,512,825.025
5242,64,512,512,825.919
5242,64,512,512,840.907
5242,64,512,512,813.068
5242,64,512,512,805.301
20971,256,512,512,1952.49
20971,64,2048,512,1897.61
5242,64,512,512,793.379
5242,64,512,512,827.141
5242,64,512,512,805.842
5242,64,512,512,829.595
20971,256,512,512,1991.67
20971,64,2048,512,1887.9
5242,64,512,512,780.06
5242,64,512,512,768.904
5242,64,512,512,753.635
5242,64,512,512,777.709
20971,256,512,512,1902.08
20971,64,2048,512,1889.44
5242,64,512,512,809.537
5242,64,512,512,831.198
5242,64,512,512,838.427
5242,64,512,512,814.569
20971,256,512,512,1965.7
20971,64,2048,512,1903.8
5242,64,512,512,818.903
5242,64,512,512,818.224
5242,64,512,512,832.932
5242,64,512,512,799.962
20971,256,512,512,1969.45
20971,64,2048,512,1907.92
5242,64,512,512,804.143
5242,64,512,512,826.57
5242,64,512,512,816.83
5242,64,512,512,839.56
20971,256,512,512,2028.45
20971,64,2048,512,1966.63
5242,64,512,512,850.026
5242,64,512,512,856.843
5242,64,512,512,826.774
5242,64,512,512,832.56
20971,256,512,512,2003.62
20971,64,2048,512,1944.46
5242,64,512,512,849.466
5242,64,512,512,858.246
5242,64,512,512,863.148
5242,64,512,512,813.936
340868,4161,512,512,4483.8
144656,64,512,512,9434.41
145219,64,512,512,9859.35
143086,64,512,512,10166.6
134140,64,512,512,9553.28
617373,256,512,512,23390.6
511909,64,2048,512,12671.7
152784,64,512,512,11107
177501,64,512,512,12849
138819,64,512,512,10059.8
175788,64,512,512,12656.6
148318,64,512,512,10791.9
146820,64,512,512,10525.4
139898,64,512,512,10182.5
135158,64,512,512,9811.17
605239,256,512,512,22728.5
498916,64,2048,512,12346.2
135302,64,512,512,9879.22
167130,64,512,512,12087.9
127129,64,512,512,9217.47
160282,64,512,512,11252.1
137228,64,512,512,10001.1
141001,64,512,512,10198.5
127709,64,512,512,9235.67
127997,64,512,512,9243.75
614701,256,512,512,23152.6
495116,64,2048,512,12209.4
141404,64,512,512,10276
162547,64,512,512,11739.2
133241,64,512,512,9708.13
157924,64,512,512,11407.1
140148,64,512,512,9479.67
155781,64,512,512,10981.6
131610,64,512,512,9401.56
141524,64,512,512,10060.8
622718,256,512,512,23621.1
500156,64,2048,512,12376.3
145809,64,512,512,10563.7
161899,64,512,512,11691.6
134961,64,512,512,9693.08
157923,64,512,512,11101.1
144846,64,512,512,10486.8
169827,64,512,512,12313.8
137419,64,512,512,10011.2
157723,64,512,512,11508.2
638805,256,512,512,24192.9
520728,64,2048,512,12867.1
138115,64,512,512,10051.4
151839,64,512,512,10999.3
128572,64,512,512,9276.27
149774,64,512,512,10815.2
147527,64,512,512,10705.4
166724,64,512,512,12087.8
145068,64,512,512,10529.6
157919,64,512,512,11522.7
662743,256,512,512,25115.8
529525,64,2048,512,13064.1
123866,64,512,512,8979.66
147677,64,512,512,10632.6
110753,64,512,512,7984
145625,64,512,512,10542.3
485342,256,512,512,16053.3
372276,64,2048,512,9378.85
137762,64,512,512,9806.22
152588,64,512,512,10966.2
124825,64,512,512,8965.71
152847,64,512,512,11048.4
472169,256,512,512,17900
364688,64,2048,512,9661.48
105892,64,512,512,7567.09
152424,64,512,512,10854
96613,64,512,512,7051.89
141359,64,512,512,10300.8
498329,256,512,512,18972.7
374306,64,2048,512,9795.61
111037,64,512,512,7993.49
141993,64,512,512,10278.9
105115,64,512,512,7672.46
131116,64,512,512,9403.63
521358,256,512,512,18627.8
382228,64,2048,512,9774.16
112897,64,512,512,7978.06
135583,64,512,512,9865.74
105657,64,512,512,7598.66
124591,64,512,512,8987.83
524195,256,512,512,19850
379576,64,2048,512,8916.31
123414,64,512,512,8100.86
142424,64,512,512,10005.9
114404,64,512,512,8220.9
133618,64,512,512,9436.3
518126,256,512,512,19654.6
360766,64,2048,512,9277.54
127963,64,512,512,9221.73
137811,64,512,512,9984.05
119801,64,512,512,8480.93
131226,64,512,512,9461.14
8449349,4161,512,512,25471.9
110054,64,512,512,8026.37
100849,64,512,512,7620.05
69340,64,512,512,5245.09
69926,64,512,512,5247.98
520881,256,512,512,19754.2
420270,64,2048,512,10500.4
176573,64,512,512,12533.7
164906,64,512,512,11913.3
119346,64,512,512,8506.3
163179,64,512,512,11788.8
131179,64,512,512,9603.37
106332,64,512,512,7672.73
80702,64,512,512,5988.19
75910,64,512,512,5651.88
434108,256,512,512,16596.7
364167,64,2048,512,9290.34
115824,64,512,512,8315.28
118372,64,512,512,8210.3
73184,64,512,512,5325.99
95756,64,512,512,6852.26
132447,64,512,512,9666.13
106685,64,512,512,7750.1
85843,64,512,512,6357.71
78662,64,512,512,5864.01
451905,256,512,512,17131.6
377715,64,2048,512,9507.87
131164,64,512,512,9281.02
130939,64,512,512,9353.62
81929,64,512,512,5945.23
114764,64,512,512,8328.3
133557,64,512,512,9668.85
114906,64,512,512,8258.45
86931,64,512,512,6357.22
87415,64,512,512,6383.28
480220,256,512,512,18319.6
389027,64,2048,512,9769.71
144587,64,512,512,10479.9
131025,64,512,512,9395.42
92656,64,512,512,6764.6
115987,64,512,512,8329.23
144703,64,512,512,10386.7
128707,64,512,512,9366.26
97146,64,512,512,7120.51
100981,64,512,512,7384.52
519534,256,512,512,19702.7
435213,64,2048,512,10802
151362,64,512,512,10943
131393,64,512,512,9556.29
95590,64,512,512,7020.13
119793,64,512,512,8631.59
145197,64,512,512,10516
145080,64,512,512,10480.8
101998,64,512,512,7396.02
112628,64,512,512,8141.91
562881,256,512,512,21311.7
463789,64,2048,512,11594.9
130724,64,512,512,9496.63
106538,64,512,512,7669.26
68242,64,512,512,5188.28
94758,64,512,512,6983.07
464225,256,512,512,17663.3
348379,64,2048,512,9388.68
157973,64,512,512,11421.2
128921,64,512,512,9292.86
96673,64,512,512,7026.93
122165,64,512,512,8829.55
225571,256,512,512,9408.11
205326,64,2048,512,6872.19
65235,64,512,512,4875.34
83880,64,512,512,6679.18
37002,64,512,512,3157.17
58084,64,512,512,4438.45
281342,256,512,512,11281.6
253598,64,2048,512,7529.84
84469,64,512,512,6208.68
98998,64,512,512,7228.11
45258,64,512,512,3678.3
74105,64,512,512,5550.42
291371,256,512,512,11300.4
256402,64,2048,512,7529.74
109587,64,512,512,7956.4
99608,64,512,512,7332.38
60842,64,512,512,4625.78
76770,64,512,512,5741.83
301623,256,512,512,11856.1
236448,64,2048,512,6821.8
116101,64,512,512,8344.15
93737,64,512,512,6977.4
69341,64,512,512,5231.93
72872,64,512,512,5436.06
266304,256,512,512,10692.8
179846,64,2048,512,5892.3
118976,64,512,512,8467.86
87654,64,512,512,6533.58
69802,64,512,512,5247.9
68146,64,512,512,5199.01
8099792,4161,512,512,24387.5
69048,64,512,512,5185.73
70699,64,512,512,5603.81
55824,64,512,512,4252.04
51977,64,512,512,4001.98
440834,256,512,512,16943.8
349724,64,2048,512,8925.08
142988,64,512,512,10354.2
140146,64,512,512,10247.2
102718,64,512,512,7491.17
144324,64,512,512,10494.6
90907,64,512,512,6551.42
79001,64,512,512,5952.8
71333,64,512,512,5391.76
59864,64,512,512,4533.97
350127,256,512,512,13515.7
278118,64,2048,512,7449.19
77453,64,512,512,5761.8
97490,64,512,512,7090.67
58782,64,512,512,4456.77
79224,64,512,512,5893
72798,64,512,512,5459.04
80140,64,512,512,5933.55
60387,64,512,512,4646.72
59524,64,512,512,4607.68
377531,256,512,512,14489.6
301616,64,2048,512,7899.77
85602,64,512,512,6373.05
106244,64,512,512,7700.59
64319,64,512,512,4916.54
92139,64,512,512,6655.94
80374,64,512,512,5974.38
91729,64,512,512,6784.69
68532,64,512,512,5110.99
70060,64,512,512,5252.25
413100,256,512,512,15733.2
326865,64,2048,512,8443.26
100219,64,512,512,7272.46
112406,64,512,512,8164.04
76218,64,512,512,5710.15
99957,64,512,512,7278.2
89251,64,512,512,6475.53
113306,64,512,512,8186.67
75834,64,512,512,5743.78
88878,64,512,512,6574.58
454699,256,512,512,15024.7
370593,64,2048,512,9333.95
99341,64,512,512,7173.93
113026,64,512,512,8102.95
75788,64,512,512,5608.86
103039,64,512,512,7529.17
95971,64,512,512,7055.56
126777,64,512,512,9234.21
84980,64,512,512,6202.07
99415,64,512,512,7323.22
483495,256,512,512,18307.3
392291,64,2048,512,9844.19
78700,64,512,512,5732.63
89338,64,512,512,6529.51
60344,64,512,512,4520.58
81600,64,512,512,5950.51
377485,256,512,512,14484.4
263284,64,2048,512,7417.43
125652,64,512,512,9022.27
98723,64,512,512,7258.21
91651,64,512,512,6369.22
101724,64,512,512,7272.01
139876,256,512,512,6345.11
104165,64,2048,512,4565.58
40729,64,512,512,3427.47
59136,64,512,512,4782.9
32292,64,512,512,2870.64
38547,64,512,512,3062.33
194581,256,512,512,8515.93
150283,64,2048,512,4705.67
42786,64,512,512,3217.07
66156,64,512,512,4872.36
33491,64,512,512,2883.89
47033,64,512,512,3531.42
247017,256,512,512,10322
179358,64,2048,512,5578.84
55210,64,512,512,4333.7
68722,64,512,512,5336.34
40973,64,512,512,3392.33
52095,64,512,512,3603.17
248270,256,512,512,10055.1
172574,64,2048,512,5222.05
71451,64,512,512,5322.61
73260,64,512,512,5583.71
54975,64,512,512,4215.27
59423,64,512,512,4434.35
222621,256,512,512,9328.72
136351,64,2048,512,4566.2
74612,64,512,512,5369.46
68003,64,512,512,5204.98
58713,64,512,512,4548.86
55485,64,512,512,4363.64
5628498,4161,512,512,17560.3
55839,64,512,512,4293.04
47152,64,512,512,4480.93
40749,64,512,512,3168.74
31688,64,512,512,2530.49
246942,256,512,512,10009.8
187181,64,2048,512,5674.68
108105,64,512,512,7676.89
107497,64,512,512,7818.32
65349,64,512,512,4872.82
112066,64,512,512,8124.59
53552,64,512,512,4108.13
46022,64,512,512,4052.46
38979,64,512,512,3051.42
28332,64,512,512,2234.72
181465,256,512,512,7968.72
138731,64,2048,512,4983.1
44787,64,512,512,3588.97
56702,64,512,512,4592.42
30654,64,512,512,2595.12
40235,64,512,512,3123.31
49209,64,512,512,3884.28
55295,64,512,512,4415.1
37240,64,512,512,3218.32
33400,64,512,512,2911.94
209478,256,512,512,8917.17
170877,64,2048,512,5561.16
59402,64,512,512,4620.48
78627,64,512,512,5897.53
40400,64,512,512,3476.11
58892,64,512,512,4545.67
51857,64,512,512,4136.77
60576,64,512,512,4708.94
42887,64,512,512,3503.66
40323,64,512,512,3291.42
249613,256,512,512,10061
196462,64,2048,512,5922.15
65126,64,512,512,4875.05
73887,64,512,512,5463.37
44367,64,512,512,3445.73
60688,64,512,512,4719.25
60021,64,512,512,4653.36
83964,64,512,512,6226.62
47934,64,512,512,3924.29
56646,64,512,512,4455.17
302452,256,512,512,11917.5
246814,64,2048,512,6632.66
65341,64,512,512,4970.08
81599,64,512,512,6104.86
45839,64,512,512,3660.81
66444,64,512,512,5055.54
63673,64,512,512,4843.32
94580,64,512,512,6936.56
54191,64,512,512,4153.96
65642,64,512,512,5082.13
343356,256,512,512,13185.1
257197,64,2048,512,6825.87
41783,64,512,512,3482.92
52641,64,512,512,4178.27
29547,64,512,512,2680.99
42360,64,512,512,3517.91
216719,256,512,512,8994.95
149618,64,2048,512,5434.54
81604,64,512,512,5930.8
64242,64,512,512,5111
43030,64,512,512,3393.45
61783,64,512,512,4636.73
48481,256,512,512,3015.34
38360,64,2048,512,2968.75
18164,64,512,512,1637.69
29508,64,512,512,3206.95
13422,64,512,512,1334.61
18682,64,512,512,1632.73
101911,256,512,512,5051.74
82333,64,2048,512,4259.89
19741,64,512,512,1846.19
38241,64,512,512,3747.05
15129,64,512,512,1487.84
25640,64,512,512,2101.1
114133,256,512,512,5407.62
85304,64,2048,512,3926.03
36347,64,512,512,2766.27
44755,64,512,512,3450.24
25265,64,512,512,2191.06
30012,64,512,512,2464.23
115983,256,512,512,5338.38
83975,64,2048,512,4026.01
48912,64,512,512,3917.66
44247,64,512,512,3869.33
33185,64,512,512,2946.75
27808,64,512,512,2441.1
83494,256,512,512,4302.5
48292,64,2048,512,2903.96
42541,64,512,512,3314.62
43863,64,512,512,3679.01
30263,64,512,512,2572.15
31688,64,512,512,2601.31
4570384,4161,512,512,14891.9
34247,64,512,512,2700.87
19404,64,512,512,2538.75
16396,64,512,512,1336.51
11969,64,512,512,1025.1
104673,256,512,512,5057.5
81975,64,2048,512,3677.97
97078,64,512,512,7119.12
69893,64,512,512,5624.06
25760,64,512,512,2212.29
69617,64,512,512,5222.46
48869,64,512,512,3609.9
21820,64,512,512,2525.37
15338,64,512,512,1351.7
10662,64,512,512,1001.54
41663,256,512,512,2717.41
36012,64,2048,512,2867.34
42364,64,512,512,3420.68
32657,64,512,512,3051.88
13187,64,512,512,1451.11
17178,64,512,512,1717.37
50871,64,512,512,4063.59
27364,64,512,512,2737.68
15168,64,512,512,1629.22
13381,64,512,512,1422.85
52212,256,512,512,3066.9
48390,64,2048,512,3313.04
55223,64,512,512,4197.37
42626,64,512,512,3577.13
15872,64,512,512,1736.25
24727,64,512,512,2329.64
54011,64,512,512,4250.75
38147,64,512,512,3335.71
17464,64,512,512,1719.64
16461,64,512,512,1687.23
72869,256,512,512,4011.85
71587,64,2048,512,3982.52
66349,64,512,512,4949.23
49036,64,512,512,3977.98
18628,64,512,512,1893.81
30148,64,512,512,2592.4
63533,64,512,512,4816.99
47347,64,512,512,3902.5
19514,64,512,512,1768.97
23243,64,512,512,1948.49
100398,256,512,512,4833.36
85572,64,2048,512,3860.46
58607,64,512,512,4489.78
37223,64,512,512,3314.97
14595,64,512,512,1653.12
23119,64,512,512,2183.42
70285,64,512,512,5272.45
56422,64,512,512,4447.49
21842,64,512,512,2165.99
27155,64,512,512,2674.54
130289,256,512,512,5149.7
90678,64,2048,512,3325.46
48564,64,512,512,3709.21
26377,64,512,512,2541.59
9201,64,512,512,1191.6
16237,64,512,512,1724.87
58872,256,512,512,3247.66
55804,64,2048,512,3288.87
69433,64,512,512,5257.46
57004,64,512,512,4873.7
12532,64,512,512,1298.74
53312,64,512,512,4073.6
19051,256,512,512,1619.64
20119,64,2048,512,2276.87
10834,64,512,512,1043.49
21594,64,512,512,2703.58
3649,64,512,512,534.579
14972,64,512,512,1348.11
19537,256,512,512,1740.73
20744,64,2048,512,2238.58
32975,64,512,512,2674.37
19159,64,512,512,2560.72
8520,64,512,512,1013.95
9463,64,512,512,884.728
21054,256,512,512,1905.02
21606,64,2048,512,2343.78
19284,64,512,512,1721.02
16852,64,512,512,1733.41
5429,64,512,512,622.725
8863,64,512,512,849.633
20900,256,512,512,1773.16
18007,64,2048,512,1907.96
29744,64,512,512,2571.2
15941,64,512,512,2015.85
7369,64,512,512,977.483
9554,64,512,512,988.323
16100,256,512,512,1607.29
9871,64,2048,512,1270.55
32053,64,512,512,2585.51
18132,64,512,512,2064.78
7471,64,512,512,791.996
12811,64,512,512,1037.8
2802367,4161,512,512,11034.5
17538,64,512,512,1439.64
9689,64,512,512,1501.95
9630,64,512,512,833.563
5732,64,512,512,570.792
49727,256,512,512,3054.54
41575,64,2048,512,2582.4
60339,64,512,512,4573.3
33846,64,512,512,3280.84
10762,64,512,512,1023.64
34845,64,512,512,2696.27
27165,64,512,512,2112.21
12022,64,512,512,1626.38
7018,64,512,512,767.545
4981,64,512,512,560.292
18329,256,512,512,1725.74
18724,64,2048,512,1950.03
20384,64,512,512,1858.53
20795,64,512,512,2081.32
5704,64,512,512,793.221
9461,64,512,512,1058.72
21954,64,512,512,2084.34
12498,64,512,512,1613.49
5460,64,512,512,786.496
4860,64,512,512,682.046
19355,256,512,512,1822.72
20125,64,2048,512,1944.91
29397,64,512,512,2559.32
26491,64,512,512,2396.02
6978,64,512,512,940.233
12252,64,512,512,1403.34
23425,64,512,512,2169.61
20550,64,512,512,2229.53
6200,64,512,512,859.396
7340,64,512,512,932.767
25190,256,512,512,2062.7
29575,64,2048,512,2447.57
33448,64,512,512,2769.38
35320,64,512,512,2971.42
8490,64,512,512,1036.16
16466,64,512,512,1649.23
25495,64,512,512,2464.92
36244,64,512,512,3154.57
7017,64,512,512,950.532
11888,64,512,512,1383.23
33082,256,512,512,2441.03
44738,64,2048,512,3123.28
25079,64,512,512,2333.68
31458,64,512,512,2945.25
6391,64,512,512,905.081
14370,64,512,512,1522.85
44130,64,512,512,3635.19
37424,64,512,512,3242.81
10100,64,512,512,1218.89
15476,64,512,512,1798.23
42127,256,512,512,2810.87
29857,64,2048,512,2005.3
18768,64,512,512,1871.48
14559,64,512,512,1702.81
3701,64,512,512,569.878
9011,64,512,512,1142.71
26707,256,512,512,2149.62
26895,64,2048,512,2260.92
46041,64,512,512,3636.37
39819,64,512,512,3607.71
5371,64,512,512,691.054
35052,64,512,512,2787.99
3789,256,512,512,531.138
3298,64,2048,512,581.114
10357,64,512,512,1026.18
5954,64,512,512,946.912
2109,64,512,512,330.257
2920,64,512,512,379.452
3678,256,512,512,495.291
3035,64,2048,512,533.891
3920,64,512,512,500.938
6539,64,512,512,1042.38
1294,64,512,512,221.742
3906,64,512,512,447.791
6591,256,512,512,854.033
6228,64,2048,512,942.521
10973,64,512,512,1152.32
10235,64,512,512,1462.08
2888,64,512,512,457.143
6614,64,512,512,700.96
5856,256,512,512,754.548
5056,64,2048,512,773.163
21060,64,512,512,1906.31
9576,64,512,512,1364.1
4067,64,512,512,561.111
4228,64,512,512,569.836
4933,256,512,512,632.284
2797,64,2048,512,464.57
16062,64,512,512,1575.77
8583,64,512,512,1184.07
3442,64,512,512,531.609
6578,64,512,512,779.73
1362291,4161,512,512,8148.43
0,64,512,512,0
929,64,512,512,184.383
0,64,512,512,0
246,64,512,512,46.6461
14047,256,512,512,1479.21
20596,64,2048,512,2059.92
22905,64,512,512,2037.58
27236,64,512,512,2684.18
5473,64,512,512,562.776
25435,64,512,512,2173.76
0,64,512,512,0
77,64,512,512,16.2063
0,64,512,512,0
19,64,512,512,3.98062
1932,256,512,512,281.748
1833,64,2048,512,327.376
8299,64,512,512,1046.86
20258,64,512,512,2251.12
4656,64,512,512,634.171
6968,64,512,512,896.278
39,64,512,512,8.08185
6,64,512,512,1.23314
8,64,512,512,1.63777
20,64,512,512,4.31267
1005,256,512,512,157.5
960,64,2048,512,191.533
15889,64,512,512,1538.98
26465,64,512,512,2647.33
4629,64,512,512,702.562
9380,64,512,512,1094.68
2992,64,512,512,375.526
1844,64,512,512,366.578
640,64,512,512,121.385
401,64,512,512,75.2831
1423,256,512,512,219.588
1698,64,2048,512,333.636
13471,64,512,512,1365.45
25799,64,512,512,2551.75
5084,64,512,512,753.5
10880,64,512,512,1193.27
10658,64,512,512,984.43
7785,64,512,512,742.467
5360,64,512,512,451.131
2762,64,512,512,284.605
1185,256,512,512,145.852
1198,64,2048,512,221.647
4459,64,512,512,492.962
4413,64,512,512,687.317
1897,64,512,512,293.129
1883,64,512,512,302.172
30410,64,512,512,2625.87
23696,64,512,512,2633.71
14210,64,512,512,1507.39
7168,64,512,512,912.83
1373,256,512,512,194.476
1671,64,2048,512,336.048
5531,64,512,512,626.698
2353,64,512,512,411.566
2904,64,512,512,420.889
743,64,512,512,139.498
0,256,512,512,0
0,64,2048,512,0
9554,64,512,512,1011.98
19357,64,512,512,2058.02
5442,64,512,512,708.882
13274,64,512,512,1212.03
0,256,512,512,0
0,64,2048,512,0
1670,64,512,512,259.078
1644,64,512,512,326.697
1203,64,512,512,190.48
301,64,512,512,57.3095
159,256,512,512,25.2996
274,64,2048,512,58.7234
87,64,512,512,17.9578
193,64,512,512,40.2502
15,64,512,512,3.29467
19,64,512,512,4.16781
0,256,512,512,0
0,64,2048,512,0
0,64,512,512,0
0,64,512,512,0
0,64,512,512,0
0,64,512,512,0
0,256,512,512,0
0,64,2048,512,0
0,64,512,512,0
0,64,512,512,0
0,64,512,512,0
0,64,512,512,0
0,256,512,512,0
0,64,2048,512,0
0,64,512,512,0
0,64,512,512,0
0,64,512,512,0
0,64,512,512,0
850094,4161,512,512,7508.07
