128761,64,512,512,5369.58
132877,64,512,512,10719.4
142349,64,512,512,11494.2
122501,64,512,512,9789.56
657561,256,512,512,27703.2
587093,64,2048,512,15888.3
158760,64,512,512,12601.9
161312,64,512,512,12936.3
154701,64,512,512,12421.1
163812,64,512,512,13205.3
138452,64,512,512,11168.9
140197,64,512,512,11325.3
139415,64,512,512,11308.1
130440,64,512,512,10575.3
615379,256,512,512,25939.4
552458,64,2048,512,15059.5
122396,64,512,512,9926.69
163814,64,512,512,13179.3
119017,64,512,512,9704.79
156550,64,512,512,12683.5
130692,64,512,512,10694.4
144385,64,512,512,11766.7
131820,64,512,512,10780.1
133155,64,512,512,10778.8
629035,256,512,512,26524.1
550086,64,2048,512,13714.4
129969,64,512,512,9657.29
164324,64,512,512,12275.3
131426,64,512,512,9840.04
157607,64,512,512,11680.5
132401,64,512,512,9824.31
158040,64,512,512,11705.3
136023,64,512,512,10046.2
146596,64,512,512,10975.3
640824,256,512,512,24677
560424,64,2048,512,13996.7
133334,64,512,512,9925.54
165516,64,512,512,12343.3
134172,64,512,512,10058.3
161231,64,512,512,12008.4
128782,64,512,512,9568.87
171580,64,512,512,12748.6
135490,64,512,512,10115.7
157572,64,512,512,11798.7
655737,256,512,512,25221.3
588044,64,2048,512,14687.8
125661,64,512,512,9320.09
154825,64,512,512,11574.4
127452,64,512,512,9549.21
153730,64,512,512,11503.8
129316,64,512,512,9662.62
176891,64,512,512,13063.1
141501,64,512,512,10606.8
161782,64,512,512,12077.5
673253,256,512,512,25921.2
611291,64,2048,512,15178
102691,64,512,512,7691.31
136832,64,512,512,10228.3
105460,64,512,512,7948.75
134494,64,512,512,10083
546132,256,512,512,20970.8
478771,64,2048,512,12078.7
126309,64,512,512,9371.85
127433,64,512,512,9458.32
124950,64,512,512,9248.71
136926,64,512,512,10275.6
512834,256,512,512,19950
430911,64,2048,512,10999.3
89535,64,512,512,6814.26
142150,64,512,512,10628.3
83912,64,512,512,6403.36
126151,64,512,512,9325.74
526135,256,512,512,20268.1
434134,64,2048,512,11012.2
100634,64,512,512,7471.5
132334,64,512,512,9775.82
96583,64,512,512,7261.37
120956,64,512,512,9043.23
527460,256,512,512,20375.3
428269,64,2048,512,10844.8
103808,64,512,512,7753.74
127274,64,512,512,9462.98
102659,64,512,512,7673.11
119034,64,512,512,8791.9
529427,256,512,512,20384.4
424951,64,2048,512,10853.1
117377,64,512,512,8720.23
122898,64,512,512,9170.21
114955,64,512,512,8500.23
118573,64,512,512,8820.15
504860,256,512,512,19435
400093,64,2048,512,10324.3
115234,64,512,512,8503.38
120376,64,512,512,8904.58
114692,64,512,512,8472.18
119087,64,512,512,8826.37
7941902,4161,512,512,24105.8
82388,64,512,512,6014.96
95040,64,512,512,6810.92
95047,64,512,512,6924.79
81972,64,512,512,6072.99
559163,256,512,512,21274.6
479025,64,2048,512,11965.7
123005,64,512,512,9202.66
134139,64,512,512,9897.74
117970,64,512,512,8754.53
136606,64,512,512,10202.1
108827,64,512,512,8189.99
113602,64,512,512,8517.09
110167,64,512,512,8292.2
103331,64,512,512,7776.38
500782,256,512,512,19370.3
433174,64,2048,512,10851
83660,64,512,512,6351.72
139159,64,512,512,10476.9
79680,64,512,512,6083.61
128804,64,512,512,9644.86
93269,64,512,512,6957.13
116477,64,512,512,8643.34
96336,64,512,512,7249.79
100708,64,512,512,7522.37
513866,256,512,512,19845.2
431100,64,2048,512,10938.6
94610,64,512,512,7139.88
138919,64,512,512,10366.9
97046,64,512,512,7280.27
129913,64,512,512,9722.9
91737,64,512,512,6896.39
128003,64,512,512,9505.91
97528,64,512,512,7255.2
111611,64,512,512,8334.82
530735,256,512,512,20522.4
446252,64,2048,512,11210.9
96734,64,512,512,7248.71
139126,64,512,512,10380.1
97673,64,512,512,7261.26
132027,64,512,512,9811.12
99926,64,512,512,7470.41
146522,64,512,512,10906
105672,64,512,512,7859.4
131348,64,512,512,9814.22
560299,256,512,512,21540.9
483219,64,2048,512,12062.4
99871,64,512,512,7509.63
139835,64,512,512,10518.1
100632,64,512,512,7459.92
135476,64,512,512,10161.1
100073,64,512,512,7450.42
158983,64,512,512,11786.1
110849,64,512,512,8259.8
140232,64,512,512,10574.6
584554,256,512,512,22504.2
515851,64,2048,512,12951.4
72786,64,512,512,5221.03
111169,64,512,512,7506.98
75465,64,512,512,5582.25
108697,64,512,512,7995.19
418763,256,512,512,16269.8
331624,64,2048,512,8808.29
104724,64,512,512,7887.7
104369,64,512,512,7883.05
100685,64,512,512,7582.95
114837,64,512,512,8568.93
384080,256,512,512,15047.6
294467,64,2048,512,7925.16
52376,64,512,512,4184.33
108226,64,512,512,8117.46
49216,64,512,512,4066.08
88225,64,512,512,6706.26
390912,256,512,512,15292.6
292071,64,2048,512,7852.35
68275,64,512,512,5300.47
97898,64,512,512,7299.7
65237,64,512,512,5100.75
82951,64,512,512,6282.38
395711,256,512,512,15354.8
291221,64,2048,512,7878.02
71474,64,512,512,5441.5
99155,64,512,512,7487.64
69597,64,512,512,5303.39
91595,64,512,512,6864.91
386282,256,512,512,15064.7
286061,64,2048,512,7723.09
74946,64,512,512,5751.39
93347,64,512,512,7041.08
73526,64,512,512,5657.35
87577,64,512,512,6658.11
372892,256,512,512,14582.1
268393,64,2048,512,7257.91
83966,64,512,512,6342
91238,64,512,512,6862.26
82765,64,512,512,6316.74
85516,64,512,512,6530.44
6970877,4161,512,512,21361
48820,64,512,512,3839.75
61079,64,512,512,4966.28
59699,64,512,512,4659.66
49720,64,512,512,3936.27
457008,256,512,512,17741.2
380232,64,2048,512,9770.75
100329,64,512,512,7601.95
112503,64,512,512,8376.8
94479,64,512,512,7177.04
114846,64,512,512,8563.01
82527,64,512,512,6356.03
86541,64,512,512,6389.44
84021,64,512,512,6438.39
74658,64,512,512,5753.99
371268,256,512,512,14524.5
296938,64,2048,512,7915.31
59207,64,512,512,4604.08
110975,64,512,512,8310.21
55989,64,512,512,4495.31
99131,64,512,512,7532.04
59373,64,512,512,4608.37
88269,64,512,512,6562.45
64712,64,512,512,4993.45
69763,64,512,512,5338.29
383955,256,512,512,14931
302682,64,2048,512,8041.83
75307,64,512,512,5790.9
120987,64,512,512,9042.8
74395,64,512,512,5759.39
110489,64,512,512,8194.62
69106,64,512,512,5344.76
107546,64,512,512,8078.58
74384,64,512,512,5801.76
86780,64,512,512,6549.59
406737,256,512,512,15857
316678,64,2048,512,8300.04
75207,64,512,512,5764.1
115311,64,512,512,8481.29
77122,64,512,512,5830.43
106452,64,512,512,7899.42
75019,64,512,512,5697.02
125521,64,512,512,9345.01
83525,64,512,512,6312.56
105434,64,512,512,7975.53
445126,256,512,512,17286
360576,64,2048,512,9193.23
66207,64,512,512,5083.07
107436,64,512,512,7933.62
69103,64,512,512,5331.25
100659,64,512,512,7553.62
80509,64,512,512,6133.29
140067,64,512,512,10483.6
94610,64,512,512,7133.15
117697,64,512,512,8837.98
469702,256,512,512,18215.4
393501,64,2048,512,9906.56
53044,64,512,512,4195.8
91720,64,512,512,6791.25
54347,64,512,512,4283.83
87767,64,512,512,6570.01
319674,256,512,512,12738.1
246891,64,2048,512,7154.25
64552,64,512,512,5082.96
73664,64,512,512,5685.6
61364,64,512,512,4866.42
83434,64,512,512,6363.55
237924,256,512,512,10338.5
152630,64,2048,512,5081.79
32419,64,512,512,2929.95
75766,64,512,512,6036.54
30510,64,512,512,2775.92
57281,64,512,512,4460.92
239685,256,512,512,10243.9
155797,64,2048,512,5221.95
43886,64,512,512,3602.85
73089,64,512,512,5857.38
39292,64,512,512,3288.81
62094,64,512,512,4772.68
241817,256,512,512,10207.4
154531,64,2048,512,5243.95
49628,64,512,512,3987.49
57036,64,512,512,4711.05
48540,64,512,512,3947.15
49310,64,512,512,3928.99
219154,256,512,512,9360.69
147362,64,2048,512,5036.08
33528,64,512,512,2922.47
53373,64,512,512,4562.53
34631,64,512,512,2998.44
44365,64,512,512,3627.1
195846,256,512,512,8527.8
120625,64,2048,512,4161.32
54241,64,512,512,4400.23
71756,64,512,512,5588.89
51254,64,512,512,4210.97
64594,64,512,512,4966.62
5924545,4161,512,512,18534.9
45935,64,512,512,3601.16
46296,64,512,512,3963.38
52919,64,512,512,4112.01
38370,64,512,512,3020.44
331367,256,512,512,13077.2
265406,64,2048,512,7216.22
65174,64,512,512,4959.38
85635,64,512,512,6462.87
59884,64,512,512,4567.92
89665,64,512,512,6782.37
45262,64,512,512,3627.67
57303,64,512,512,4775.01
48014,64,512,512,3821.63
44781,64,512,512,3560.76
250381,256,512,512,10438
189258,64,2048,512,5698.72
40322,64,512,512,3361.92
85967,64,512,512,6460.65
36932,64,512,512,3150.19
74639,64,512,512,5770.18
44052,64,512,512,3654.54
61540,64,512,512,4898.47
47508,64,512,512,3962.61
46746,64,512,512,3953.88
265383,256,512,512,10960.4
195030,64,2048,512,5900.95
42118,64,512,512,3487.58
91334,64,512,512,6858.36
42774,64,512,512,3452.13
79227,64,512,512,6065.66
38467,64,512,512,3317.1
71031,64,512,512,5595.89
44005,64,512,512,3742.92
53746,64,512,512,4439.07
283233,256,512,512,11484.1
202509,64,2048,512,6052.78
46461,64,512,512,3930.09
78908,64,512,512,6059.94
48194,64,512,512,4032.97
72580,64,512,512,5604.1
43854,64,512,512,3720.78
96524,64,512,512,7268.04
51673,64,512,512,4248.66
76538,64,512,512,5876.66
320489,256,512,512,12593.8
247453,64,2048,512,6953.73
40847,64,512,512,3517.41
81975,64,512,512,6187.23
42541,64,512,512,3584.76
75412,64,512,512,5740.9
49860,64,512,512,4132.83
110313,64,512,512,8221.01
61547,64,512,512,4883.6
88378,64,512,512,6730.04
345592,256,512,512,13536.9
274829,64,2048,512,7483.87
25374,64,512,512,2167.91
60536,64,512,512,4886.37
25890,64,512,512,2293.24
57422,64,512,512,4412.62
209395,256,512,512,9259.38
151186,64,2048,512,5083.54
32695,64,512,512,2738.92
42140,64,512,512,3677.54
30524,64,512,512,2643.41
49135,64,512,512,3909.3
126254,256,512,512,6229.48
76575,64,2048,512,3576.6
17164,64,512,512,1809.65
52044,64,512,512,4536.91
14299,64,512,512,1593.37
37690,64,512,512,3126.83
146819,256,512,512,6984.1
84761,64,2048,512,3737
23183,64,512,512,2242.14
49133,64,512,512,4314.4
21266,64,512,512,2134.4
36818,64,512,512,3098.1
144374,256,512,512,6860.25
87498,64,2048,512,3787.95
20567,64,512,512,1952.08
39685,64,512,512,3712.02
19186,64,512,512,1879.42
32050,64,512,512,2629.81
133310,256,512,512,6554.98
81004,64,2048,512,3436.79
25603,64,512,512,2337.84
40168,64,512,512,3663.71
23381,64,512,512,2169.55
32959,64,512,512,2686.9
117647,256,512,512,5620.8
69633,64,2048,512,2934.35
23953,64,512,512,2260.38
31670,64,512,512,2959.38
22904,64,512,512,2204.96
28133,64,512,512,2518.97
4045117,4161,512,512,14014.3
34335,64,512,512,2826.22
29747,64,512,512,2817.03
42332,64,512,512,3383.52
23730,64,512,512,2123.43
165318,256,512,512,7661.7
114116,64,2048,512,4326.01
34464,64,512,512,2950.84
60724,64,512,512,4816.98
30956,64,512,512,2656.31
62144,64,512,512,4843.06
27947,64,512,512,2283.43
32084,64,512,512,3018.6
31500,64,512,512,2551.06
26063,64,512,512,2195.42
144805,256,512,512,6890.96
93516,64,2048,512,4067.63
19984,64,512,512,2084.52
51570,64,512,512,4162.44
18956,64,512,512,1985.44
45617,64,512,512,3724.13
17384,64,512,512,1952.98
30722,64,512,512,2908.5
20613,64,512,512,2113.2
23618,64,512,512,2441.21
150601,256,512,512,7334.87
91018,64,2048,512,3895.12
22986,64,512,512,2348.58
50560,64,512,512,4214.65
23332,64,512,512,2312.75
48332,64,512,512,3933.53
18710,64,512,512,1789.2
48771,64,512,512,4002.45
22976,64,512,512,2119.37
37207,64,512,512,3373.44
158689,256,512,512,7519.13
91220,64,2048,512,3844.13
25803,64,512,512,2345.33
51980,64,512,512,4305.99
27000,64,512,512,2465.96
50793,64,512,512,4177.38
22110,64,512,512,2326.07
70194,64,512,512,5538.81
27829,64,512,512,2693.59
55987,64,512,512,4663.16
166966,256,512,512,7790.32
100492,64,2048,512,4060.95
16560,64,512,512,1820.78
39864,64,512,512,3508.09
17972,64,512,512,1892.54
38720,64,512,512,3395.93
24537,64,512,512,2325.92
65081,64,512,512,5146.15
35051,64,512,512,3059.8
54980,64,512,512,4725.4
189128,256,512,512,8598.56
109440,64,2048,512,3815.32
6244,64,512,512,951.739
26927,64,512,512,2641.36
7420,64,512,512,1041.36
26093,64,512,512,2432.91
53227,256,512,512,3366.07
34630,64,2048,512,2478.55
13396,64,512,512,1497.54
27558,64,512,512,2606.57
12282,64,512,512,1354.04
32402,64,512,512,2873.31
59715,256,512,512,3583.39
31978,64,2048,512,2580.04
8006,64,512,512,1096.15
25723,64,512,512,2548.88
7531,64,512,512,1056.33
18901,64,512,512,1849.75
73174,256,512,512,3906
37471,64,2048,512,2655.81
7276,64,512,512,860.492
25171,64,512,512,2516.16
6459,64,512,512,812.868
19734,64,512,512,1843.11
77994,256,512,512,4315.61
38793,64,2048,512,2685.92
11015,64,512,512,1412.01
24419,64,512,512,2320.23
10472,64,512,512,1353.52
20582,64,512,512,2047.07
70998,256,512,512,3997.98
35760,64,2048,512,2570.58
8285,64,512,512,1227.35
20839,64,512,512,1987.92
7826,64,512,512,1185.08
17985,64,512,512,1823.05
61917,256,512,512,3718.04
28848,64,2048,512,1881.23
11904,64,512,512,1379.02
21574,64,512,512,2236.73
11724,64,512,512,1316.24
20289,64,512,512,1887.9
1938914,4161,512,512,9714.58
13591,64,512,512,1152.82
11834,64,512,512,1469.61
18364,64,512,512,1547.99
8842,64,512,512,811.239
107573,256,512,512,5586.66
80849,64,2048,512,3466.43
16771,64,512,512,1704.1
28842,64,512,512,2768.19
13807,64,512,512,1482.18
31600,64,512,512,2699.2
13156,64,512,512,1228.6
15612,64,512,512,1902.02
15414,64,512,512,1313.75
10938,64,512,512,1058.7
48981,256,512,512,3255.57
34082,64,2048,512,2460.35
7091,64,512,512,1035.7
27698,64,512,512,2637.2
6302,64,512,512,903.918
21599,64,512,512,2152.57
6119,64,512,512,919.589
11183,64,512,512,1501.7
7324,64,512,512,959.974
7750,64,512,512,1075.64
55048,256,512,512,3416.61
35955,64,2048,512,2465.73
8454,64,512,512,1139.16
27387,64,512,512,2699.06
8560,64,512,512,1151.12
22070,64,512,512,2245.31
7508,64,512,512,1097.66
18737,64,512,512,2127.24
9838,64,512,512,1313.48
12906,64,512,512,1596.04
63204,256,512,512,3847.6
40951,64,2048,512,2526.13
10143,64,512,512,1327.62
31538,64,512,512,2945.32
10640,64,512,512,1287.89
26736,64,512,512,2643.85
10085,64,512,512,1377.85
31635,64,512,512,3050.63
12905,64,512,512,1594.07
23675,64,512,512,2394.81
75648,256,512,512,4228.14
51508,64,2048,512,2421.84
8793,64,512,512,1030.95
23635,64,512,512,2341.98
8673,64,512,512,1071.77
20949,64,512,512,2018.88
11498,64,512,512,1425.83
50919,64,512,512,4204.28
15955,64,512,512,1756.98
35619,64,512,512,3220.7
90763,256,512,512,4952.62
66881,64,2048,512,2362.32
2012,64,512,512,365.196
9731,64,512,512,1097.22
2143,64,512,512,379.481
8160,64,512,512,1049.01
53936,256,512,512,3330.22
37885,64,2048,512,2360.25
4860,64,512,512,575.978
8693,64,512,512,1205.27
4594,64,512,512,569.953
10765,64,512,512,1115.4
19771,256,512,512,1888.23
11460,64,2048,512,1247.09
3116,64,512,512,558.361
17085,64,512,512,2181.21
2706,64,512,512,518.67
11679,64,512,512,1222.21
21492,256,512,512,1853.81
12675,64,2048,512,1385.1
3128,64,512,512,510.122
8602,64,512,512,1314.29
2649,64,512,512,440.858
5842,64,512,512,807.708
21069,256,512,512,1963.22
12926,64,2048,512,1289.78
3130,64,512,512,533.675
8456,64,512,512,1256.41
2888,64,512,512,493.57
5920,64,512,512,684.912
16569,256,512,512,1663.76
10555,64,2048,512,1153
3975,64,512,512,591.051
9829,64,512,512,1375.83
3688,64,512,512,565.889
6880,64,512,512,764.258
14652,256,512,512,1508.76
9374,64,2048,512,864.062
2878,64,512,512,480.869
5607,64,512,512,835.036
2627,64,512,512,449.901
4187,64,512,512,556.043
1251031,4161,512,512,8144.24
7994,64,512,512,753.595
6230,64,512,512,1058.68
10825,64,512,512,948.859
4266,64,512,512,481.795
37336,256,512,512,2885.95
28863,64,2048,512,2164.91
5646,64,512,512,819.263
17872,64,512,512,2066.87
4679,64,512,512,747.184
21603,64,512,512,1999.58
5126,64,512,512,544.233
5757,64,512,512,959.301
6474,64,512,512,642.481
3865,64,512,512,489.977
18332,256,512,512,1844.26
14699,64,2048,512,1636.8
3668,64,512,512,609.113
11791,64,512,512,1523.32
3797,64,512,512,642.233
10070,64,512,512,1237.48
3401,64,512,512,546.291
5162,64,512,512,855.035
4111,64,512,512,633.101
3691,64,512,512,602.152
13036,256,512,512,1559.04
9863,64,2048,512,1291.23
4359,64,512,512,710.731
13924,64,512,512,1708.34
4174,64,512,512,714.421
11995,64,512,512,1532.3
3302,64,512,512,578.664
7543,64,512,512,1170.76
4222,64,512,512,684.314
6012,64,512,512,913.548
12635,256,512,512,1510.97
9668,64,2048,512,1312.81
4405,64,512,512,684.937
10699,64,512,512,1419.44
4559,64,512,512,667.925
9516,64,512,512,1279.95
4352,64,512,512,748.772
15753,64,512,512,1908.44
5559,64,512,512,841.158
12052,64,512,512,1524.79
14538,256,512,512,1575.29
11200,64,2048,512,1243.41
2258,64,512,512,415.575
8183,64,512,512,1225.17
2408,64,512,512,410.878
6857,64,512,512,968.332
4500,64,512,512,763.036
23566,64,512,512,2426.43
5989,64,512,512,881.506
17053,64,512,512,1879.12
17556,256,512,512,1814.1
14256,64,2048,512,949.233
742,64,512,512,153.266
2728,64,512,512,474.977
806,64,512,512,175.182
2370,64,512,512,399.326
21989,256,512,512,2044.42
16969,64,2048,512,1720.67
1040,64,512,512,208.508
6990,64,512,512,1093.58
971,64,512,512,196.696
10210,64,512,512,1220.93
4276,256,512,512,599.562
3145,64,2048,512,548.029
1083,64,512,512,221.373
7508,64,512,512,1185.16
989,64,512,512,201.477
5246,64,512,512,692.827
3167,256,512,512,488.735
2309,64,2048,512,407.321
1566,64,512,512,286.387
4323,64,512,512,709.744
1368,64,512,512,254.867
3317,64,512,512,458.486
2099,256,512,512,350.509
1606,64,2048,512,306.69
1259,64,512,512,245.823
3983,64,512,512,701.928
1243,64,512,512,245.789
2880,64,512,512,461.816
1483,256,512,512,248.917
1166,64,2048,512,210.719
827,64,512,512,168.378
1872,64,512,512,365.803
712,64,512,512,142.347
1394,64,512,512,243.149
1887,256,512,512,308.901
1200,64,2048,512,216.302
419,64,512,512,92.0563
812,64,512,512,156.22
391,64,512,512,79.5524
645,64,512,512,129.437
584680,4161,512,512,6423.7
131072,64,512,512,9810.56
131072,64,512,512,9696.02
131072,64,512,512,9810.78
131072,64,512,512,9665.41
524288,256,512,512,20113.9
524288,64,2048,512,13198.7
131072,64,512,512,9777.17
131072,64,512,512,9790.63
131072,64,512,512,9743.32
131072,64,512,512,9927.59
131072,64,512,512,9769.88
131072,64,512,512,9787.2
131072,64,512,512,9899.24
131072,64,512,512,9674.78
524288,256,512,512,20266.3
524288,64,2048,512,13171.9
131072,64,512,512,9741.51
131072,64,512,512,9759.65
131072,64,512,512,9752.84
131072,64,512,512,9712.41
131071,64,512,512,9789.41
131072,64,512,512,9842.09
131072,64,512,512,9815.38
131072,64,512,512,9730.44
524288,256,512,512,20191.6
524288,64,2048,512,13110
131072,64,512,512,9774.66
131072,64,512,512,9769.65
131072,64,512,512,9813.31
131072,64,512,512,9728.64
131072,64,512,512,9757.83
131072,64,512,512,9810.78
131072,64,512,512,9796.58
131072,64,512,512,9676.12
524288,256,512,512,20168.6
524287,64,2048,512,13102.3
131072,64,512,512,9819.74
131072,64,512,512,9709.94
131072,64,512,512,9772.84
131072,64,512,512,9754.66
131072,64,512,512,9744.46
131072,64,512,512,9869.65
131072,64,512,512,9896.9
131072,64,512,512,9767.38
524288,256,512,512,20195.5
524288,64,2048,512,13131.2
131072,64,512,512,9778.53
131072,64,512,512,9769.19
131072,64,512,512,9746.49
131072,64,512,512,9743.32
131072,64,512,512,9888.73
131072,64,512,512,9820.66
131072,64,512,512,9876.86
131072,64,512,512,9725.03
524288,256,512,512,20246.5
524288,64,2048,512,13133.1
131072,64,512,512,9723.67
131072,64,512,512,9793.6
131072,64,512,512,9790.63
131072,64,512,512,9756.02
524288,256,512,512,20399.1
524288,64,2048,512,13163.7
131072,64,512,512,9755.11
131072,64,512,512,9987.16
131072,64,512,512,9776.25
131072,64,512,512,9759.88
524288,256,512,512,20301.3
524288,64,2048,512,13193.5
131072,64,512,512,9691.54
131072,64,512,512,9726.6
131072,64,512,512,9663.19
131072,64,512,512,9742.87
524288,256,512,512,20271.9
524288,64,2048,512,13387.9
131072,64,512,512,9696.7
131072,64,512,512,9807.8
131072,64,512,512,9831.25
131072,64,512,512,9713.31
524288,256,512,512,20165.4
524288,64,2048,512,13287.8
131072,64,512,512,9711.74
131072,64,512,512,9715.56
131072,64,512,512,9839.78
131072,64,512,512,9714.21
524288,256,512,512,20255.5
524288,64,2048,512,13241.4
131072,64,512,512,9783.09
131072,64,512,512,9704.1
131072,64,512,512,9761.69
131072,64,512,512,9706.35
524288,256,512,512,20275.6
524288,64,2048,512,13227.7
131072,64,512,512,8442.64
131072,64,512,512,8853.23
131072,64,512,512,9489.81
131072,64,512,512,9691.99
8521728,4161,512,512,25977.7
104857,64,512,512,7778.53
104857,64,512,512,7822.6
104857,64,512,512,7814.76
104857,64,512,512,7951.43
419430,256,512,512,16364.2
419430,64,2048,512,10639.5
104857,64,512,512,7873.44
104857,64,512,512,7838.5
104857,64,512,512,7895.68
104857,64,512,512,7969.19
104857,64,512,512,7715.4
104857,64,512,512,7798.78
104857,64,512,512,7782.5
104857,64,512,512,7874.18
419430,256,512,512,16311.7
419430,64,2048,512,10727.3
104857,64,512,512,7929.82
104857,64,512,512,7812.22
104857,64,512,512,7918.22
104857,64,512,512,7931.51
104857,64,512,512,7752.12
104856,64,512,512,7832.02
104857,64,512,512,7815.31
104857,64,512,512,7904.05
419430,256,512,512,16360.8
419430,64,2048,512,10684.7
104857,64,512,512,7819.87
104857,64,512,512,7842.34
104857,64,512,512,7773.31
104857,64,512,512,7940.52
104857,64,512,512,7786.29
104857,64,512,512,7851.15
104857,64,512,512,7775.11
104857,64,512,512,7883.06
419429,256,512,512,16417.8
419429,64,2048,512,10683.9
104857,64,512,512,7807.31
104857,64,512,512,7857.4
104857,64,512,512,7833.74
104857,64,512,512,7926.08
104857,64,512,512,7824.61
104857,64,512,512,7851.34
104857,64,512,512,7839.23
104857,64,512,512,6536.45
419430,256,512,512,16163.6
419430,64,2048,512,10651.1
104857,64,512,512,7801.86
104857,64,512,512,7784.13
104857,64,512,512,7757.13
104857,64,512,512,7865.69
104857,64,512,512,7807.85
104857,64,512,512,7739.42
104857,64,512,512,7805.31
104857,64,512,512,7784.49
419430,256,512,512,16324.8
419430,64,2048,512,10699.5
104857,64,512,512,7801.68
104857,64,512,512,7830.82
104857,64,512,512,7825.34
104857,64,512,512,7767.55
419430,256,512,512,16461.4
419430,64,2048,512,10654
104857,64,512,512,7943.15
104857,64,512,512,8005.69
104857,64,512,512,7891.78
104857,64,512,512,7879.55
419430,256,512,512,16420.9
419430,64,2048,512,10784.7
104857,64,512,512,7874
104857,64,512,512,7863.48
104857,64,512,512,7869.57
104857,64,512,512,7965.4
419430,256,512,512,16302
419430,64,2048,512,10804.3
104857,64,512,512,7962
104857,64,512,512,7890.48
104857,64,512,512,7869.2
104857,64,512,512,7767.37
419430,256,512,512,16335.1
419430,64,2048,512,10735.3
104857,64,512,512,7805.13
104857,64,512,512,7822.96
104857,64,512,512,7836.12
104857,64,512,512,7876.59
419429,256,512,512,16302.8
419430,64,2048,512,10780.7
104857,64,512,512,7885.84
104857,64,512,512,7908.14
104857,64,512,512,7759.47
104857,64,512,512,7930.01
419430,256,512,512,16370.2
419430,64,2048,512,10710.3
104857,64,512,512,7768.63
104857,64,512,512,7856.48
104857,64,512,512,7783.4
104857,64,512,512,7841.25
6817381,4161,512,512,21145.9
78643,64,512,512,5936.3
78642,64,512,512,6009.8
78643,64,512,512,5994.85
78643,64,512,512,6060.39
314572,256,512,512,12431.2
314572,64,2048,512,8239.65
78643,64,512,512,5947.25
78643,64,512,512,6072.68
78643,64,512,512,5927.22
78643,64,512,512,6125.74
78643,64,512,512,6010.89
78643,64,512,512,6031.63
78643,64,512,512,6104.05
78643,64,512,512,5998.71
314572,256,512,512,12491.4
314571,64,2048,512,8314.07
78643,64,512,512,6043.22
78643,64,512,512,6008.02
78643,64,512,512,5984.16
78643,64,512,512,6003.29
78643,64,512,512,5968.54
78643,64,512,512,6092.08
78643,64,512,512,5970.1
78643,64,512,512,6035.68
314572,256,512,512,12420.8
314572,64,2048,512,8323.72
78643,64,512,512,5974.35
78643,64,512,512,6029.03
78643,64,512,512,6013.76
78643,64,512,512,6057.77
78643,64,512,512,6023.83
78643,64,512,512,6101.24
78643,64,512,512,6012.03
78643,64,512,512,6037.85
314572,256,512,512,12562
314572,64,2048,512,8308.27
78643,64,512,512,6035.54
78643,64,512,512,5936.86
78643,64,512,512,5981.31
78643,64,512,512,5919.83
78643,64,512,512,6011.17
78643,64,512,512,6040.46
78643,64,512,512,5991.42
78643,64,512,512,6170.35
314572,256,512,512,12518.9
314572,64,2048,512,8222.89
78643,64,512,512,6098.58
78643,64,512,512,5986.29
78643,64,512,512,6025.42
78643,64,512,512,5956.96
78643,64,512,512,6059.66
78643,64,512,512,6016.2
78643,64,512,512,5952.87
78643,64,512,512,6193.74
314572,256,512,512,12458.5
314572,64,2048,512,8261.42
78643,64,512,512,5988.86
78643,64,512,512,5922.89
78643,64,512,512,5859.18
78643,64,512,512,6002.86
314572,256,512,512,12799.4
314572,64,2048,512,8287.2
78643,64,512,512,6113.84
78643,64,512,512,6064.04
78643,64,512,512,6034.24
78643,64,512,512,6090.31
314572,256,512,512,12584.3
314572,64,2048,512,8277.05
78643,64,512,512,6080.3
78643,64,512,512,5978.61
78643,64,512,512,6046.12
78643,64,512,512,6088.84
314572,256,512,512,12459.2
314572,64,2048,512,8491.18
78643,64,512,512,5885.35
78643,64,512,512,5968.4
78643,64,512,512,5972.94
78643,64,512,512,6166.72
314572,256,512,512,12544.5
314571,64,2048,512,8346.13
78643,64,512,512,5984.16
78643,64,512,512,5937.42
78643,64,512,512,5926.52
78643,64,512,512,5968.55
314572,256,512,512,12489.5
314572,64,2048,512,8326.89
78643,64,512,512,6015.63
78643,64,512,512,6008.02
78643,64,512,512,5987.57
78643,64,512,512,6031.05
314572,256,512,512,12474.1
314572,64,2048,512,8195.84
78643,64,512,512,6038.29
78643,64,512,512,5997.56
78643,64,512,512,5987.15
78643,64,512,512,6018.07
5113037,4161,512,512,16984.5
52428,64,512,512,4191.31
52428,64,512,512,4221.26
52428,64,512,512,4189.11
52428,64,512,512,4303.55
209715,256,512,512,9206.23
209715,64,2048,512,5956.33
52428,64,512,512,4155.7
52428,64,512,512,4211.51
52428,64,512,512,4198.34
52428,64,512,512,4196.55
52428,64,512,512,4243.04
52428,64,512,512,4326.08
52428,64,512,512,4245.62
52428,64,512,512,4258.22
209715,256,512,512,9189.22
209715,64,2048,512,6083.93
52428,64,512,512,4281.7
52428,64,512,512,4350.99
52428,64,512,512,4205.18
52428,64,512,512,4214.37
52428,64,512,512,4276.57
52428,64,512,512,4295.62
52428,64,512,512,4204.76
52428,64,512,512,4157.35
209715,256,512,512,9230.41
209715,64,2048,512,6127.76
52428,64,512,512,4305.21
52428,64,512,512,4383.16
52428,64,512,512,4277.55
52428,64,512,512,4140.01
52428,64,512,512,4339.4
52428,64,512,512,4320.29
52428,64,512,512,4234.9
52428,64,512,512,4311.3
209715,256,512,512,9148.88
209715,64,2048,512,6049.54
52428,64,512,512,4223.49
52428,64,512,512,4300.8
52428,64,512,512,4221.05
52428,64,512,512,4238.43
52428,64,512,512,4311.41
52428,64,512,512,4229.56
52428,64,512,512,4250.46
52428,64,512,512,4372.53
209715,256,512,512,9093.34
209715,64,2048,512,6045.56
52428,64,512,512,4198.86
52428,64,512,512,4348.85
52428,64,512,512,4221.47
52428,64,512,512,4097.34
52428,64,512,512,4318.17
52428,64,512,512,4291.56
52428,64,512,512,4222.22
52428,64,512,512,4347.38
209715,256,512,512,9270.71
209715,64,2048,512,5872.46
52428,64,512,512,4329.21
52428,64,512,512,4199.81
52428,64,512,512,4340.97
52428,64,512,512,4227.32
209715,256,512,512,9090.02
209715,64,2048,512,5978.03
52428,64,512,512,4354.72
52428,64,512,512,4264.83
52428,64,512,512,4492.55
52428,64,512,512,4278.31
209715,256,512,512,9132.57
209715,64,2048,512,6150.67
52428,64,512,512,4361.62
52428,64,512,512,4295.95
52428,64,512,512,4292.65
52428,64,512,512,4334.58
209715,256,512,512,9279.43
209715,64,2048,512,6240.12
52428,64,512,512,4320.4
52428,64,512,512,4236.61
52428,64,512,512,4278.86
52428,64,512,512,4311.85
209715,256,512,512,8957.05
209715,64,2048,512,6133.02
52428,64,512,512,4339.62
52428,64,512,512,4192.25
52428,64,512,512,4259.41
52428,64,512,512,4217.44
209715,256,512,512,9069.38
209715,64,2048,512,6037.84
52428,64,512,512,4315.18
52428,64,512,512,4299.58
52428,64,512,512,4234.47
52428,64,512,512,4274.93
209715,256,512,512,9155.62
209715,64,2048,512,6002.47
52428,64,512,512,4274.28
52428,64,512,512,4173.07
52428,64,512,512,4204.54
52428,64,512,512,4319.51
3408691,4161,512,512,12386.8
26214,64,512,512,2436.95
26214,64,512,512,2205.12
26214,64,512,512,2400.75
26214,64,512,512,2499.99
104857,256,512,512,5473.77
104857,64,2048,512,3850.92
26214,64,512,512,2492.86
26214,64,512,512,2247
26214,64,512,512,2433.77
26214,64,512,512,2503.05
26214,64,512,512,2458.02
26214,64,512,512,2499.99
26214,64,512,512,2360.16
26214,64,512,512,2502.01
104857,256,512,512,5555.89
104857,64,2048,512,3938.99
26214,64,512,512,2417.36
26214,64,512,512,2501.71
26214,64,512,512,2363.82
26214,64,512,512,2372.37
26214,64,512,512,2560.04
26214,64,512,512,2499.4
26214,64,512,512,2500.07
26214,64,512,512,2484
104857,256,512,512,5446.67
104857,64,2048,512,3840.61
26214,64,512,512,2465.68
26214,64,512,512,2558.16
26214,64,512,512,2378.83
26214,64,512,512,2311.77
26214,64,512,512,2595.44
26214,64,512,512,2506.94
26214,64,512,512,2505.59
26214,64,512,512,2606.65
104857,256,512,512,5627.16
104857,64,2048,512,3763.46
26214,64,512,512,2514.23
26214,64,512,512,2615.6
26214,64,512,512,2560.51
26214,64,512,512,2289.49
26214,64,512,512,2586.72
26214,64,512,512,2567.01
26214,64,512,512,2566.15
26214,64,512,512,2520.2
104857,256,512,512,5528.06
104857,64,2048,512,3820.23
26214,64,512,512,2548.76
26214,64,512,512,2473.24
26214,64,512,512,2540.27
26214,64,512,512,2368.42
26214,64,512,512,2724.59
26214,64,512,512,2490.64
26214,64,512,512,2627.72
26214,64,512,512,2569.53
104857,256,512,512,5691.98
104857,64,2048,512,3234.74
26214,64,512,512,2613.4
26214,64,512,512,2290.87
26214,64,512,512,2623.28
26214,64,512,512,2571.73
104857,256,512,512,5613.89
104857,64,2048,512,3728.25
26214,64,512,512,2511.22
26214,64,512,512,2404.13
26214,64,512,512,2741.42
26214,64,512,512,2423.36
104857,256,512,512,5507.37
104857,64,2048,512,3799.94
26214,64,512,512,2583.37
26214,64,512,512,2507.62
26214,64,512,512,2570.94
26214,64,512,512,2589.2
104857,256,512,512,5371.68
104857,64,2048,512,4023.82
26214,64,512,512,2593.52
26214,64,512,512,2566.54
26214,64,512,512,2565.05
26214,64,512,512,2565.83
104857,256,512,512,5169.19
104857,64,2048,512,3877.22
26214,64,512,512,2615.02
26214,64,512,512,2535.05
26214,64,512,512,2500.51
26214,64,512,512,2541.96
104857,256,512,512,5310.47
104857,64,2048,512,3807.62
26214,64,512,512,2512.2
26214,64,512,512,2510.84
26214,64,512,512,2419.03
26214,64,512,512,2567.64
104857,256,512,512,5549.82
104857,64,2048,512,3709.58
26214,64,512,512,2609.98
26214,64,512,512,2473.53
26214,64,512,512,2582.98
26214,64,512,512,2541.12
1704346,4161,512,512,8803.3
13107,64,512,512,1484.32
13107,64,512,512,1230.34
13107,64,512,512,1417.31
13107,64,512,512,1504.55
52428,256,512,512,3238.29
52428,64,2048,512,2547.02
13107,64,512,512,1456.94
13107,64,512,512,1291.93
13107,64,512,512,1462.17
13107,64,512,512,1451.19
13107,64,512,512,1522.58
13107,64,512,512,1494.31
13107,64,512,512,1492.88
13107,64,512,512,1452.05
52428,256,512,512,3566
52428,64,2048,512,2550.12
13107,64,512,512,1591.98
13107,64,512,512,1533.26
13107,64,512,512,1493.62
13107,64,512,512,1482.22
13107,64,512,512,1670.61
13107,64,512,512,1506.23
13107,64,512,512,1567.06
13107,64,512,512,1559.54
52428,256,512,512,3479.11
52428,64,2048,512,2599.79
13107,64,512,512,1417.64
13107,64,512,512,1649.78
13107,64,512,512,1460.03
13107,64,512,512,1393.57
13107,64,512,512,1638.25
13107,64,512,512,1497.51
13107,64,512,512,1547
13107,64,512,512,1655.19
52428,256,512,512,3431.92
52427,64,2048,512,2536.96
13107,64,512,512,1646.03
13107,64,512,512,1488.59
13107,64,512,512,1631.24
13107,64,512,512,1583.51
13107,64,512,512,1675.42
13107,64,512,512,1529.07
13107,64,512,512,1637.67
13107,64,512,512,1617.59
52428,256,512,512,3538.55
52428,64,2048,512,2512.38
13107,64,512,512,1642.03
13107,64,512,512,1411.73
13107,64,512,512,1660.49
13107,64,512,512,1569.17
13107,64,512,512,1689.11
13107,64,512,512,1573.71
13107,64,512,512,1647.58
13107,64,512,512,1657.21
52428,256,512,512,3504.84
52428,64,2048,512,1946.65
13107,64,512,512,1603.98
13107,64,512,512,1305.97
13107,64,512,512,1613.11
13107,64,512,512,1638.69
52428,256,512,512,3453.68
52428,64,2048,512,2844.52
13107,64,512,512,1459.63
13107,64,512,512,1450.69
13107,64,512,512,1528.07
13107,64,512,512,1416.68
52428,256,512,512,3444.96
52427,64,2048,512,2567.55
13107,64,512,512,1653.29
13107,64,512,512,1494.42
13107,64,512,512,1620.21
13107,64,512,512,1644.28
52427,256,512,512,3161.76
52428,64,2048,512,2647.79
13107,64,512,512,1617.34
13107,64,512,512,1457.34
13107,64,512,512,1655.12
13107,64,512,512,1620.15
52428,256,512,512,3037.1
52428,64,2048,512,2702.73
13107,64,512,512,1543.87
13107,64,512,512,1451.54
13107,64,512,512,1417.21
13107,64,512,512,1487.85
52428,256,512,512,3361.31
52428,64,2048,512,2630.56
13107,64,512,512,1545.47
13107,64,512,512,1386.11
13107,64,512,512,1565.77
13107,64,512,512,1597.68
52428,256,512,512,3497.39
52428,64,2048,512,2544.89
13107,64,512,512,1445.99
13107,64,512,512,1383.51
13107,64,512,512,1400.88
13107,64,512,512,1599.21
852171,4161,512,512,7006.87
5242,64,512,512,788.568
5242,64,512,512,617.568
5242,64,512,512,785.576
5242,64,512,512,827.998
20971,256,512,512,1810.58
20971,64,2048,512,1558.53
5242,64,512,512,799.086
5242,64,512,512,741.017
5242,64,512,512,805.726
5242,64,512,512,784.951
5242,64,512,512,788.494
5242,64,512,512,792.629
5242,64,512,512,782.498
5242,64,512,512,782.389
20971,256,512,512,2037.81
20971,64,2048,512,1723.26
5242,64,512,512,795.561
5242,64,512,512,817.746
5242,64,512,512,751.407
5242,64,512,512,812.793
5242,64,512,512,859.786
5242,64,512,512,813.818
5242,64,512,512,833.346
5242,64,512,512,819.143
20971,256,512,512,2028.76
20971,64,2048,512,1731.22
5242,64,512,512,830.293
5242,64,512,512,841.667
5242,64,512,512,820.024
5242,64,512,512,769.751
5242,64,512,512,859.081
5242,64,512,512,839.476
5242,64,512,512,827.794
5242,64,512,512,778.756
20971,256,512,512,1991.72
20971,64,2048,512,1583.88
5242,64,512,512,824.336
5242,64,512,512,836.504
5242,64,512,512,819.784
5242,64,512,512,818.224
5242,64,512,512,880.27
5242,64,512,512,852.359
5242,64,512,512,863.681
5242,64,512,512,850.63
20971,256,512,512,2004.52
20971,64,2048,512,1673.62
5242,64,512,512,843.911
5242,64,512,512,788.086
5242,64,512,512,854.356
5242,64,512,512,842.893
5242,64,512,512,895.065
5242,64,512,512,844.336
5242,64,512,512,857.851
5242,64,512,512,864.171
20971,256,512,512,2019.9
20971,64,2048,512,1368.47
5242,64,512,512,885.193
5242,64,512,512,614.875
5242,64,512,512,853.79
5242,64,512,512,791.059
20971,256,512,512,2053.78
20971,64,2048,512,1902.56
5242,64,512,512,782.206
5242,64,512,512,802.719
5242,64,512,512,864.393
5242,64,512,512,681.748
20971,256,512,512,1976.82
20971,64,2048,512,1748.68
5242,64,512,512,852.575
5242,64,512,512,767.954
5242,64,512,512,812.36
5242,64,512,512,854.182
20971,256,512,512,1892.1
20971,64,2048,512,1741.1
5242,64,512,512,845.399
5242,64,512,512,808.912
5242,64,512,512,838.973
5242,64,512,512,843.486
20971,256,512,512,1680.66
20971,64,2048,512,1613.43
5242,64,512,512,828.612
5242,64,512,512,785.319
5242,64,512,512,833.387
5242,64,512,512,821.671
20970,256,512,512,1694.42
20971,64,2048,512,1563.18
5242,64,512,512,800.573
5242,64,512,512,784.364
5242,64,512,512,790.798
5242,64,512,512,846.295
20971,256,512,512,1961.22
20971,64,2048,512,1573.18
5242,64,512,512,785.135
5242,64,512,512,748.991
5242,64,512,512,744.338
5242,64,512,512,803.103
340867,4161,512,512,5138.76
131072,64,512,512,9748.53
131072,64,512,512,9856.2
131072,64,512,512,9776.03
131072,64,512,512,9751.48
524288,256,512,512,20298.4
524288,64,2048,512,13089.2
131072,64,512,512,9759.42
131072,64,512,512,9810.55
131072,64,512,512,9768.74
131072,64,512,512,9771.01
131072,64,512,512,9782.18
131072,64,512,512,9762.83
131072,64,512,512,9799.55
131072,64,512,512,9743.78
524288,256,512,512,20269.9
524288,64,2048,512,13121.6
131072,64,512,512,9816.29
131072,64,512,512,9827.56
131072,64,512,512,9792.69
131072,64,512,512,9869.19
131072,64,512,512,9812.39
131072,64,512,512,9849.03
131072,64,512,512,9814.69
131072,64,512,512,9796.81
524288,256,512,512,20148.5
524288,64,2048,512,13141.7
131072,64,512,512,9762.83
131072,64,512,512,9835.63
131072,64,512,512,9832.63
131072,64,512,512,9829.64
131072,64,512,512,9771.02
131072,64,512,512,9779.22
131072,64,512,512,9895.73
131072,64,512,512,9835.17
524288,256,512,512,20302.8
524288,64,2048,512,13072.1
131072,64,512,512,9851.8
131072,64,512,512,9874.76
131072,64,512,512,9797.95
131072,64,512,512,9871.97
131072,64,512,512,9862.92
131072,64,512,512,9809.87
131072,64,512,512,9858.52
131072,64,512,512,9787.89
524288,256,512,512,20186.3
524288,64,2048,512,13080.4
131072,64,512,512,9797.95
131072,64,512,512,9821.58
131072,64,512,512,9794.06
131072,64,512,512,9797.72
131072,64,512,512,9850.65
131072,64,512,512,9855.04
131072,64,512,512,9807.34
131072,64,512,512,9933.94
524288,256,512,512,20175.8
524288,64,2048,512,13106.7
131072,64,512,512,9755.34
131072,64,512,512,9813.08
131072,64,512,512,9852.27
131072,64,512,512,9865.47
524288,256,512,512,20139.5
524288,64,2048,512,13092.4
131072,64,512,512,9769.42
131072,64,512,512,9868.03
131072,64,512,512,9814.68
131072,64,512,512,9728.18
524288,256,512,512,20173.2
524288,64,2048,512,13070.3
131072,64,512,512,9818.13
131072,64,512,512,9908.12
131072,64,512,512,9852.03
131072,64,512,512,9924.3
524288,256,512,512,20298.6
524288,64,2048,512,13064.5
131072,64,512,512,9822.73
131072,64,512,512,9799.09
131072,64,512,512,9852.27
131072,64,512,512,9852.03
524288,256,512,512,20314.6
524288,64,2048,512,13056.9
131072,64,512,512,9781.73
131072,64,512,512,9883.14
131072,64,512,512,9802.07
131072,64,512,512,9806.43
524288,256,512,512,20267
524288,64,2048,512,13008.8
131072,64,512,512,9842.56
131072,64,512,512,9867.8
131072,64,512,512,9864.08
131072,64,512,512,9835.17
524288,256,512,512,20181.7
524288,64,2048,512,13122.2
131072,64,512,512,9903.91
131072,64,512,512,9818.13
131072,64,512,512,9786.06
131072,64,512,512,9798.64
8521728,4161,512,512,25762.8
104857,64,512,512,7812.58
104857,64,512,512,7838.31
104857,64,512,512,7852.81
104857,64,512,512,7789
419430,256,512,512,16261.9
419430,64,2048,512,10578.1
104857,64,512,512,7822.05
104857,64,512,512,7868.64
104857,64,512,512,7900.14
104857,64,512,512,7787.56
104857,64,512,512,7779.79
104857,64,512,512,7855.01
104857,64,512,512,7814.04
104857,64,512,512,7866.98
419430,256,512,512,16291.1
419431,64,2048,512,10551.8
104857,64,512,512,7897.54
104857,64,512,512,7779.26
104857,64,512,512,7844.36
104857,64,512,512,7866.24
104857,64,512,512,7922.52
104857,64,512,512,7802.23
104857,64,512,512,7846.19
104857,64,512,512,7818.77
419430,256,512,512,16317.1
419430,64,2048,512,10532.3
104857,64,512,512,7841.98
104857,64,512,512,7782.86
104857,64,512,512,7813.13
104857,64,512,512,7831.18
104857,64,512,512,7833.19
104857,64,512,512,7826.98
104857,64,512,512,7869.75
104857,64,512,512,7836.3
419430,256,512,512,16318.5
419430,64,2048,512,10593.3
104857,64,512,512,7857.77
104857,64,512,512,7792.99
104857,64,512,512,7891.22
104857,64,512,512,7837.22
104857,64,512,512,7830.27
104857,64,512,512,7862.37
104857,64,512,512,7796.79
104857,64,512,512,7802.59
419430,256,512,512,16299.4
419430,64,2048,512,10531.7
104857,64,512,512,7800.96
104857,64,512,512,7822.78
104857,64,512,512,7807.86
104857,64,512,512,7821.32
104857,64,512,512,7802.59
104857,64,512,512,7851.52
104857,64,512,512,7896.61
104857,64,512,512,7828.44
419430,256,512,512,16293.1
419430,64,2048,512,10515.6
104857,64,512,512,7832.64
104857,64,512,512,7806.22
104857,64,512,512,7784.85
104857,64,512,512,7808.22
419430,256,512,512,16276.9
419430,64,2048,512,10614.9
104857,64,512,512,7811.31
104857,64,512,512,7851.7
104857,64,512,512,7829.54
104857,64,512,512,7859.61
419430,256,512,512,16323.8
419430,64,2048,512,10589.4
104857,64,512,512,7760
104857,64,512,512,7846.2
104857,64,512,512,7758.57
104857,64,512,512,7800.05
419430,256,512,512,16314.5
419430,64,2048,512,10575.5
104857,64,512,512,7776.37
104857,64,512,512,7810.04
104857,64,512,512,7800.23
104857,64,512,512,7850.42
419430,256,512,512,16290.7
419430,64,2048,512,10621.1
104857,64,512,512,7812.4
104857,64,512,512,7768.99
104857,64,512,512,7903.12
104857,64,512,512,7918.04
419430,256,512,512,16375.4
419430,64,2048,512,10599.8
104857,64,512,512,7856.12
104857,64,512,512,7801.32
104857,64,512,512,7814.95
104857,64,512,512,7825.88
419430,256,512,512,16328.4
419430,64,2048,512,10540.8
104857,64,512,512,7876.77
104857,64,512,512,7786.84
104857,64,512,512,7818.04
104857,64,512,512,7771.15
6817382,4161,512,512,20635.8
78643,64,512,512,5910.65
78643,64,512,512,5963.31
78643,64,512,512,5963.88
78643,64,512,512,5957.81
314572,256,512,512,12464.3
314572,64,2048,512,8231.36
78643,64,512,512,5972.37
78643,64,512,512,5959.64
78643,64,512,512,5994.13
78643,64,512,512,5941.77
78643,64,512,512,5947.53
78643,64,512,512,5936.44
78643,64,512,512,5877.24
78643,64,512,512,5946.26
314572,256,512,512,12400.4
314572,64,2048,512,8299.57
78643,64,512,512,5935.18
78643,64,512,512,5891.97
78643,64,512,512,5998.14
78643,64,512,512,5917.32
78643,64,512,512,5988.71
78643,64,512,512,5967.7
78643,64,512,512,5969.54
78643,64,512,512,5983.16
314572,256,512,512,12540.9
314572,64,2048,512,8199.25
78643,64,512,512,5938.83
78643,64,512,512,6014.48
78643,64,512,512,5938.55
78643,64,512,512,5975.77
78643,64,512,512,5924.01
78643,64,512,512,5909.26
78643,64,512,512,5973.36
78643,64,512,512,6005.86
314572,256,512,512,12490.6
314572,64,2048,512,8234.26
78643,64,512,512,5995.56
78643,64,512,512,5993.85
78643,64,512,512,5821.91
78643,64,512,512,5950.9
78643,64,512,512,5956.54
78643,64,512,512,5991.71
78643,64,512,512,5976.77
78643,64,512,512,5998.85
314572,256,512,512,12507.5
314572,64,2048,512,8243.02
78643,64,512,512,5982.88
78643,64,512,512,5979.18
78643,64,512,512,5887.69
78643,64,512,512,5973.5
78643,64,512,512,6027.73
78643,64,512,512,5977.76
78643,64,512,512,5933.92
78643,64,512,512,5948.79
314572,256,512,512,12442.1
314572,64,2048,512,8260.2
78643,64,512,512,5939.53
78643,64,512,512,5902.75
78643,64,512,512,5964.44
78643,64,512,512,5970.81
314572,256,512,512,12434.5
314572,64,2048,512,8260.74
78643,64,512,512,5996.85
78643,64,512,512,5960.49
78643,64,512,512,5959.36
78643,64,512,512,5976.34
314572,256,512,512,12452.3
314572,64,2048,512,8267.19
78643,64,512,512,5930.57
78643,64,512,512,5872.03
78643,64,512,512,5949.36
78643,64,512,512,5990.14
314572,256,512,512,12470.2
314572,64,2048,512,8256.95
78643,64,512,512,5938.54
78643,64,512,512,5951.18
78643,64,512,512,5929.45
78643,64,512,512,5903.72
314572,256,512,512,12489.2
314572,64,2048,512,8257.83
78643,64,512,512,5977.9
78643,64,512,512,6021.53
78643,64,512,512,5997.85
78643,64,512,512,5962.32
314572,256,512,512,12460.9
314572,64,2048,512,8244.3
78643,64,512,512,5912.04
78643,64,512,512,5967.27
78643,64,512,512,5943.03
78643,64,512,512,5993.42
314572,256,512,512,12518.4
314572,64,2048,512,8270.04
78643,64,512,512,5916.35
78643,64,512,512,5965.29
78643,64,512,512,5981.31
78643,64,512,512,5958.37
5113038,4161,512,512,15805.8
52428,64,512,512,4262.12
52428,64,512,512,4303
52428,64,512,512,4298.04
52428,64,512,512,4329.43
209715,256,512,512,9188.58
209715,64,2048,512,6099.02
52428,64,512,512,4324.85
52428,64,512,512,4332.45
52428,64,512,512,4293.86
52428,64,512,512,4325.08
52428,64,512,512,4291.44
52428,64,512,512,4296.06
52428,64,512,512,4294.41
52428,64,512,512,4359.58
209715,256,512,512,9235.88
209715,64,2048,512,6134.93
52428,64,512,512,4329.65
52428,64,512,512,4304.33
52428,64,512,512,4306.32
52428,64,512,512,4283.23
52428,64,512,512,4306.2
52428,64,512,512,4300.36
52428,64,512,512,4325.64
52428,64,512,512,4335.58
209715,256,512,512,9184.31
209715,64,2048,512,6141.22
52428,64,512,512,4291.56
52428,64,512,512,4285.53
52428,64,512,512,4337.6
52428,64,512,512,4311.41
52428,64,512,512,4328.31
52428,64,512,512,4332.11
52428,64,512,512,4310.41
52428,64,512,512,4309.86
209715,256,512,512,9210.65
209715,64,2048,512,6096.09
52428,64,512,512,4257.36
52428,64,512,512,4313.18
52428,64,512,512,4299.14
52428,64,512,512,4297.38
52428,64,512,512,4285.2
52428,64,512,512,4316.84
52428,64,512,512,4266.35
52428,64,512,512,4315.07
209715,256,512,512,9247.58
209715,64,2048,512,6130.67
52428,64,512,512,4345.47
52428,64,512,512,4278.2
52428,64,512,512,4295.73
52428,64,512,512,4327.87
52428,64,512,512,4340.41
52428,64,512,512,4290.35
52428,64,512,512,4335.58
52428,64,512,512,4271.56
209715,256,512,512,9168.37
209715,64,2048,512,6097.86
52428,64,512,512,4327.64
52428,64,512,512,4322.29
52428,64,512,512,4282.68
52428,64,512,512,4303.44
209716,256,512,512,9165.41
209715,64,2048,512,6106.46
52428,64,512,512,4346.37
52428,64,512,512,4290.57
52428,64,512,512,4346.25
52428,64,512,512,4326.64
209715,256,512,512,9194
209715,64,2048,512,6145.04
52428,64,512,512,4307.86
52428,64,512,512,4306.54
52428,64,512,512,4300.36
52428,64,512,512,4313.07
209715,256,512,512,9259.07
209715,64,2048,512,6140.82
52428,64,512,512,4282.9
52428,64,512,512,4309.19
52428,64,512,512,4305.43
52428,64,512,512,4272.32
209715,256,512,512,9233.33
209715,64,2048,512,6141.39
52428,64,512,512,4311.63
52428,64,512,512,4299.36
52428,64,512,512,4281.15
52428,64,512,512,4358.67
209715,256,512,512,9183.18
209715,64,2048,512,6139.7
52428,64,512,512,4298.04
52429,64,512,512,4320.59
52428,64,512,512,4320.62
52428,64,512,512,4301.24
209715,256,512,512,9174.39
209715,64,2048,512,6071.43
52428,64,512,512,4317.06
52428,64,512,512,4257.58
52428,64,512,512,4317.95
52428,64,512,512,4285.52
3408692,4161,512,512,11871.9
26214,64,512,512,2633.83
26214,64,512,512,2635.98
26214,64,512,512,2663.68
26214,64,512,512,2664.02
104857,256,512,512,5743.03
104857,64,2048,512,4162.75
26214,64,512,512,2645.46
26214,64,512,512,2657.69
26214,64,512,512,2667.24
26214,64,512,512,2602.53
26214,64,512,512,2653.24
26214,64,512,512,2688.79
26214,64,512,512,2656.94
26214,64,512,512,2650.39
104857,256,512,512,5696.81
104857,64,2048,512,4148.96
26214,64,512,512,2660.81
26214,64,512,512,2657.19
26214,64,512,512,2632.42
26214,64,512,512,2612.26
26214,64,512,512,2655.09
26214,64,512,512,2654.16
26214,64,512,512,2645.79
26214,64,512,512,2646.29
104857,256,512,512,5632.55
104857,64,2048,512,4107.86
26214,64,512,512,2639.55
26214,64,512,512,2634.32
26214,64,512,512,2663.43
26214,64,512,512,2669.79
26214,64,512,512,2656.51
26214,64,512,512,2690.17
26214,64,512,512,2631.02
26214,64,512,512,2667.58
104857,256,512,512,5755.05
104857,64,2048,512,4163.73
26214,64,512,512,2654.33
26214,64,512,512,2665.12
26214,64,512,512,2674.21
26214,64,512,512,2671.91
26214,64,512,512,2643.95
26214,64,512,512,2657.27
26214,64,512,512,2364.75
26214,64,512,512,2394.72
104857,256,512,512,5658
104857,64,2048,512,4085.71
26214,64,512,512,2654.92
26214,64,512,512,2668
26214,64,512,512,2666.39
26214,64,512,512,2658.79
26214,64,512,512,2672.94
26214,64,512,512,2656.43
26214,64,512,512,2655.42
26214,64,512,512,2651.14
104857,256,512,512,5701.46
104857,64,2048,512,4121.13
26214,64,512,512,2642.29
26214,64,512,512,2676.26
26214,64,512,512,2666.14
26214,64,512,512,2577.82
104857,256,512,512,5716.42
104857,64,2048,512,4150.75
26214,64,512,512,2672.51
26214,64,512,512,2645.71
26214,64,512,512,2636.64
26214,64,512,512,2678.4
104857,256,512,512,5693.43
104857,64,2048,512,4183.41
26214,64,512,512,2657.02
26214,64,512,512,2647.54
26214,64,512,512,2649.38
26214,64,512,512,2655.42
104857,256,512,512,5684.26
104857,64,2048,512,4047.95
26214,64,512,512,2662.08
26214,64,512,512,2665.04
26214,64,512,512,2635.98
26214,64,512,512,2632.59
104857,256,512,512,5658.1
104857,64,2048,512,4162.91
26214,64,512,512,2668.26
26214,64,512,512,2653.32
26214,64,512,512,2645.62
26214,64,512,512,2650.22
104857,256,512,512,5746.08
104857,64,2048,512,4153.42
26214,64,512,512,2645.12
26214,64,512,512,2651.73
26214,64,512,512,2661.32
26214,64,512,512,2632.75
104857,256,512,512,5674.75
104857,64,2048,512,4173.05
26214,64,512,512,2642.96
26214,64,512,512,2672.25
26214,64,512,512,2659.55
26214,64,512,512,2667.75
1704346,4161,512,512,8441.39
13107,64,512,512,1689.18
13107,64,512,512,1673.68
13107,64,512,512,1653.88
13107,64,512,512,1685.72
52428,256,512,512,3619.7
52428,64,2048,512,3034.58
13107,64,512,512,1679.51
13107,64,512,512,1632
13107,64,512,512,1656.69
13107,64,512,512,1651.67
13107,64,512,512,1660.03
13107,64,512,512,1686.4
13107,64,512,512,1672.68
13107,64,512,512,1654.34
52428,256,512,512,3591.88
52428,64,2048,512,3033.64
13107,64,512,512,1658.26
13107,64,512,512,1639.59
13107,64,512,512,1644.93
13107,64,512,512,1650.76
13107,64,512,512,1658.79
13107,64,512,512,1692.45
13107,64,512,512,1652.71
13107,64,512,512,1671.28
52428,256,512,512,3624.24
52428,64,2048,512,2963.03
13107,64,512,512,1640.04
13107,64,512,512,1693.07
13107,64,512,512,1637.99
13107,64,512,512,1687.62
13107,64,512,512,1667.03
13107,64,512,512,1659.77
13107,64,512,512,1658.72
13107,64,512,512,1665.97
52428,256,512,512,3605.16
52428,64,2048,512,3049.97
13107,64,512,512,1671.01
13107,64,512,512,1674.01
13107,64,512,512,1634.93
13107,64,512,512,1628.26
13107,64,512,512,1607.36
13107,64,512,512,1657.21
13107,64,512,512,1665.97
13107,64,512,512,1651.28
52428,256,512,512,3637.36
52428,64,2048,512,3037.43
13107,64,512,512,1677.09
13107,64,512,512,1698.07
13107,64,512,512,1681.13
13107,64,512,512,1672.34
13107,64,512,512,1670.88
13107,64,512,512,1664.25
13107,64,512,512,1677.49
13107,64,512,512,1676.56
52428,256,512,512,3555.34
52428,64,2048,512,3047.81
13107,64,512,512,1670.48
13107,64,512,512,1635.5
13107,64,512,512,1663.92
13107,64,512,512,1648.29
52428,256,512,512,3564.33
52428,64,2048,512,3093.21
13107,64,512,512,1702.83
13107,64,512,512,1704.28
13107,64,512,512,1714.17
13107,64,512,512,1671.74
52428,256,512,512,3608.57
52428,64,2048,512,3062.94
13107,64,512,512,1702.83
13107,64,512,512,1634.54
13107,64,512,512,1644.28
13107,64,512,512,1648.03
52428,256,512,512,3628.86
52428,64,2048,512,3018.14
13107,64,512,512,1581.48
13107,64,512,512,1635.82
13107,64,512,512,1675.55
13107,64,512,512,1698.55
52428,256,512,512,3601.83
52428,64,2048,512,3034.96
13107,64,512,512,1646.74
13107,64,512,512,1704.01
13107,64,512,512,1647.97
13107,64,512,512,1704.98
52428,256,512,512,3613.62
52428,64,2048,512,3056.3
13107,64,512,512,1639.27
13107,64,512,512,1659.51
13107,64,512,512,1619.65
13107,64,512,512,1681.06
52428,256,512,512,3632.4
52428,64,2048,512,3044.32
13107,64,512,512,1647.38
13107,64,512,512,1675.48
13107,64,512,512,1670.48
13107,64,512,512,1609.52
852173,4161,512,512,6666.6
5242,64,512,512,881.472
5242,64,512,512,891.45
5242,64,512,512,878.564
5242,64,512,512,871.443
20971,256,512,512,2036.33
20971,64,2048,512,1973.45
5242,64,512,512,824.458
5242,64,512,512,881.518
5242,64,512,512,872.486
5242,64,512,512,882.261
5242,64,512,512,879.808
5242,64,512,512,885.1
5242,64,512,512,841.329
5242,64,512,512,878.794
20971,256,512,512,2054.41
20971,64,2048,512,1968.99
5242,64,512,512,890.031
5242,64,512,512,858.114
5242,64,512,512,867.388
5242,64,512,512,878.518
5242,64,512,512,861.331
5242,64,512,512,874.715
5242,64,512,512,860.8
5242,64,512,512,878.242
20971,256,512,512,2061.09
20971,64,2048,512,1969.86
5242,64,512,512,860.668
5242,64,512,512,887.347
5242,64,512,512,867.029
5242,64,512,512,871.67
5242,64,512,512,877.553
5242,64,512,512,859.433
5242,64,512,512,865.464
5242,64,512,512,849.08
20971,256,512,512,2019.78
20971,64,2048,512,1968.53
5242,64,512,512,868.376
5242,64,512,512,878.61
5242,64,512,512,887.206
5242,64,512,512,853.877
5242,64,512,512,882.539
5242,64,512,512,880.963
5242,64,512,512,878.104
5242,64,512,512,874.305
20971,256,512,512,2018.02
20971,64,2048,512,1971.71
5242,64,512,512,880.131
5242,64,512,512,877.874
5242,64,512,512,866.671
5242,64,512,512,876.269
5242,64,512,512,875.126
5242,64,512,512,887.441
5242,64,512,512,874.487
5242,64,512,512,856.493
20971,256,512,512,2004.99
20971,64,2048,512,1961.57
5242,64,512,512,859.83
5242,64,512,512,881.333
5242,64,512,512,848.994
5242,64,512,512,883.189
20971,256,512,512,2054.66
20971,64,2048,512,1964.96
5242,64,512,512,883.841
5242,64,512,512,868.421
5242,64,512,512,851.839
5242,64,512,512,857.193
20971,256,512,512,2040.41
20971,64,2048,512,1954.37
5242,64,512,512,863.015
5242,64,512,512,868.331
5242,64,512,512,886.972
5242,64,512,512,857.412
20971,256,512,512,2046.2
20971,64,2048,512,1978.51
5242,64,512,512,875.263
5242,64,512,512,867.253
5242,64,512,512,874.169
5242,64,512,512,849.252
20971,256,512,512,2048.01
20971,64,2048,512,1992.55
5242,64,512,512,850.802
5242,64,512,512,879.531
5242,64,512,512,855.969
5242,64,512,512,886.035
20971,256,512,512,2067.13
20971,64,2048,512,2002.66
5242,64,512,512,874.67
5242,64,512,512,875.537
5242,64,512,512,844.463
5242,64,512,512,851.104
20971,256,512,512,2040.54
20971,64,2048,512,1982.14
5242,64,512,512,881.658
5242,64,512,512,887.254
5242,64,512,512,887.958
5242,64,512,512,828.284
340868,4161,512,512,4784.56
144656,64,512,512,10683.9
145219,64,512,512,10863.6
143086,64,512,512,10702.8
134140,64,512,512,10012.6
617373,256,512,512,23824.2
511909,64,2048,512,12802.8
152784,64,512,512,11366.3
177501,64,512,512,13080.1
138819,64,512,512,10294.8
175788,64,512,512,13123.1
148318,64,512,512,11097.5
146820,64,512,512,10916.5
139898,64,512,512,10497.9
135158,64,512,512,10009.4
605239,256,512,512,23282.1
498916,64,2048,512,12507
135302,64,512,512,10163.8
167130,64,512,512,12498.3
127129,64,512,512,9571.62
160282,64,512,512,11905.3
137228,64,512,512,10332.5
141001,64,512,512,10523.5
127709,64,512,512,9495.1
127997,64,512,512,9589.59
614701,256,512,512,23698.2
495116,64,2048,512,12343.3
141404,64,512,512,10522.4
162547,64,512,512,12079.7
133241,64,512,512,9988.79
157924,64,512,512,11704
140148,64,512,512,10521.1
155781,64,512,512,11595.7
131610,64,512,512,9783.54
141524,64,512,512,10557.8
622718,256,512,512,24002.9
500156,64,2048,512,12477.5
145809,64,512,512,10868.3
161899,64,512,512,12083.4
134961,64,512,512,10064.9
157923,64,512,512,11764.7
144846,64,512,512,10814.5
169827,64,512,512,12615.4
137419,64,512,512,10355.6
157723,64,512,512,11899.7
638805,256,512,512,24656.6
520728,64,2048,512,13035.3
138115,64,512,512,10372.9
151839,64,512,512,11282.1
128572,64,512,512,9565.26
149774,64,512,512,11160.8
147527,64,512,512,10967.5
166724,64,512,512,12408
145068,64,512,512,10817.1
157919,64,512,512,11849.4
662743,256,512,512,25609.9
529525,64,2048,512,13237.3
123866,64,512,512,9232.75
147677,64,512,512,10978.4
110753,64,512,512,8252.26
145625,64,512,512,10826.1
485342,256,512,512,18862
372276,64,2048,512,9579.15
137762,64,512,512,10309.8
152588,64,512,512,11373.6
124825,64,512,512,9239.24
152847,64,512,512,11403.3
472169,256,512,512,18250.7
364688,64,2048,512,9881.96
105892,64,512,512,7963.31
152424,64,512,512,11314.8
96613,64,512,512,7242.02
141359,64,512,512,10571.4
498329,256,512,512,19311.8
374306,64,2048,512,9947.25
111037,64,512,512,8240.8
141993,64,512,512,10550.5
105115,64,512,512,7929.66
131116,64,512,512,9758.61
521358,256,512,512,20182.8
382228,64,2048,512,10011.1
112897,64,512,512,8396.95
135583,64,512,512,10163.4
105657,64,512,512,7872.74
124591,64,512,512,9251.67
524195,256,512,512,20189.3
379576,64,2048,512,9855.83
123414,64,512,512,9171.08
142424,64,512,512,10602.5
114404,64,512,512,8534.03
133618,64,512,512,9872.72
518126,256,512,512,20060.1
360766,64,2048,512,9413.94
127963,64,512,512,9529.92
137811,64,512,512,10176
119801,64,512,512,8883
131226,64,512,512,9750.24
8449349,4161,512,512,25647.9
110054,64,512,512,8215.67
100849,64,512,512,7776.31
69340,64,512,512,5381.58
69926,64,512,512,5412.36
520881,256,512,512,20109.8
420270,64,2048,512,10679.1
176573,64,512,512,13090.1
164906,64,512,512,12297.5
119346,64,512,512,8821.46
163179,64,512,512,12199.7
131179,64,512,512,9851.51
106332,64,512,512,7954.89
80702,64,512,512,6129.46
75910,64,512,512,5795.9
434108,256,512,512,16880.1
364167,64,2048,512,9414.86
115824,64,512,512,8611.85
118372,64,512,512,8811.95
73184,64,512,512,5569.56
95756,64,512,512,7173.24
132447,64,512,512,9898.19
106685,64,512,512,8064.45
85843,64,512,512,6496.65
78662,64,512,512,6038.73
451905,256,512,512,17571.7
377715,64,2048,512,9644.89
131164,64,512,512,9735.69
130939,64,512,512,9777.96
81929,64,512,512,6222.51
114764,64,512,512,8559.89
133557,64,512,512,10028.2
114906,64,512,512,8427.29
86931,64,512,512,6589.27
87415,64,512,512,6569.32
480220,256,512,512,18627.2
389027,64,2048,512,9905.91
144587,64,512,512,10756.2
131025,64,512,512,9826.8
92656,64,512,512,7045.92
115987,64,512,512,8577.34
144703,64,512,512,10732.7
128707,64,512,512,9633.09
97146,64,512,512,7357.63
100981,64,512,512,7605.96
519534,256,512,512,20050.3
435213,64,2048,512,10895.3
151362,64,512,512,11194.6
131393,64,512,512,9752.69
95590,64,512,512,7250.08
119793,64,512,512,8889.4
145197,64,512,512,10843.9
145080,64,512,512,10848.6
101998,64,512,512,7582.27
112628,64,512,512,8372.08
562881,256,512,512,21629
463789,64,2048,512,11745.5
130724,64,512,512,9806.53
106538,64,512,512,7954.5
68242,64,512,512,5349.83
94758,64,512,512,7177.62
464225,256,512,512,18049.2
348379,64,2048,512,9579.89
157973,64,512,512,11703.9
128921,64,512,512,9580.54
96673,64,512,512,7324.58
122165,64,512,512,9071.73
225571,256,512,512,9577.38
205326,64,2048,512,6981.28
65235,64,512,512,5101.97
83880,64,512,512,6746.16
37002,64,512,512,3252.12
58084,64,512,512,4573.43
281342,256,512,512,11508.9
253598,64,2048,512,7652.25
84469,64,512,512,6320.91
98998,64,512,512,7441.89
45258,64,512,512,3796.71
74105,64,512,512,5735.55
291371,256,512,512,12008
256402,64,2048,512,7658.15
109587,64,512,512,8207.04
99608,64,512,512,7454.3
60842,64,512,512,4800.75
76770,64,512,512,5923.19
301623,256,512,512,12111.7
236448,64,2048,512,6945.03
116101,64,512,512,8645.51
93737,64,512,512,7256.42
69341,64,512,512,5389.51
72872,64,512,512,5594.38
266304,256,512,512,10887.5
179846,64,2048,512,5981.78
118976,64,512,512,8706.03
87654,64,512,512,6732.42
69802,64,512,512,5389.6
68146,64,512,512,5337.46
8099792,4161,512,512,24563.3
69048,64,512,512,5318.29
70699,64,512,512,5733.61
55824,64,512,512,4356.15
51977,64,512,512,4083.74
440834,256,512,512,17080.4
349724,64,2048,512,9055.66
142988,64,512,512,10643.7
140146,64,512,512,10465
102718,64,512,512,7710.84
144324,64,512,512,10807.2
90907,64,512,512,6917.36
79001,64,512,512,6093.12
71333,64,512,512,5518.73
59864,64,512,512,4627.95
350127,256,512,512,13854.8
278118,64,2048,512,7556.84
77453,64,512,512,5916.4
97490,64,512,512,7270.63
58782,64,512,512,4592.23
79224,64,512,512,6066.45
72798,64,512,512,5611.18
80140,64,512,512,6097.78
60387,64,512,512,4789.65
59524,64,512,512,4722.61
377531,256,512,512,14817.5
301616,64,2048,512,8054.36
85602,64,512,512,6556.56
106244,64,512,512,7883.25
64319,64,512,512,5061.38
92139,64,512,512,6833.18
80374,64,512,512,6130.74
91729,64,512,512,6949.17
68532,64,512,512,5275.88
70060,64,512,512,5461.44
413100,256,512,512,16086.7
326865,64,2048,512,8590.89
100219,64,512,512,7462.5
112406,64,512,512,8435.33
76218,64,512,512,5858.56
99957,64,512,512,7489.87
89251,64,512,512,6663.79
113306,64,512,512,8361.49
75834,64,512,512,5831.01
88878,64,512,512,6792.85
454699,256,512,512,17659.7
370593,64,2048,512,9294.59
99341,64,512,512,6995.08
113026,64,512,512,7937.74
75788,64,512,512,5553.76
103039,64,512,512,7416.55
95971,64,512,512,6914.34
126777,64,512,512,9081.45
84980,64,512,512,6113.26
99415,64,512,512,7179.12
483495,256,512,512,18303.8
392291,64,2048,512,9834.01
78700,64,512,512,5691.3
89338,64,512,512,6447.64
60344,64,512,512,4506.65
81600,64,512,512,5876.98
377485,256,512,512,14444.7
263284,64,2048,512,7391.01
125652,64,512,512,9213.93
98723,64,512,512,7441.32
91651,64,512,512,6871.2
101724,64,512,512,7662.65
139876,256,512,512,6481.36
104165,64,2048,512,4629.23
40729,64,512,512,3538.1
59136,64,512,512,4938.81
32292,64,512,512,2976.13
38547,64,512,512,3160.97
194581,256,512,512,8767
150283,64,2048,512,5474.29
42786,64,512,512,3732.29
66156,64,512,512,5377.86
33491,64,512,512,3083.71
47033,64,512,512,3721.8
247017,256,512,512,10557.4
179358,64,2048,512,5646.51
55210,64,512,512,4454.78
68722,64,512,512,5497.63
40973,64,512,512,3539.02
52095,64,512,512,4094.92
248270,256,512,512,10443
172574,64,2048,512,5321.12
71451,64,512,512,5485.03
73260,64,512,512,5756.04
54975,64,512,512,4336.96
59423,64,512,512,4593.86
222621,256,512,512,9527.72
136351,64,2048,512,4610.98
74612,64,512,512,5674.86
68003,64,512,512,5342.48
58713,64,512,512,4669.38
55485,64,512,512,4516.26
5628498,4161,512,512,17685.1
55839,64,512,512,4453.54
47152,64,512,512,4621.61
40749,64,512,512,3267.03
31688,64,512,512,2591.6
246942,256,512,512,10136.3
187181,64,2048,512,5750.35
108105,64,512,512,8096.62
107497,64,512,512,7970.12
65349,64,512,512,5075.9
112066,64,512,512,8366.07
53552,64,512,512,4243.64
46022,64,512,512,4153.14
38979,64,512,512,3134.62
28332,64,512,512,2289.51
181465,256,512,512,8074.53
138731,64,2048,512,5087.66
44787,64,512,512,3677.85
56702,64,512,512,4754.14
30654,64,512,512,2693.6
40235,64,512,512,3324.52
49209,64,512,512,3973.78
55295,64,512,512,4554.55
37240,64,512,512,3331.32
33400,64,512,512,2993.42
209478,256,512,512,9091.07
170877,64,2048,512,5669.21
59402,64,512,512,4782.05
78627,64,512,512,6063.25
40400,64,512,512,3569.4
58892,64,512,512,4724.95
51857,64,512,512,4261.49
60576,64,512,512,4853.85
42887,64,512,512,3628.73
40323,64,512,512,3398.13
249613,256,512,512,10304.1
196462,64,2048,512,6035.64
65126,64,512,512,5016.09
73887,64,512,512,5657.91
44367,64,512,512,3531.26
60688,64,512,512,4870.02
60021,64,512,512,4807.57
83964,64,512,512,6360.01
47934,64,512,512,4036.02
56646,64,512,512,4578.61
302452,256,512,512,12168.2
246814,64,2048,512,6900.2
65341,64,512,512,5145.85
81599,64,512,512,6270.67
45839,64,512,512,3767.33
66444,64,512,512,5230.53
63673,64,512,512,5017.95
94580,64,512,512,7183.52
54191,64,512,512,4331.71
65642,64,512,512,5263.07
343356,256,512,512,13460.7
257197,64,2048,512,6918.48
41783,64,512,512,3567.1
52641,64,512,512,4345.45
29547,64,512,512,2771.92
42360,64,512,512,3619.64
216719,256,512,512,9215.11
149618,64,2048,512,5523.7
81604,64,512,512,6137.37
64242,64,512,512,5251.75
43030,64,512,512,3507.65
61783,64,512,512,4751.74
48481,256,512,512,3084.09
38360,64,2048,512,3042.64
18164,64,512,512,1676.03
29508,64,512,512,3353.06
13422,64,512,512,1371.56
18682,64,512,512,1682.64
101911,256,512,512,5153.12
82333,64,2048,512,4371.35
19741,64,512,512,1902.34
38241,64,512,512,3922.53
15129,64,512,512,1547.52
25640,64,512,512,2158.19
114133,256,512,512,5504.94
85304,64,2048,512,4017.49
36347,64,512,512,3233.9
44755,64,512,512,3990.64
25265,64,512,512,2507.15
30012,64,512,512,2656.22
115983,256,512,512,5490.81
83975,64,2048,512,4100.84
48912,64,512,512,4090.7
44247,64,512,512,3993.97
33185,64,512,512,3052.63
27808,64,512,512,2525.77
83494,256,512,512,4414.09
48292,64,2048,512,2997.93
42541,64,512,512,3427.53
43863,64,512,512,3874.71
30263,64,512,512,2735.87
31688,64,512,512,2697.64
4570384,4161,512,512,15020.1
34247,64,512,512,2779.79
19404,64,512,512,2689.86
16396,64,512,512,1381.73
11969,64,512,512,1058.5
104673,256,512,512,5163.62
81975,64,2048,512,3760.32
97078,64,512,512,7291.73
69893,64,512,512,5763.78
25760,64,512,512,2264.49
69617,64,512,512,5383.37
48869,64,512,512,3815.84
21820,64,512,512,2612.1
15338,64,512,512,1394.28
10662,64,512,512,1026.92
41663,256,512,512,2776.26
36012,64,2048,512,2950.9
42364,64,512,512,3532.18
32657,64,512,512,3143.5
13187,64,512,512,1487.8
17178,64,512,512,1763.2
50871,64,512,512,4182.72
27364,64,512,512,2835.83
15168,64,512,512,1692.44
13381,64,512,512,1475.91
52212,256,512,512,3116.32
48390,64,2048,512,3413.31
55223,64,512,512,4460.89
42626,64,512,512,3714.68
15872,64,512,512,1823.71
24727,64,512,512,2425.92
54011,64,512,512,4358.15
38147,64,512,512,3469.58
17464,64,512,512,1789.92
16461,64,512,512,1782.22
72869,256,512,512,4085.94
71587,64,2048,512,4071.34
66349,64,512,512,5119.77
49036,64,512,512,4100.43
18628,64,512,512,1965.89
30148,64,512,512,2617.16
63533,64,512,512,4932.81
47347,64,512,512,3997.74
19514,64,512,512,2030.79
23243,64,512,512,2407.66
100398,256,512,512,5022.49
85572,64,2048,512,3966.95
58607,64,512,512,4641.8
37223,64,512,512,3421.72
14595,64,512,512,1759.43
23119,64,512,512,2239.81
70285,64,512,512,5411.62
56422,64,512,512,4593.93
21842,64,512,512,2251.24
27155,64,512,512,2769.33
130289,256,512,512,6236.63
90678,64,2048,512,3270.92
48564,64,512,512,3656.93
26377,64,512,512,2314.28
9201,64,512,512,1126.06
16237,64,512,512,1716.95
58872,256,512,512,3309.68
55804,64,2048,512,3357.45
69433,64,512,512,5398.62
57004,64,512,512,4991.18
12532,64,512,512,1345
53312,64,512,512,4240.9
19051,256,512,512,1681.33
20119,64,2048,512,2381.65
10834,64,512,512,1081.3
21594,64,512,512,2844.36
3649,64,512,512,563.825
14972,64,512,512,1382.97
19537,256,512,512,1804.75
20744,64,2048,512,2313.56
32975,64,512,512,2779.7
19159,64,512,512,2697.62
8520,64,512,512,1054.82
9463,64,512,512,906.254
21054,256,512,512,1974.64
21606,64,2048,512,2447.4
19284,64,512,512,1765.23
16852,64,512,512,2271.64
5429,64,512,512,776.092
8863,64,512,512,970.489
20900,256,512,512,1890.6
18007,64,2048,512,2060.59
29744,64,512,512,2694.12
15941,64,512,512,2099.75
7369,64,512,512,1015.76
9554,64,512,512,1032.27
16100,256,512,512,1662.26
9871,64,2048,512,1338.33
32053,64,512,512,2672.06
18132,64,512,512,2147.78
7471,64,512,512,994.187
12811,64,512,512,1290.21
2802367,4161,512,512,11147.1
17538,64,512,512,1477.78
9689,64,512,512,1573.45
9630,64,512,512,860.59
5732,64,512,512,586.394
49727,256,512,512,3150.52
41575,64,2048,512,2627.95
60339,64,512,512,4727.84
33846,64,512,512,3433.53
10762,64,512,512,1058.37
34845,64,512,512,2780.51
27165,64,512,512,2179.9
12022,64,512,512,1704.49
7018,64,512,512,806.174
4981,64,512,512,580.938
18329,256,512,512,1758.91
18724,64,2048,512,2018.15
20384,64,512,512,1951.09
20795,64,512,512,2156.53
5704,64,512,512,829.146
9461,64,512,512,1112.73
21954,64,512,512,2175.55
12498,64,512,512,1707.01
5460,64,512,512,820.321
4860,64,512,512,704.859
19355,256,512,512,1883.18
20125,64,2048,512,2013.38
29397,64,512,512,2638.13
26491,64,512,512,2478.83
6978,64,512,512,969.546
12252,64,512,512,1491.02
23425,64,512,512,2260.83
20550,64,512,512,2307.12
6200,64,512,512,898.592
7340,64,512,512,975.456
25190,256,512,512,2156.28
29575,64,2048,512,2613.57
33448,64,512,512,2947.37
35320,64,512,512,3162.48
8490,64,512,512,1126.98
16466,64,512,512,1716.72
25495,64,512,512,2544.25
36244,64,512,512,3242.22
7017,64,512,512,1007.74
11888,64,512,512,1454.36
33082,256,512,512,2518.26
44738,64,2048,512,3238.88
25079,64,512,512,2406.81
31458,64,512,512,2985.69
6391,64,512,512,949.188
14370,64,512,512,1576.74
44130,64,512,512,3748.97
37424,64,512,512,3351.15
10100,64,512,512,1282.13
15476,64,512,512,1885.38
42127,256,512,512,2885.66
29857,64,2048,512,2040.33
18768,64,512,512,1954.87
14559,64,512,512,1775.15
3701,64,512,512,606.815
9011,64,512,512,1197.77
26707,256,512,512,2190
26895,64,2048,512,2310.51
46041,64,512,512,3771.34
39819,64,512,512,3718.69
5371,64,512,512,736.416
35052,64,512,512,2902.93
3789,256,512,512,566.474
3298,64,2048,512,613.368
10357,64,512,512,1056.4
5954,64,512,512,1059.25
2109,64,512,512,369.433
2920,64,512,512,396.807
3678,256,512,512,511.766
3035,64,2048,512,579.233
3920,64,512,512,515.345
6539,64,512,512,1102.47
1294,64,512,512,241.179
3906,64,512,512,476.033
6591,256,512,512,898.684
6228,64,2048,512,997.528
10973,64,512,512,1197.56
10235,64,512,512,1542
2888,64,512,512,487.735
6614,64,512,512,728.815
5856,256,512,512,791.218
5056,64,2048,512,816.72
21060,64,512,512,1967.88
9576,64,512,512,1442.85
4067,64,512,512,620.413
4228,64,512,512,622.022
4933,256,512,512,683.3
2797,64,2048,512,508.257
16062,64,512,512,1645.7
8583,64,512,512,1252.76
3442,64,512,512,563.051
6578,64,512,512,825.831
1362291,4161,512,512,8235.99
0,64,512,512,0
929,64,512,512,200.838
0,64,512,512,0
246,64,512,512,50.4292
14047,256,512,512,1553.12
20596,64,2048,512,2150.24
22905,64,512,512,2121.26
27236,64,512,512,2778.65
5473,64,512,512,571.387
25435,64,512,512,2237.21
0,64,512,512,0
77,64,512,512,17.5424
0,64,512,512,0
19,64,512,512,4.44997
1932,256,512,512,294.864
1833,64,2048,512,350.039
8299,64,512,512,1098.43
20258,64,512,512,2332.19
4656,64,512,512,668.966
6968,64,512,512,937.781
39,64,512,512,8.66245
6,64,512,512,1.41468
8,64,512,512,1.90988
20,64,512,512,4.66098
1005,256,512,512,165.902
960,64,2048,512,207.371
15889,64,512,512,1603.84
26465,64,512,512,2753.27
4629,64,512,512,749.333
9380,64,512,512,1142.99
2992,64,512,512,392.12
1844,64,512,512,398.084
640,64,512,512,130.621
401,64,512,512,80.0499
1423,256,512,512,232.493
1698,64,2048,512,352.305
13471,64,512,512,1404.65
25799,64,512,512,2652.51
5084,64,512,512,781.103
10880,64,512,512,1229.07
10658,64,512,512,1018.44
7785,64,512,512,1236.64
5360,64,512,512,588.626
2762,64,512,512,323.869
1185,256,512,512,167.373
1198,64,2048,512,232.156
4459,64,512,512,516.967
4413,64,512,512,736.652
1897,64,512,512,326.893
1883,64,512,512,307.429
30410,64,512,512,2675.98
23696,64,512,512,2742.49
14210,64,512,512,1565.62
7168,64,512,512,968.404
1373,256,512,512,203.351
1671,64,2048,512,359.234
5531,64,512,512,653.806
2353,64,512,512,431.101
2904,64,512,512,436.589
743,64,512,512,150.091
0,256,512,512,0
0,64,2048,512,0
9554,64,512,512,1076.13
19357,64,512,512,2143.71
5442,64,512,512,730.685
13274,64,512,512,1259.06
0,256,512,512,0
0,64,2048,512,0
1670,64,512,512,277.827
1644,64,512,512,355.604
1203,64,512,512,201.952
301,64,512,512,62.8926
159,256,512,512,26.1057
274,64,2048,512,63.4718
87,64,512,512,19.3145
193,64,512,512,44.3169
15,64,512,512,3.56294
19,64,512,512,4.5265
0,256,512,512,0
0,64,2048,512,0
0,64,512,512,0
0,64,512,512,0
0,64,512,512,0
0,64,512,512,0
0,256,512,512,0
0,64,2048,512,0
0,64,512,512,0
0,64,512,512,0
0,64,512,512,0
0,64,512,512,0
0,256,512,512,0
0,64,2048,512,0
0,64,512,512,0
0,64,512,512,0
0,64,512,512,0
0,64,512,512,0
850094,4161,512,512,7600.3
