128761,512,13409.1
132877,512,13962
142349,512,15167.5
122501,512,14188.4
657561,512,54694.9
587093,512,32962.3
158760,512,15746.8
161312,512,16136.8
154701,512,15504.5
163812,512,17726.8
138452,512,15063.2
140197,512,15115.3
139415,512,13887.1
130440,512,11750.7
615379,512,47972.8
552458,512,36518.9
122396,512,14343.4
163814,512,19142.4
119017,512,13826.4
156550,512,18298.9
130692,512,15340.6
144385,512,16933
131820,512,15257.5
133155,512,15484.9
629035,512,52012.5
550086,512,36260.6
129969,512,15153.2
164324,512,19097.1
131426,512,15463
157607,512,18594.3
132401,512,15337.5
158040,512,14035.5
136023,512,12136.6
146596,512,13792.8
640824,512,47620.5
560424,512,35351.7
133334,512,14470
165516,512,17754.2
134172,512,14491.4
161231,512,17338.1
128782,512,13814.8
171580,512,18452.3
135490,512,14461.7
157572,512,16795.7
655737,512,51576.3
588044,512,37086
125661,512,13384.7
154825,512,16667.8
127452,512,13717.9
153730,512,14757.4
129316,512,11124
176891,512,17271.4
141501,512,15147.5
161782,512,17083.9
673253,512,56026.3
611291,512,40472.3
102691,512,12037.1
136832,512,16001.1
105460,512,12295
134494,512,15587.9
546132,512,45328.6
478771,512,31631.3
126309,512,14698.1
127433,512,14734
124950,512,14621.8
136926,512,15876.7
512834,512,23848.4
430911,512,28310.7
89535,512,10457
142150,512,16519.5
83912,512,9762.9
126151,512,14690.4
526135,512,43548
434134,512,28586.9
100634,512,11694.4
132334,512,15323.7
96583,512,11300.2
120956,512,14089.2
527460,512,43706.3
428269,512,28154.7
103808,512,11946.1
127274,512,14810.4
102659,512,11949.5
119034,512,13831.1
529427,512,43887.5
424951,512,28056.8
117377,512,13629.2
122898,512,14428.4
114955,512,13406.6
118573,512,13758.1
504860,512,42024.6
400093,512,26585.3
115234,512,13394.9
120376,512,13962.2
114692,512,13355.7
119087,512,14009.2
82388,512,9564.03
95040,512,11124.1
95047,512,11180.4
81972,512,9612.51
559163,512,46354.3
479025,512,31658.3
123005,512,10274.4
134139,512,12229.2
117970,512,12056.8
136606,512,14559.7
108827,512,11607.5
113602,512,13190.1
110167,512,12792
103331,512,12035.4
500782,512,41606.1
433174,512,25623.1
83660,512,8247.2
139159,512,14874.1
79680,512,8660.88
128804,512,13947.6
93269,512,10095.6
116477,512,12464.1
96336,512,10385.1
100708,512,10771.1
513866,512,40426.5
431100,512,26598.6
94610,512,10056.1
138919,512,16191.1
97046,512,11405.9
129913,512,15087.8
91737,512,10742.3
128003,512,14964.6
97528,512,11315.2
111611,512,13070.2
530735,512,44103.3
446252,512,29426.4
96734,512,11291.4
139126,512,16260.2
97673,512,11411.5
132027,512,15449.1
99926,512,11705.5
146522,512,16934.1
105672,512,12261.2
131348,512,15082.3
560299,512,40588
483219,512,30237.9
99871,512,10817.5
139835,512,15078.1
100632,512,10814.3
135476,512,14561.7
100073,512,10874.7
158983,512,17103
110849,512,11968.1
140232,512,15082.5
584554,512,45993.9
515851,512,32429.1
72786,512,7834.76
111169,512,12021.3
75465,512,8146.28
108697,512,11628.3
418763,512,32830
331624,512,21860.5
104724,512,12164.9
104369,512,12144.8
100685,512,11678.7
114837,512,13380.1
384080,512,31961.3
294467,512,19372
52376,512,6036.18
108226,512,12497.5
49216,512,5757.63
88225,512,10343.9
390912,512,32607.4
292071,512,19307.9
68275,512,7865.65
97898,512,11371.3
65237,512,7598
82951,512,9624.67
395711,512,30327
291221,512,17310.6
71474,512,7746.43
99155,512,10677.3
69597,512,7537.89
91595,512,9879.48
386282,512,30170.9
286061,512,17913.1
74946,512,8092.03
93347,512,10128
73526,512,7945.15
87577,512,9400
372892,512,29411.5
268393,512,16954.6
83966,512,9097.71
91238,512,9932.71
82765,512,8870.12
85516,512,9214.33
48820,512,5222.97
61079,512,6559.82
59699,512,6387.71
49720,512,5372.24
457008,512,35985.3
380232,512,23901.5
100329,512,10789.4
112503,512,12133.2
94479,512,10211.4
114846,512,12447.8
82527,512,8855.44
86541,512,9286.62
84021,512,8974.97
74658,512,7982.42
371268,512,29253.5
296938,512,18685.1
59207,512,6369.89
110975,512,11963.6
55989,512,6038.09
99131,512,10743.4
59373,512,5370.46
88269,512,7980.02
64712,512,6534.2
69763,512,7456.69
383955,512,32201.7
302682,512,20002.1
75307,512,8855.11
120987,512,14083.4
74395,512,8660.67
110489,512,7466.96
69106,512,5904.76
107546,512,10245.2
74384,512,7379.6
86780,512,8632.82
406737,512,31844.7
316678,512,19906.3
75207,512,5928.88
115311,512,10978.6
77122,512,8160.8
106452,512,11321.5
75019,512,7999.11
125521,512,14637.2
83525,512,9765.09
105434,512,12379.7
445126,512,37178.1
360576,512,23816.6
66207,512,7773.5
107436,512,12480.1
69103,512,8098.96
100659,512,11842.7
80509,512,9414.9
140067,512,16196.8
94610,512,10981.6
117697,512,13753.4
469702,512,39115.9
393501,512,26003.9
53044,512,5646.37
91720,512,10683.2
54347,512,6266.49
87767,512,10187.9
319674,512,26709.4
246891,512,16333.3
64552,512,7537.56
73664,512,8589.79
61364,512,7130.18
83434,512,9698.3
237924,512,19808.9
152630,512,10068.7
32419,512,3794.96
75766,512,8876.79
30510,512,3567.51
57281,512,6728.32
239685,512,19940
155797,512,10253.4
43886,512,4744.2
73089,512,8499.2
39292,512,4543.17
62094,512,7298.08
241817,512,20119.7
154531,512,10230
49628,512,5789.64
57036,512,6625.24
48540,512,5723.33
49310,512,5757.9
219154,512,18188.2
147362,512,9683.7
33528,512,3918.62
53373,512,6228.69
34631,512,4048.71
44365,512,5208.79
195846,512,16351.2
120625,512,4307.55
54241,512,4346.88
71756,512,6540.27
51254,512,5117.33
64594,512,6399.91
45935,512,4598.97
46296,512,4984.6
52919,512,5665.86
38370,512,4137.14
331367,512,26053.4
265406,512,16778.3
65174,512,7080.77
85635,512,9219.39
59884,512,6417.37
89665,512,9648.38
45262,512,4875.74
57303,512,6179.79
48014,512,5188.78
44781,512,4812.5
250381,512,19612.5
189258,512,11765
40322,512,4310.72
85967,512,10050.2
36932,512,4303.89
74639,512,8689.39
44052,512,5164.28
61540,512,7219.71
47508,512,5496.53
46746,512,5461.79
265383,512,22185.2
195030,512,12924.8
42118,512,4943.44
91334,512,10635.9
42774,512,4995.88
79227,512,9292.49
38467,512,4500.63
71031,512,8308.34
44005,512,5047.63
53746,512,6272.91
283233,512,18685.2
202509,512,12421.5
46461,512,5004.14
78908,512,8563.88
48194,512,5178.16
72580,512,7788.74
43854,512,4670.37
96524,512,10381
51673,512,5512.07
76538,512,8234.06
320489,512,25267
247453,512,15568.6
40847,512,4423.52
81975,512,8899.61
42541,512,4623.71
75412,512,8142.62
49860,512,5391.19
110313,512,10893.6
61547,512,7176.72
88378,512,10243.4
345592,512,28708.9
274829,512,18043
25374,512,2963.34
60536,512,7035.63
25890,512,3006.97
57422,512,6692.8
209395,512,17412.4
151186,512,9968.15
32695,512,3831.9
42140,512,4949.29
30524,512,3574.96
49135,512,5746.16
126254,512,10493.2
76575,512,5040.72
17164,512,2003.42
52044,512,6095.94
14299,512,1213.51
37690,512,3689.9
146819,512,11575.6
84761,512,5311.11
23183,512,2481.67
49133,512,5229.18
21266,512,2283.1
36818,512,3975.9
144374,512,11343.9
87498,512,5492.34
20567,512,2221.77
39685,512,4296.95
19186,512,2065.27
32050,512,3436.54
133310,512,10457.3
81004,512,5080.37
25603,512,2059.75
40168,512,3726.16
23381,512,2320.23
32959,512,3269.24
117647,512,9233.21
69633,512,4370.33
23953,512,2585.5
31670,512,3440.35
22904,512,2471.19
28133,512,3004.31
34335,512,3686.31
29747,512,3179.33
42332,512,4505.96
23730,512,2529.98
165318,512,12969.9
114116,512,7185.31
34464,512,3708.37
60724,512,6562.66
30956,512,3086.06
62144,512,6655.44
27947,512,2973.98
32084,512,3434.26
31500,512,3393.37
26063,512,2822.11
144805,512,11326.2
93516,512,5852.3
19984,512,2152.87
51570,512,5614.79
18956,512,2028.67
45617,512,4941.34
17384,512,1845.62
30722,512,3321.08
20613,512,2207.15
23618,512,2523.46
150601,512,11794.9
91018,512,5728.4
22986,512,2456.31
50560,512,5429.91
23332,512,2522.04
48332,512,5225.88
18710,512,2009.3
48771,512,5239.98
22976,512,2481.67
37207,512,4020.62
158689,512,12541
91220,512,5718.4
25803,512,2787.45
51980,512,5622.7
27000,512,2925.94
50793,512,5444.24
22110,512,2377.14
70194,512,7565.17
27829,512,2981.95
55987,512,5967.88
166966,512,13178.4
100492,512,6321.81
16560,512,1785.06
39864,512,4277.4
17972,512,1941.51
38720,512,3912.91
24537,512,2595.52
65081,512,6966.13
35051,512,3735.79
54980,512,5859.27
189128,512,14820.5
109440,512,6908.96
6244,512,671.095
26927,512,2917.24
7420,512,771.599
26093,512,2799.45
53227,512,4162.27
34630,512,2170.5
13396,512,1455.87
27558,512,2972.17
12282,512,1321.6
32402,512,3494.07
59715,512,4689.68
31978,512,2005.66
8006,512,850.925
25723,512,2732.22
7531,512,816.813
18901,512,2040.01
73174,512,5744.41
37471,512,2461.04
7276,512,849.691
25171,512,2919.76
6459,512,519.114
19734,512,1811.5
77994,512,5820.51
38793,512,2424.66
11015,512,1191.98
24419,512,2639.27
10472,512,1114.21
20582,512,2210.63
70998,512,5580.57
35760,512,2257.91
8285,512,886.913
20839,512,2238.12
7826,512,834.816
17985,512,1931.34
61917,512,4870.08
28848,512,1814.73
11904,512,1294.71
21574,512,2304.19
11724,512,1238.16
20289,512,2189.16
13591,512,1454.27
11834,512,1274.36
18364,512,1963.77
8842,512,949.127
107573,512,8468.43
80849,512,5088.85
16771,512,1805.55
28842,512,3102.86
13807,512,1364.08
31600,512,3348.57
13156,512,1411.21
15612,512,1667.03
15414,512,1646.99
10938,512,1284.79
48981,512,4077.77
34082,512,1489.25
7091,512,605.26
27698,512,2641.29
6302,512,620.82
21599,512,2151.23
6119,512,568.573
11183,512,1209.79
7324,512,777.586
7750,512,833.825
55048,512,4340.57
35955,512,2255.72
8454,512,712.122
27387,512,2587.34
8560,512,848.786
22070,512,2200.95
7508,512,809.121
18737,512,1998.25
9838,512,1053.94
12906,512,1386.23
63204,512,4958.87
40951,512,2567.77
10143,512,1086.12
31538,512,3391.76
10640,512,1145.69
26736,512,2895.37
10085,512,1085.58
31635,512,3370.42
12905,512,1385.82
23675,512,2520.72
75648,512,5978.89
51508,512,3252.45
8793,512,751.248
23635,512,2308.6
8673,512,927.177
20949,512,2226.29
11498,512,1230.58
50919,512,5917.17
15955,512,1850.7
35619,512,4148.08
90763,512,7580.16
66881,512,4411.35
2012,512,235.593
9731,512,1137.38
2143,512,249.146
8160,512,947.702
53936,512,3884.43
37885,512,2367.72
4860,512,528.145
8693,512,923.269
4594,512,497.313
10765,512,1153.81
19771,512,1545.06
11460,512,721.72
3116,512,336.507
17085,512,1837.47
2706,512,291.9
11679,512,1258.51
21492,512,1686.39
12675,512,794.781
3128,512,337.564
8602,512,931.899
2649,512,286.099
5842,512,625.399
21069,512,1643.33
12926,512,813.685
3130,512,335.085
8456,512,911.945
2888,512,309.441
5920,512,633.834
16569,512,1302.34
10555,512,663.981
3975,512,424.95
9829,512,1059.04
3688,512,398.629
6880,512,740.445
14652,512,1141.93
9374,512,588.595
2878,512,307.823
5607,512,607.466
2627,512,283.833
4187,512,449.378
7994,512,859.571
6230,512,671.066
10825,512,1148.77
4266,512,459.846
37336,512,2936.95
28863,512,1822.03
5646,512,603.993
17872,512,1926.32
4679,512,503.55
21603,512,2334
5126,512,553.779
5757,512,620.2
6474,512,695.814
3865,512,417.26
18332,512,1439.27
14699,512,924.903
3668,512,393.365
11791,512,1273.76
3797,512,404.011
10070,512,1083.85
3401,512,365
5162,512,551.368
4111,512,441.702
3691,512,393.891
13036,512,1020.45
9863,512,611.18
4359,512,463.709
13924,512,1609.19
4174,512,485.226
11995,512,1412.35
3302,512,385.847
7543,512,880.277
4222,512,489.677
6012,512,694.491
12635,512,645.04
9668,512,571.433
4405,512,476.129
10699,512,1151.22
4559,512,492.159
9516,512,1027.16
4352,512,467.087
15753,512,1689.79
5559,512,515.386
12052,512,1188.01
14538,512,1144.4
11200,512,706.995
2258,512,244.882
8183,512,881.182
2408,512,256.46
6857,512,740.698
4500,512,485.962
23566,512,2542.91
5989,512,648.688
17053,512,1830.95
17556,512,1380.37
14256,512,896.957
742,512,80.5169
2728,512,296.567
806,512,87.1927
2370,512,254.245
21989,512,1443.57
16969,512,1062.65
1040,512,111.513
6990,512,754.606
971,512,103.243
10210,512,1091.14
4276,512,338.153
3145,512,197.721
1083,512,118.068
7508,512,805.311
989,512,106.061
5246,512,567.971
3167,512,249.106
2309,512,144.711
1566,512,168.029
4323,512,467.336
1368,512,147.715
3317,512,359.671
2099,512,173.916
1606,512,106.643
1259,512,145.439
3983,512,466.933
1243,512,144.412
2880,512,334.241
1483,512,123.537
1166,512,76.6206
827,512,96.5101
1872,512,217.229
712,512,83.4046
1394,512,163.417
1887,512,157.252
1200,512,79.507
419,512,48.729
812,512,94.6475
391,512,45.8014
645,512,75.1243
131072,512,15127.2
131072,512,11645.2
131072,512,13087.4
131072,512,14113
524288,512,43752.7
524288,512,34635
131072,512,15361.2
131072,512,15396.8
131072,512,15351.1
131072,512,15448.4
131072,512,15298.2
131072,512,15310.5
131072,512,15303.8
131072,512,15288.7
524288,512,43532.5
524288,512,34424.3
131072,512,15261.2
131072,512,15291.8
131072,512,15263.1
131072,512,9577.11
131071,512,11142.1
131072,512,12906.4
131072,512,13010.5
131072,512,12953.2
524288,512,41398.1
524288,512,32867.6
131072,512,14148.5
131072,512,14195.4
131072,512,14190.3
131072,512,14148
131072,512,14126.1
131072,512,14037.9
131072,512,14228.6
131072,512,14113
524288,512,41431.3
524287,512,30041.9
131072,512,14152.8
131072,512,13999.5
131072,512,15292.4
131072,512,15244.8
131072,512,15271.5
131072,512,15316.1
131072,512,15195.7
131072,512,15172.6
524288,512,43569.8
524288,512,34638.6
131072,512,15245.7
131072,512,15306.3
131072,512,15373.6
131072,512,15239.8
131072,512,15364.9
131072,512,15242.9
131072,512,15329.5
131072,512,15212.5
524288,512,43623.6
524288,512,30006.8
131072,512,12078.3
131072,512,13081.5
131072,512,13025.2
131072,512,14123.7
524288,512,41426.7
524288,512,32973.2
131072,512,14143.7
131072,512,14238.3
131072,512,14015.1
131072,512,14138.7
524288,512,41373.1
524288,512,32885.6
131072,512,13798
131072,512,13848.1
131072,512,13811.8
131072,512,13589.7
524288,512,43641.8
524288,512,32994.2
131072,512,14267.6
131072,512,14061.4
131072,512,14108.5
131072,512,14085.7
524288,512,41229.7
524288,512,32931.7
131072,512,14230.5
131072,512,14159.7
131072,512,14069.7
131072,512,13989
524288,512,41147.8
524288,512,33232.8
131072,512,14004.6
131072,512,14139.2
131072,512,14247
131072,512,14213.7
524288,512,41179.1
524288,512,33022.5
131072,512,14169.3
131072,512,14033.4
131072,512,14128.2
131072,512,14204.5
104857,512,11240.4
104857,512,11313.6
104857,512,11242.1
104857,512,11343.8
419430,512,32912.2
419430,512,26340.2
104857,512,11354.3
104857,512,11276.9
104857,512,11341.5
104857,512,11277
104857,512,11229.9
104857,512,11359.7
104857,512,11230.4
104857,512,11299.6
419430,512,33049.1
419430,512,26445.8
104857,512,11253.8
104857,512,11278
104857,512,11199.3
104857,512,11363.9
104857,512,11281.2
104856,512,11189.1
104857,512,11260.2
104857,512,11174.1
419430,512,33070.7
419430,512,26436.4
104857,512,11283.9
104857,512,11338
104857,512,11336.7
104857,512,11207.6
104857,512,11312.6
104857,512,11303.5
104857,512,11236.8
104857,512,11165.8
419429,512,33010
419429,512,25814.3
104857,512,11020
104857,512,11222.9
104857,512,12184.9
104857,512,12186.1
104857,512,12251.5
104857,512,12119.2
104857,512,12145.7
104857,512,12226.9
419430,512,34873.9
419430,512,27674
104857,512,12175
104857,512,11404.9
104857,512,11370.3
104857,512,11262.9
104857,512,11328.1
104857,512,11224.6
104857,512,11194.1
104857,512,11225.7
419430,512,34943.8
419430,512,27724.8
104857,512,12099.3
104857,512,12257.5
104857,512,12230
104857,512,12241.2
419430,512,34921.1
419430,512,27652.9
104857,512,12264
104857,512,12345
104857,512,12224.7
104857,512,12161.5
419430,512,35004.5
419430,512,27867.3
104857,512,12242.5
104857,512,12187.8
104857,512,12272.5
104857,512,12271.4
419430,512,34959.8
419430,512,26283.5
104857,512,11293.6
104857,512,11242.8
104857,512,11374.1
104857,512,11296.4
419430,512,33073.6
419430,512,26434.3
104857,512,11314.7
104857,512,11374.1
104857,512,11363.5
104857,512,11304.6
419429,512,32983.7
419430,512,26189.1
104857,512,11342
104857,512,11344
104857,512,11251.3
104857,512,11294.3
419430,512,25013.9
419430,512,27575.3
104857,512,12076.8
104857,512,12173.2
104857,512,12183
104857,512,12254.4
78643,512,9145.05
78642,512,9144.76
78643,512,9141.39
78643,512,9110.12
314572,512,26298.9
314572,512,20717.4
78643,512,9118.87
78643,512,9153.7
78643,512,9162.69
78643,512,9211.16
78643,512,9152.37
78643,512,9193.32
78643,512,9100.73
78643,512,9121.51
314572,512,26215
314571,512,20769.1
78643,512,9115.9
78643,512,9187.28
78643,512,9137.25
78643,512,9168.2
78643,512,9198.87
78643,512,9141.73
78643,512,9049.19
78643,512,9159.19
314572,512,26184.7
314572,512,20749
78643,512,9137.58
78643,512,9176.56
78643,512,9079.06
78643,512,9166.03
78643,512,9179.58
78643,512,9113.92
78643,512,9156.53
78643,512,9116.06
314572,512,26216.4
314572,512,20781.4
78643,512,9124.99
78643,512,9170.71
78643,512,9104.68
78643,512,9139.73
78643,512,9251.97
78643,512,9084.47
78643,512,9191.31
78643,512,9106.66
314572,512,26259.8
314572,512,20659.2
78643,512,9209.13
78643,512,9184.26
78643,512,9131.61
78643,512,9192.15
78643,512,9209.98
78643,512,9122.34
78643,512,9157.03
78643,512,9173.72
314572,512,26256.7
314572,512,11816.8
78643,512,6766.81
78643,512,7735.7
78643,512,8517.5
78643,512,8444.76
314572,512,26268.7
314572,512,20777.1
78643,512,9186.27
78643,512,9274.64
78643,512,9151.03
78643,512,9204.76
314572,512,26203.1
314572,512,20802
78643,512,9248.74
78643,512,9279.6
78643,512,9298.97
78643,512,9185.94
314572,512,26195.9
314572,512,19577.1
78643,512,8472.62
78643,512,8483.04
78643,512,8477.62
78643,512,9165.37
314572,512,26200.7
314571,512,20854.7
78643,512,9141.89
78643,512,5887.07
78643,512,7166.77
78643,512,7738.2
314572,512,24783.1
314572,512,19802.7
78643,512,7740.34
78643,512,8438.1
78643,512,8521.54
78643,512,8517.35
314572,512,24887
314572,512,19783.6
78643,512,8516.78
78643,512,8428.07
78643,512,8455.4
78643,512,8461.8
52428,512,5605.88
52428,512,5682.59
52428,512,5611.22
52428,512,5672.5
209715,512,16491.7
209715,512,13166.9
52428,512,5664.36
52428,512,5615.45
52428,512,5664.55
52428,512,5659.39
52428,512,5648.82
52428,512,6103.05
52428,512,6082.03
52428,512,6112.5
209715,512,17499
209715,512,13842
52428,512,6098.84
52428,512,6132.16
52428,512,6129.59
52428,512,6103.17
52428,512,6098.18
52428,512,6110.39
52428,512,6102.5
52428,512,6079.5
209715,512,17460.8
209715,512,13823.4
52428,512,6135.75
52428,512,6140.81
52428,512,6163.82
52428,512,6045.33
52428,512,6115.73
52428,512,6095.07
52428,512,6110.39
52428,512,5214.45
209715,512,16436.7
209715,512,13178.6
52428,512,5659.49
52428,512,5660.16
52428,512,5678.65
52428,512,5642.83
52428,512,5652.34
52428,512,5654.05
52428,512,5699.96
52428,512,5631.09
209715,512,16439.8
209715,512,13187.3
52428,512,5637.24
52428,512,5636.77
52428,512,5657.48
52428,512,5587.39
52428,512,5615.73
52428,512,5628.82
52428,512,5604.01
52428,512,5651.77
209715,512,15028.4
209715,512,13129.3
52428,512,5659.11
52428,512,5658.06
52428,512,5615.54
52428,512,5621.28
209715,512,16428.1
209715,512,13170.1
52428,512,5640.08
52428,512,5669.91
52428,512,5640.08
52428,512,5660.16
209715,512,16458.5
209715,512,13160.5
52428,512,5619.21
52428,512,5665.99
52428,512,5711.99
52428,512,5648.72
209715,512,16496.5
209715,512,13185.1
52428,512,5651.67
52428,512,5674.51
52428,512,5617.61
52428,512,3614.79
209715,512,16416.8
209715,512,13241.4
52428,512,5634.3
52428,512,5701.12
52428,512,5622.5
52428,512,5666.47
209715,512,16394.4
209715,512,13198.8
52428,512,5634.12
52428,512,5647.11
52428,512,5613.19
52428,512,5662.07
209715,512,16456.1
209715,512,13213
52428,512,5650.62
52428,512,5630.33
52428,512,5666.94
52428,512,5615.44
26214,512,2826.41
26214,512,2837.5
26214,512,2810.22
26214,512,2814.32
104857,512,8244.48
104857,512,6590.38
26214,512,2816.02
26214,512,2838.89
26214,512,2842.83
26214,512,2817.53
26214,512,2802.8
26214,512,2815.69
26214,512,2819.47
26214,512,2824.55
104857,512,8197.35
104857,512,6605.56
26214,512,2792.81
26214,512,2847.47
26214,512,2832.61
26214,512,2817.86
26214,512,2803.08
26214,512,2811.63
26214,512,2825.45
26214,512,2809.23
104857,512,8240.13
104857,512,6613.83
26214,512,2835.91
26214,512,2803.83
26214,512,2831.42
26214,512,2821.99
26214,512,2844.47
26214,512,3035.57
26214,512,3055.25
26214,512,3070.12
104857,512,8774.18
104857,512,6942.86
26214,512,3045.71
26214,512,3035.62
26214,512,3057.25
26214,512,3036.89
26214,512,3064.79
26214,512,3045.54
26214,512,3021.9
26214,512,3050.03
104857,512,8752.79
104857,512,6944.51
26214,512,3044.55
26214,512,3047.7
26214,512,3052.8
26214,512,3060.43
26214,512,3023.59
26214,512,3030.96
26214,512,2613.32
26214,512,2836.3
104857,512,8285.61
104857,512,6580.05
26214,512,2799.76
26214,512,2832.18
26214,512,2845.78
26214,512,2862.09
104857,512,8186.75
104857,512,6593.88
26214,512,2821.23
26214,512,2827.5
26214,512,2841.77
26214,512,2840.43
104857,512,8265.4
104857,512,6585.92
26214,512,2833.52
26214,512,3049.25
26214,512,3021.74
26214,512,3041.13
104857,512,8731.03
104857,512,6950.49
26214,512,3056.64
26214,512,3046.98
26214,512,3056.25
26214,512,3053.36
104857,512,8732.17
104857,512,6918.74
26214,512,3058.43
26214,512,3063.62
26214,512,3073.44
26214,512,3082.53
104857,512,8751.76
104857,512,6956.25
26214,512,2597.22
26214,512,2811.2
26214,512,2826.26
26214,512,2798.68
104857,512,8289.19
104857,512,6612.2
26214,512,2837.54
26214,512,2806.97
26214,512,2818.81
26214,512,2816.02
13107,512,1416.4
13107,512,1416.14
13107,512,1396.38
13107,512,1404.1
52428,512,4132.71
52428,512,3294.26
13107,512,1405.56
13107,512,1408.72
13107,512,1423.76
13107,512,1415.97
13107,512,1409.03
13107,512,1413.18
13107,512,1398.62
13107,512,1402.8
52428,512,4139.24
52428,512,3294.16
13107,512,1417.29
13107,512,1420.57
13107,512,1417.33
13107,512,1423.81
13107,512,1413.68
13107,512,1403.67
13107,512,1422.45
13107,512,1393.55
52428,512,4122.05
52428,512,3295.39
13107,512,1416.09
13107,512,1407.87
13107,512,1417.93
13107,512,1414.54
13107,512,1401.52
13107,512,1416.07
13107,512,1267.03
13107,512,1290.83
52428,512,4108.12
52427,512,3463.88
13107,512,1530.66
13107,512,1515.65
13107,512,1533.27
13107,512,1535.34
13107,512,1529.44
13107,512,1523.44
13107,512,1512.5
13107,512,1534.61
52428,512,4376.29
52428,512,3475.21
13107,512,1532.43
13107,512,1528.35
13107,512,1515.48
13107,512,1525.43
13107,512,1533.55
13107,512,1390.8
13107,512,1300.5
13107,512,1401.26
52428,512,4363.37
52428,512,3097.36
13107,512,1296.62
13107,512,1399.2
13107,512,1406.1
13107,512,1416.66
52428,512,4121.6
52428,512,3278.45
13107,512,1396.01
13107,512,1419.73
13107,512,1389.33
13107,512,1406.83
52428,512,4105.15
52427,512,3309.59
13107,512,1089.23
13107,512,743.302
13107,512,1302.34
13107,512,1294.42
52427,512,4103.92
52428,512,3298.01
13107,512,1419.54
13107,512,1411.61
13107,512,1406.88
13107,512,1405.11
52428,512,4138.83
52428,512,3288.41
13107,512,1417.6
13107,512,1401.73
13107,512,1417.19
13107,512,1423.27
52428,512,4139.29
52428,512,3463.41
13107,512,1536.02
13107,512,1516.03
13107,512,1516.17
13107,512,1534.84
52428,512,4374.24
52428,512,3451.23
13107,512,1535.59
13107,512,1533.21
13107,512,1516.69
13107,512,1524.02
5242,512,614.865
5242,512,612.709
5242,512,613.426
5242,512,611.87
20971,512,1744.99
20971,512,1374.36
5242,512,608.806
5242,512,487.678
5242,512,521.52
5242,512,519.968
5242,512,568.953
5242,512,561.656
5242,512,565.214
5242,512,562.466
20971,512,1654.58
20971,512,1316.6
5242,512,566.771
5242,512,568.451
5242,512,565.433
5242,512,567.778
5242,512,565.062
5242,512,554.032
5242,512,565.157
5242,512,561.703
20971,512,1640.08
20971,512,1316.01
5242,512,564.777
5242,512,507.708
5242,512,554.325
5242,512,562.768
5242,512,608.839
5242,512,611.536
5242,512,607.219
5242,512,609.337
20971,512,1735.22
20971,512,1377.88
5242,512,613.594
5242,512,610.134
5242,512,607.252
5242,512,610.568
5242,512,608.95
5242,512,607.978
5242,512,610.812
5242,512,606.297
20971,512,1732.22
20971,512,1300.58
5242,512,555.04
5242,512,560.306
5242,512,605.302
5242,512,614.516
5242,512,612.988
5242,512,612.015
5242,512,562.891
5242,512,559.073
20971,512,1654.68
20971,512,1321.14
5242,512,567.749
5242,512,564.929
5242,512,567.874
5242,512,561.619
20971,512,1656.72
20971,512,1310.86
5242,512,567.71
5242,512,560.521
5242,512,568.297
5242,512,567.874
20971,512,1593.31
20971,512,1300.72
5242,512,562.494
5242,512,564.036
5242,512,562.73
5242,512,563.231
20971,512,1645.93
20971,512,1311.38
5242,512,562.296
5242,512,563.023
5242,512,564.853
5242,512,561.008
20971,512,1653.74
20971,512,1317
5242,512,559.969
5242,512,566.436
5242,512,564.919
5242,512,561.685
20970,512,1647.43
20971,512,1329.78
5242,512,569.097
5242,512,560.624
5242,512,564.643
5242,512,561.468
20971,512,1646.11
20971,512,1322
5242,512,508.277
5242,512,510.209
5242,512,531.425
5242,512,564.862
131072,512,14157.3
131072,512,15244.3
131072,512,15260.4
131072,512,15378.7
524288,512,41060.2
524288,512,34874.7
131072,512,15050.9
131072,512,15215.2
131072,512,15275.1
131072,512,15220.8
131072,512,15210.3
131072,512,15235.1
131072,512,15248.4
131072,512,15262.3
524288,512,43851.1
524288,512,34656.5
131072,512,15249.8
131072,512,15359.6
131072,512,15177
131072,512,15219.9
131072,512,15261.5
131072,512,15224.9
131072,512,15298.2
131072,512,15352.5
524288,512,43567
524288,512,34480.5
131072,512,12969
131072,512,14008.8
131072,512,14137
131072,512,14219.9
131072,512,14106.3
131072,512,14042.1
131072,512,13996.7
131072,512,14043.1
524288,512,41450.8
524288,512,32963.8
131072,512,14165.4
131072,512,14118.5
131072,512,14260.1
131072,512,14022.4
131072,512,14233
131072,512,14214.4
131072,512,14188.2
131072,512,14091.9
524288,512,41074.8
524288,512,32858.5
131072,512,14069.9
131072,512,10400.6
131072,512,12857.3
131072,512,13679.8
131072,512,13951.5
131072,512,14033.9
131072,512,15228.2
131072,512,15155.9
524288,512,43769.3
524288,512,34556.1
131072,512,15342.1
131072,512,15221.9
131072,512,15322.8
131072,512,15332
524288,512,43899.3
524288,512,34551.2
131072,512,15160.3
131072,512,15389.1
131072,512,13023.2
131072,512,12862.4
524288,512,41240.4
524288,512,32986.1
131072,512,14271.2
131072,512,14172.1
131072,512,14027.3
131072,512,14106.8
524288,512,41162
524288,512,32967.3
131072,512,14060.2
131072,512,14145.8
131072,512,14200.2
131072,512,14215.3
524288,512,41311
524288,512,32991.3
131072,512,15189.9
131072,512,15277
131072,512,15280.7
131072,512,15266.5
524288,512,43397.9
524288,512,34521.3
131072,512,15323.6
131072,512,15441
131072,512,15304.9
131072,512,15227.1
524288,512,43853.4
524288,512,34732.5
131072,512,15267
131072,512,15350
131072,512,15296
131072,512,15216.9
104857,512,12234.5
104857,512,12258.8
104857,512,12246.8
104857,512,12322.5
419430,512,34983.5
419430,512,27860.7
104857,512,12205.8
104857,512,12177
104857,512,12256.2
104857,512,12188.3
104857,512,12322.3
104857,512,12312.8
104857,512,12202.9
104857,512,12157.1
419430,512,34900.7
419431,512,27565.5
104857,512,12161.1
104857,512,12259.7
104857,512,12206.7
104857,512,12350.7
104857,512,12186.3
104857,512,12245.4
104857,512,12210
104857,512,12243.2
419430,512,34961.1
419430,512,27630.7
104857,512,12184.5
104857,512,12183.4
104857,512,12244.5
104857,512,12167.5
104857,512,12134.7
104857,512,12228.9
104857,512,12263.3
104857,512,12214.7
419430,512,35082.2
419430,512,27756.4
104857,512,12245.9
104857,512,12198.5
104857,512,12366.6
104857,512,12314.2
104857,512,12240.1
104857,512,12227.4
104857,512,12251
104857,512,12130.5
419430,512,34965.7
419430,512,27600.3
104857,512,12423.8
104857,512,8453.86
104857,512,9585.7
104857,512,10470.2
104857,512,10389.8
104857,512,10436.6
104857,512,11321.6
104857,512,11295.5
419430,512,32927.9
419430,512,26325
104857,512,11239.1
104857,512,11397.5
104857,512,11235.5
104857,512,11335.3
419430,512,32972
419430,512,26250.6
104857,512,11284.6
104857,512,11262.1
104857,512,10459.1
104857,512,12181.8
419430,512,34598.9
419430,512,27718.3
104857,512,12235.6
104857,512,12247.4
104857,512,12175.9
104857,512,12121.1
419430,512,34962.5
419430,512,27761.8
104857,512,12314.4
104857,512,12259.5
104857,512,12248.8
104857,512,12242.1
419430,512,35004
419430,512,27705.1
104857,512,12331.2
104857,512,12413.5
104857,512,12221.6
104857,512,12190
419430,512,35024.5
419430,512,27724.9
104857,512,12043.2
104857,512,12207.1
104857,512,12305.4
104857,512,12171
419430,512,34859
419430,512,27669.7
104857,512,8699.12
104857,512,9723.9
104857,512,10473.3
104857,512,10408.3
78643,512,8554.27
78643,512,8489.91
78643,512,8348.25
78643,512,8443.91
314572,512,22492.2
314572,512,19761.7
78643,512,8435.56
78643,512,8508.28
78643,512,8449.29
78643,512,8414.4
78643,512,8469.63
78643,512,8512.02
78643,512,8462.36
78643,512,8458.24
314572,512,24725.6
314572,512,19756.7
78643,512,8449.58
78643,512,8579.64
78643,512,8475.9
78643,512,8344.93
78643,512,8450.71
78643,512,7842.98
78643,512,7825.79
78643,512,8447.59
314572,512,24696.5
314572,512,19771.6
78643,512,8463.22
78643,512,8407.52
78643,512,8397.84
78643,512,8471.34
78643,512,8448.59
78643,512,8492.78
78643,512,8460.66
78643,512,8461.93
314572,512,24679.6
314572,512,19739.4
78643,512,8456.96
78643,512,8467.92
78643,512,8352.27
78643,512,8541.93
78643,512,8513.46
78643,512,6271.05
78643,512,7641.16
78643,512,8197.73
314572,512,26205.1
314572,512,20909.8
78643,512,9253.66
78643,512,9178.07
78643,512,9165.36
78643,512,9151.04
78643,512,9213.86
78643,512,5908.42
78643,512,7193.3
78643,512,7679.75
314572,512,24853.5
314572,512,19752.8
78643,512,7841.52
78643,512,8459.8
78643,512,8413.14
78643,512,8442.63
314572,512,24773.7
314572,512,19838.8
78643,512,8443.06
78643,512,8485.33
78643,512,8565.77
78643,512,8476.33
314572,512,24835.7
314572,512,19784.2
78643,512,8435.7
78643,512,8424.4
78643,512,8482.9
78643,512,8475.61
314572,512,24628.5
314572,512,19834.5
78643,512,9137.91
78643,512,9175.39
78643,512,9137.08
78643,512,9207.95
314572,512,26258.1
314572,512,20833.4
78643,512,9183.76
78643,512,9165.7
78643,512,9236.34
78643,512,9167.03
314572,512,26307.8
314572,512,20748.6
78643,512,9212
78643,512,9183.6
78643,512,9149.2
78643,512,9173.38
314572,512,26265.3
314572,512,16530.8
78643,512,7464.82
78643,512,7865.54
78643,512,7844.7
78643,512,8514.04
52428,512,5634.4
52428,512,5641.69
52428,512,5632.79
52428,512,5624.1
209715,512,16439.8
209715,512,13195.2
52428,512,5655
52428,512,5637.05
52428,512,5621.18
52428,512,5594.75
52428,512,5673.17
52428,512,5601.01
52428,512,5627.31
52428,512,5634.78
209715,512,16498.6
209715,512,13884.1
52428,512,6058.75
52428,512,6149.13
52428,512,6182.56
52428,512,6123.88
52428,512,6064.56
52428,512,6113.84
52428,512,6087.33
52428,512,6128.47
209715,512,17496.1
209715,512,13860
52428,512,6147.1
52428,512,6099.95
52428,512,6185.63
52428,512,6133.06
52428,512,6088.99
52428,512,6111.61
52428,512,6142.49
52428,512,6128.47
209715,512,17534.9
209715,512,13876.3
52428,512,6022.21
52428,512,5237.16
52428,512,5180.96
52428,512,5637.43
52428,512,5661.49
52428,512,5618.64
52428,512,5661.88
52428,512,5629.29
209715,512,16536
209715,512,13220
52428,512,5663.12
52428,512,5658.34
52428,512,5669.34
52428,512,5656.91
52428,512,5635.06
52428,512,5656.72
52428,512,5628.73
52428,512,5648.63
209715,512,16525.4
209715,512,13150.5
52428,512,5631.09
52428,512,6129.59
52428,512,6123.44
52428,512,6091.2
209716,512,17496.8
209715,512,12382.9
52428,512,5228.84
52428,512,5640.84
52428,512,5695.9
52428,512,5634.3
209715,512,16514
209715,512,13200.7
52428,512,5677.2
52428,512,5665.41
52428,512,5604.94
52428,512,5647.58
209715,512,16477.1
209715,512,13258
52428,512,5611.88
52428,512,5587.48
52428,512,5643.88
52428,512,5617.7
209715,512,16470
209715,512,13189.6
52428,512,5659.3
52428,512,5667.23
52428,512,5676.44
52428,512,5641.69
209715,512,16528.4
209715,512,13243.9
52428,512,5595.69
52429,512,5675.49
52428,512,5652.05
52428,512,5595.22
209715,512,16419
209715,512,13187.7
52428,512,5677.59
52428,512,5657.39
52428,512,5664.84
52428,512,5650.72
26214,512,2800.93
26214,512,2786.97
26214,512,2793
26214,512,2810.97
104857,512,8217.33
104857,512,6595.24
26214,512,2826.12
26214,512,2828.88
26214,512,2811.39
26214,512,2812.71
26214,512,3060.04
26214,512,3078.8
26214,512,3028.17
26214,512,3054.36
104857,512,8254.93
104857,512,6593.88
26214,512,2831.32
26214,512,2845.63
26214,512,2820.47
26214,512,2810.83
26214,512,2839.51
26214,512,2835.1
26214,512,2801.81
26214,512,2827.41
104857,512,8257.27
104857,512,6554.72
26214,512,2809.65
26214,512,2832.56
26214,512,2827.12
26214,512,2849.79
26214,512,2848.53
26214,512,2833.95
26214,512,2778.8
26214,512,2838.31
104857,512,5809.51
104857,512,6186.55
26214,512,2604.19
26214,512,2817.72
26214,512,2839.66
26214,512,2850.08
26214,512,2841.77
26214,512,2816.58
26214,512,2811.96
26214,512,2826.03
104857,512,8274.27
104857,512,6556.64
26214,512,2806.78
26214,512,2836.83
26214,512,2829.22
26214,512,2828.31
26214,512,2811.39
26214,512,2816.21
26214,512,2819.47
26214,512,2320.37
104857,512,8243.07
104857,512,6903.8
26214,512,3043.78
26214,512,3053.8
26214,512,3039.97
26214,512,3058.15
104857,512,8714.03
104857,512,6880.65
26214,512,3056.64
26214,512,3059.65
26214,512,3056.03
26214,512,3052.41
104857,512,8734.78
104857,512,6918.67
26214,512,2827.93
26214,512,2845.78
26214,512,2836.39
26214,512,2801.21
104857,512,8271.72
104857,512,6604.33
26214,512,2819.66
26214,512,2830.89
26214,512,2836.15
26214,512,2802.85
104857,512,8266.62
104857,512,6617.35
26214,512,2842.98
26214,512,2811.58
26214,512,2850.71
26214,512,2846.11
104857,512,8257.47
104857,512,6583.02
26214,512,2839.56
26214,512,2838.7
26214,512,2834.62
26214,512,2830.65
104857,512,8270.9
104857,512,6621.86
26214,512,2830.65
26214,512,2823.7
26214,512,2819.24
26214,512,2817.96
13107,512,1417.72
13107,512,1410.49
13107,512,1396.2
13107,512,1404.54
52428,512,4080.44
52428,512,3270.14
13107,512,1416.62
13107,512,1411.28
13107,512,1411.28
13107,512,1400.49
13107,512,1522.61
13107,512,1522.08
13107,512,1522.55
13107,512,1522.94
52428,512,4344.62
52428,512,3483.62
13107,512,1527.07
13107,512,1527.4
13107,512,1529.66
13107,512,1523.74
13107,512,1528.35
13107,512,1549.67
13107,512,1534.42
13107,512,1517.04
52428,512,4368.83
52428,512,3474.2
13107,512,1536.89
13107,512,1540.73
13107,512,1530.64
13107,512,1530.66
13107,512,1526.29
13107,512,1202.72
13107,512,1303.63
13107,512,1282.49
52428,512,4124.74
52428,512,3296.55
13107,512,1404.31
13107,512,1418.08
13107,512,1405.11
13107,512,1414.63
13107,512,1414.04
13107,512,1414.13
13107,512,1409.93
13107,512,1397.13
52428,512,4114.97
52428,512,3299.41
13107,512,1416.71
13107,512,1405.74
13107,512,1419.35
13107,512,1408.39
13107,512,1412.37
13107,512,1304.24
13107,512,1304.32
13107,512,1390.57
52428,512,4123.57
52428,512,3290.7
13107,512,1415.47
13107,512,1414.75
13107,512,1409.38
13107,512,1406.59
52428,512,4120.68
52428,512,3290.77
13107,512,1401.56
13107,512,1403.18
13107,512,1425.55
13107,512,1402.24
52428,512,4117.75
52428,512,2862.92
13107,512,1253.66
13107,512,1269.27
13107,512,1340.91
13107,512,1408.93
52428,512,4368.49
52428,512,3465.91
13107,512,1522.97
13107,512,1535.4
13107,512,1532.82
13107,512,1536.64
52428,512,4379.61
52428,512,3481.77
13107,512,1528.52
13107,512,1538.27
13107,512,1520.92
13107,512,1536.5
52428,512,4411.51
52428,512,3464.95
13107,512,1546.67
13107,512,1543.85
13107,512,1528.57
13107,512,1520.01
52428,512,4358.84
52428,512,3477.91
13107,512,1513.43
13107,512,1528.1
13107,512,1532.37
13107,512,1537.85
5242,512,613.515
5242,512,610.879
5242,512,608.034
5242,512,611.558
20971,512,1754.02
20971,512,1382.11
5242,512,608.949
5242,512,614.2
5242,512,612.764
5242,512,610.568
5242,512,613.134
5242,512,609.613
5242,512,606.122
5242,512,611.826
20971,512,1745.47
20971,512,1385.05
5242,512,616.163
5242,512,607.758
5242,512,611.291
5242,512,614.617
5242,512,609.591
5242,512,613.089
5242,512,605.991
5242,512,611.58
20971,512,1742.3
20971,512,1379
5242,512,614.594
5242,512,611.001
5242,512,518.818
5242,512,463.343
5242,512,479.837
5242,512,536.824
5242,512,558.812
5242,512,560.642
20971,512,1747.88
20971,512,1379.88
5242,512,612.809
5242,512,610.234
5242,512,608.861
5242,512,614.561
5242,512,611.269
5242,512,609.868
5242,512,609.769
5242,512,613.56
20971,512,1744.79
20971,512,1302.08
5242,512,516.176
5242,512,567.077
5242,512,567.307
5242,512,567.576
5242,512,564.282
5242,512,563.732
5242,512,562.523
5242,512,558.589
20971,512,1647.81
20971,512,1323.21
5242,512,563.325
5242,512,563.184
5242,512,565.977
5242,512,564.406
20971,512,1648.85
20971,512,1321.66
5242,512,562.796
5242,512,565.224
5242,512,560.586
5242,512,562.938
20971,512,1570.8
20971,512,1239.73
5242,512,560.961
5242,512,566.244
5242,512,558.71
5242,512,565.024
20971,512,1647.51
20971,512,1317.56
5242,512,566.321
5242,512,565.653
5242,512,560.016
5242,512,565.443
20971,512,1649.39
20971,512,1321.63
5242,512,565.424
5242,512,566.311
5242,512,451.374
5242,512,518.473
20971,512,1635.04
20971,512,1391.2
5242,512,613.213
5242,512,611.536
5242,512,615.994
5242,512,617.922
20971,512,1742.3
20971,512,1385.71
5242,512,610.99
5242,512,404.28
5242,512,477.611
5242,512,520.081
144656,512,14355.9
145219,512,14169.4
143086,512,15367.5
134140,512,14262.2
617373,512,48451.1
511909,512,33947.2
152784,512,17842.1
177501,512,20621
138819,512,16307.4
175788,512,20633.6
148318,512,17374.1
146820,512,17114.1
139898,512,16242.4
135158,512,15843.9
605239,512,50436.6
498916,512,32974.2
135302,512,15729.7
167130,512,19353.2
127129,512,14750.3
160282,512,18670
137228,512,15897
141001,512,13972.4
127709,512,12616
127997,512,12641.1
614701,512,45909
495116,512,30982.9
141404,512,15155.6
162547,512,17233
133241,512,14423
157924,512,16988
140148,512,15173.5
155781,512,16812.8
131610,512,14182.6
141524,512,15245.3
622718,512,49045.5
500156,512,31407.9
145809,512,15502.1
161899,512,17471.6
134961,512,14513.7
157923,512,16933.8
144846,512,14340.1
169827,512,16870.4
137419,512,14700.2
157723,512,17079.4
638805,512,50318.8
520728,512,32843.2
138115,512,14774.1
151839,512,16288.2
128572,512,13893.4
149774,512,16132.4
147527,512,15731.8
166724,512,17847.6
145068,512,15517.9
157919,512,16955.5
662743,512,55253
529525,512,35103.8
123866,512,14366.8
147677,512,17290.2
110753,512,12880.6
145625,512,15681.8
485342,512,38130.5
372276,512,23477.7
137762,512,14921.7
152588,512,16501.9
124825,512,13460.3
152847,512,16617.8
472169,512,36981.6
364688,512,22849.9
105892,512,11324
152424,512,16402.4
96613,512,10369.3
141359,512,15159.2
498329,512,39480.4
374306,512,23565.4
111037,512,12014.2
141993,512,15174
105115,512,11300.2
131116,512,14108.5
521358,512,41078.1
382228,512,25331.7
112897,512,13115.7
135583,512,15906.5
105657,512,12372.7
124591,512,14498.7
524195,512,43832.4
379576,512,24936.7
123414,512,14359.1
142424,512,16697.8
114404,512,13286.4
133618,512,15551.4
518126,512,43310.8
360766,512,23871.2
127963,512,13791.7
137811,512,14812.4
119801,512,12983.5
131226,512,13947
110054,512,12797.9
100849,512,11689.3
69340,512,8095.31
69926,512,8206.39
520881,512,43677.5
420270,512,26484.4
176573,512,19036.3
164906,512,17934.3
119346,512,12747.7
163179,512,17531.1
131179,512,14139
106332,512,11436.8
80702,512,8654.53
75910,512,8170.75
434108,512,34342.3
364167,512,22535.8
115824,512,12215.3
118372,512,12547.9
73184,512,7732.84
95756,512,10122.4
132447,512,14069.3
106685,512,11446.1
85843,512,9986.48
78662,512,9240.95
451905,512,37715.7
377715,512,25065.3
131164,512,15347.6
130939,512,15200.1
81929,512,9498.51
114764,512,13494.7
133557,512,15599.3
114906,512,13418
86931,512,10129.1
87415,512,10104
480220,512,40161.6
389027,512,25467.7
144587,512,14218.8
131025,512,13061.3
92656,512,9479.34
115987,512,12569.7
144703,512,15640.4
128707,512,13856.9
97146,512,10527.7
100981,512,10896.3
519534,512,40734.3
435213,512,27338.9
151362,512,16407
131393,512,14163.5
95590,512,10283.2
119793,512,12825
145197,512,15700.4
145080,512,15665.3
101998,512,10938.5
112628,512,12020.1
562881,512,44413.7
463789,512,28017.7
130724,512,13276.8
106538,512,10684.7
68242,512,7148.34
94758,512,10085
464225,512,38451.1
348379,512,22932.1
157973,512,18483.5
128921,512,14889.1
96673,512,11235.6
122165,512,14273.5
225571,512,18716.7
205326,512,13502.3
65235,512,7552.82
83880,512,9832.83
37002,512,4363.93
58084,512,6766.01
281342,512,23481.5
253598,512,16669
84469,512,9587.7
98998,512,11628
45258,512,5240.57
74105,512,8596.41
291371,512,24329.1
256402,512,16879.3
109587,512,12831.3
99608,512,11638.6
60842,512,7054.41
76770,512,8975.35
301623,512,25151
236448,512,15609.8
116101,512,13645.9
93737,512,10885.6
69341,512,8087.17
72872,512,8549.15
266304,512,22213.7
179846,512,11894.1
118976,512,12806.7
87654,512,10258.3
69802,512,8212.77
68146,512,7984.46
69048,512,7962.88
70699,512,8209.19
55824,512,6502.87
51977,512,6057.72
440834,512,36724.2
349724,512,23140.8
142988,512,16746.4
140146,512,16281.3
102718,512,12053.5
144324,512,16845.2
90907,512,10517.7
79001,512,9237.87
71333,512,8237.83
59864,512,6942.65
350127,512,29163.2
278118,512,18383.2
77453,512,9034.9
97490,512,7822.27
58782,512,5366.69
79224,512,7861.6
72798,512,7177.2
80140,512,7954.1
60387,512,6568.16
59524,512,6397.65
377531,512,29722.8
301616,512,18818.1
85602,512,9184.93
106244,512,11429.3
64319,512,6958.47
92139,512,9888.83
80374,512,8519.71
91729,512,9850.94
68532,512,7386.79
70060,512,7549.2
413100,512,32346.5
326865,512,16909.2
100219,512,10823.3
112406,512,12032.5
76218,512,8175.31
99957,512,10747.2
89251,512,9510.14
113306,512,12143.9
75834,512,8178.66
88878,512,9554.86
454699,512,35711.7
370593,512,23330.5
99341,512,10738.7
113026,512,12101.5
75788,512,8217.74
103039,512,11070.6
95971,512,10273.9
126777,512,13587.9
84980,512,9163.2
99415,512,10619.1
483495,512,38129.1
392291,512,24748.3
78700,512,7860.8
89338,512,9574.24
60344,512,6517.63
81600,512,8750.83
377485,512,29982.5
263284,512,16597.9
125652,512,13526
98723,512,10588.5
91651,512,9884.35
101724,512,11042.7
139876,512,11022.7
104165,512,6578.22
40729,512,4395.05
59136,512,6330.54
32292,512,3454.5
38547,512,4180.46
194581,512,15279
150283,512,9406.67
42786,512,4230.16
66156,512,7187.22
33491,512,3630.34
47033,512,5061.15
247017,512,19360.8
179358,512,11260
55210,512,5957.08
68722,512,7422.52
40973,512,4424.29
52095,512,5634.18
248270,512,19564.5
172574,512,10832.2
71451,512,7739.74
73260,512,7912.79
54975,512,5916.27
59423,512,6363.07
222621,512,15234.1
136351,512,8543.48
74612,512,8702.71
68003,512,7940.09
58713,512,6825.49
55485,512,6434.57
55839,512,6510.43
47152,512,5503.7
40749,512,4713.34
31688,512,3641.26
246942,512,20578.8
187181,512,12371.5
108105,512,12646.4
107497,512,12463.9
65349,512,7653.52
112066,512,13030.7
53552,512,6280.5
46022,512,5333.67
38979,512,4485.99
28332,512,3291.43
181465,512,15116.4
138731,512,9209.96
44787,512,5129.24
56702,512,5971.39
30654,512,3228.92
40235,512,4256.76
49209,512,5224.41
55295,512,5892.64
37240,512,3946.68
33400,512,3873.17
209478,512,17456
170877,512,11300.1
59402,512,6933.3
78627,512,9217.04
40400,512,4741.44
58892,512,6838.73
51857,512,6054.09
60576,512,7037.08
42887,512,5020.71
40323,512,4680.48
249613,512,20833.1
196462,512,12975.4
65126,512,7542.11
73887,512,8615.47
44367,512,5212.95
60688,512,7066.64
60021,512,6981.61
83964,512,9761.68
47934,512,5603.97
56646,512,6536.64
302452,512,25225.7
246814,512,14517.2
65341,512,6515.17
81599,512,8828.09
45839,512,4931.58
66444,512,7148.49
63673,512,6871.39
94580,512,10077.8
54191,512,5863.15
65642,512,7048.93
343356,512,26976.5
257197,512,16279.6
41783,512,3573.15
52641,512,5021.8
29547,512,2928.3
42360,512,4206.95
216719,512,16932.8
149618,512,9330.09
81604,512,8730.63
64242,512,6908.22
43030,512,4597.77
61783,512,6662.37
48481,512,3804.76
38360,512,2405.61
18164,512,1956.41
29508,512,3216.14
13422,512,1429.56
18682,512,2023.47
101911,512,6516.18
82333,512,5150.15
19741,512,2132.76
38241,512,4496.96
15129,512,1775.51
25640,512,2997.47
114133,512,9550
85304,512,5649.73
36347,512,4215.83
44755,512,5230.69
25265,512,2950.61
30012,512,3488.38
115983,512,9685.05
83975,512,5534.1
48912,512,5703.62
44247,512,5150.34
33185,512,3927.23
27808,512,2772.01
83494,512,6563.1
48292,512,3032.35
42541,512,4550.61
43863,512,4724.08
30263,512,3272.07
31688,512,3426.78
34247,512,3694.96
19404,512,2071.14
16396,512,1774.04
11969,512,1282.94
104673,512,8248.86
81975,512,5182.3
97078,512,10363.1
69893,512,7610.13
25760,512,2771.15
69617,512,7525.16
48869,512,5305.82
21820,512,2368.04
15338,512,1659.06
10662,512,1053.98
41663,512,3116.77
36012,512,2382.87
42364,512,4948.35
32657,512,3807.22
13187,512,1528.82
17178,512,1982.1
50871,512,5933.14
27364,512,3173.51
15168,512,1759.85
13381,512,1537.25
52212,512,4348.68
48390,512,3194.91
55223,512,6393.99
42626,512,4988.42
15872,512,1850.29
24727,512,2881.73
54011,512,6341.19
38147,512,4431.36
17464,512,2041.72
16461,512,1224.93
72869,512,5424.63
71587,512,4469.65
66349,512,7146.2
49036,512,5300.3
18628,512,2008.58
30148,512,3244.78
63533,512,6889.16
47347,512,5098.54
19514,512,2095.96
23243,512,2509.88
100398,512,7863.36
85572,512,5373.23
58607,512,6336.76
37223,512,4003.69
14595,512,1574.86
23119,512,2477.47
70285,512,6963.77
56422,512,6609.83
21842,512,2530.94
27155,512,3128.46
130289,512,10807.5
90678,512,5991.95
48564,512,5687.81
26377,512,3087.18
9201,512,1075.57
16237,512,1905.23
58872,512,4914.19
55804,512,3678.83
69433,512,8044.1
57004,512,6664.47
12532,512,1459.23
53312,512,6197.95
19051,512,1592.19
20119,512,709.23
10834,512,874.029
21594,512,1963.82
3649,512,363.741
14972,512,1492.35
19537,512,1531.04
20744,512,1301.71
32975,512,3551.31
19159,512,2066.15
8520,512,918.074
9463,512,1027.45
21054,512,1648.69
21606,512,1353.87
19284,512,2086.88
16852,512,1823.72
5429,512,586.524
8863,512,951.957
20900,512,1408.66
18007,512,1117.45
29744,512,3181.82
15941,512,1859.52
7369,512,865.638
9554,512,1110.43
16100,512,1340.08
9871,512,648.154
32053,512,3751.64
18132,512,2116.99
7471,512,869.243
12811,512,1490.71
17538,512,2043.28
9689,512,1135.85
9630,512,1119.06
5732,512,667.908
49727,512,4149.37
41575,512,2576.6
60339,512,6491.78
33846,512,3662.06
10762,512,1152.93
34845,512,3724.44
27165,512,2922.94
12022,512,1280.34
7018,512,747.815
4981,512,531.069
18329,512,1439.93
18724,512,1175.28
20384,512,2191.83
20795,512,2242.77
5704,512,618.96
9461,512,1019.32
21954,512,2372.13
12498,512,1346.11
5460,512,582.148
4860,512,522.213
19355,512,1518.56
20125,512,1264.71
29397,512,3195.33
26491,512,2638.88
6978,512,524.329
12252,512,1105.56
23425,512,2304.23
20550,512,2041.03
6200,512,666.645
7340,512,790.617
25190,512,1978.81
29575,512,1863.23
33448,512,3605.77
35320,512,3790.85
8490,512,911.037
16466,512,1787.14
25495,512,2735.24
36244,512,3879.61
7017,512,752.053
11888,512,1278.37
33082,512,2590.89
44738,512,1573.93
25079,512,2022.73
31458,512,2903.58
6391,512,636.545
14370,512,1426.66
44130,512,4782.37
37424,512,4001.77
10100,512,1083.22
15476,512,1677.73
42127,512,3305.33
29857,512,1879.39
18768,512,2027.71
14559,512,1571.03
3701,512,400.251
9011,512,972.816
26707,512,2099.09
26895,512,1691.15
46041,512,4977.41
39819,512,4200.6
5371,512,435.759
35052,512,3434.16
3789,512,297.903
3298,512,217.6
10357,512,1207.71
5954,512,701.155
2109,512,248.346
2920,512,340.631
3678,512,306.217
3035,512,199.864
3920,512,460.433
6539,512,763.596
1294,512,150.775
3906,512,452.551
6591,512,549.321
6228,512,365.319
10973,512,1092.62
10235,512,1009.06
2888,512,310.987
6614,512,702.649
5856,512,462.827
5056,512,318.507
21060,512,2290.11
9576,512,1034.91
4067,512,436.052
4228,512,453.497
4933,512,388.899
2797,512,176.061
16062,512,1734.56
8583,512,917.816
3442,512,368.067
6578,512,712.653
0,512,0
929,512,99.8641
0,512,0
246,512,26.481
14047,512,1086.09
20596,512,1284.77
22905,512,2647.22
27236,512,3184.92
5473,512,640.493
25435,512,2941.53
0,512,0
77,512,8.96703
0,512,0
19,512,2.22247
1932,512,161.469
1833,512,121.284
8299,512,961.647
20258,512,2365.73
4656,512,544.692
6968,512,816.943
39,512,4.56166
6,512,0.701
8,512,0.930742
20,512,2.32766
1005,512,74.4194
960,512,60.1793
15889,512,1687.8
26465,512,2854.62
4629,512,498.706
9380,512,1008.2
2992,512,323.231
1844,512,198.898
640,512,68.5489
401,512,43.1989
1423,512,112.315
1698,512,106.898
13471,512,1455.05
25799,512,2767.95
5084,512,550.729
10880,512,1169.4
10658,512,1147.72
7785,512,840.048
5360,512,573.368
2762,512,272.53
1185,512,92.9399
1198,512,79.2261
4459,512,523.646
4413,512,514.702
1897,512,221.6
1883,512,217.956
30410,512,3529.77
23696,512,2758.41
14210,512,1658.32
7168,512,836.56
1373,512,113.783
1671,512,110.189
5531,512,643.456
2353,512,273.56
2904,512,338.592
743,512,86.6411
0,512,0
0,512,0
9554,512,1021.27
19357,512,2070.24
5442,512,635.992
13274,512,1535.98
0,512,0
0,512,0
1670,512,195.92
1644,512,191.511
1203,512,140.705
301,512,35.0128
159,512,13.365
274,512,18.0981
87,512,10.1766
193,512,22.413
15,512,1.75148
19,512,2.21825
0,512,0
0,512,0
0,512,0
0,512,0
0,512,0
0,512,0
0,512,0
0,512,0
0,512,0
0,512,0
0,512,0
0,512,0
0,512,0
0,512,0
0,512,0
0,512,0
0,512,0
0,512,0
