128761,512,7886.84
132877,512,8476.83
142349,512,8716.95
122501,512,8064.4
657561,512,23398.1
587093,512,14137.7
158760,512,11160.9
161312,512,11389.4
154701,512,10981.5
163812,512,11473.9
138452,512,9758.5
140197,512,9835.56
139415,512,9793.48
130440,512,9225.18
615379,512,22551.3
552458,512,13306.3
122396,512,8601.91
163814,512,11528.8
119017,512,8387.65
156550,512,11064.8
130692,512,9228.83
144385,512,10195.1
131820,512,9491.76
133155,512,9560.35
629035,512,23284.3
550086,512,13370.6
129969,512,9359.22
164324,512,11890.2
131426,512,9482.6
157607,512,11320.9
132401,512,9546.59
158040,512,11353.4
136023,512,9783.51
146596,512,10498.7
640824,512,23760.2
560424,512,13598.5
133334,512,9578.04
165516,512,11849
134172,512,9603.85
161231,512,11581.4
128782,512,9227.54
171580,512,12341.1
135490,512,9725.71
157572,512,11342.3
655737,512,24270.3
588044,512,14214.8
125661,512,9022.19
154825,512,11129
127452,512,9172.39
153730,512,11080.6
129316,512,9314.61
176891,512,12713.2
141501,512,10150.7
161782,512,11620
673253,512,24946.7
611291,512,14784.3
102691,512,7358.88
136832,512,9841.36
105460,512,7567.47
134494,512,9704.5
546132,512,20218.8
478771,512,11600.3
126309,512,9103.24
127433,512,9139.99
124950,512,8982.03
136926,512,9852.44
512834,512,19059.9
430911,512,10450.4
89535,512,6468.63
142150,512,10192
83912,512,6083.4
126151,512,9155.77
526135,512,19492.5
434134,512,10512.7
100634,512,7318.91
132334,512,9466.25
96583,512,6929.63
120956,512,8708.42
527460,512,19490.9
428269,512,10365.2
103808,512,7439.42
127274,512,9133.9
102659,512,7423.58
119034,512,8561.95
529427,512,19568.7
424951,512,10309.2
117377,512,8386.86
122898,512,8834.42
114955,512,8252.14
118573,512,8559.96
504860,512,18637.7
400093,512,9664.59
115234,512,8251.89
120376,512,8648.85
114692,512,8208.86
119087,512,8554.22
82388,512,6009.88
95040,512,6910.34
95047,512,6879.36
81972,512,5917.88
559163,512,20731
479025,512,11588.4
123005,512,8957.51
134139,512,9585.62
117970,512,8609.27
136606,512,9832.51
108827,512,7885.11
113602,512,8164.72
110167,512,7966.33
103331,512,7488.42
500782,512,18529.9
433174,512,10481.3
83660,512,6056.62
139159,512,10041.6
79680,512,5769.72
128804,512,9272.92
93269,512,6786.51
116477,512,8415.67
96336,512,6956.52
100708,512,7256.83
513866,512,19032.7
431100,512,10419.1
94610,512,6814.28
138919,512,10024.7
97046,512,7059.33
129913,512,9328.42
91737,512,6658.31
128003,512,9200.25
97528,512,7057.41
111611,512,8012.62
530735,512,19640.5
446252,512,10781.5
96734,512,7007.64
139126,512,10080.1
97673,512,7033.86
132027,512,9468.96
99926,512,7175.92
146522,512,10558.5
105672,512,7596.14
131348,512,9448.42
560299,512,20738.6
483219,512,11699.4
99871,512,7200.25
139835,512,10042
100632,512,7256.1
135476,512,9768.86
100073,512,7199.57
158983,512,11444.8
110849,512,7953.64
140232,512,10082.6
584554,512,21656.4
515851,512,12459.4
72786,512,5284.39
111169,512,7961.6
75465,512,5484
108697,512,7841.25
418763,512,15474
331624,512,8073.83
104724,512,7560.95
104369,512,7584.86
100685,512,7277.79
114837,512,8213.36
384080,512,14221.5
294467,512,7170.58
52376,512,3359.02
108226,512,7259.67
49216,512,3488.21
88225,512,6111.41
390912,512,14479.5
292071,512,7084.16
68275,512,4935.55
97898,512,7083.14
65237,512,4783.53
82951,512,6011.55
395711,512,14689.8
291221,512,7098.56
71474,512,5203.66
99155,512,7217.91
69597,512,5044.85
91595,512,6625.38
386282,512,14293.1
286061,512,7034.01
74946,512,5424.05
93347,512,6796.43
73526,512,5307.65
87577,512,6385.84
372892,512,13840.8
268393,512,6685.7
83966,512,6080.98
91238,512,6659.7
82765,512,6006.3
85516,512,6223.79
48820,512,3660.35
61079,512,4470.04
59699,512,4401.26
49720,512,3716.68
457008,512,16935.6
380232,512,9227.63
100329,512,7226.03
112503,512,8100.74
94479,512,6836
114846,512,8234.61
82527,512,5991.67
86541,512,6310.74
84021,512,6064.91
74658,512,5406.81
371268,512,13811.1
296938,512,7200.32
59207,512,4301.27
110975,512,7925.98
55989,512,4081.29
99131,512,7182.01
59373,512,4313.96
88269,512,6424.67
64712,512,4704.61
69763,512,5060.61
383955,512,14247
302682,512,7333.19
75307,512,5447.65
120987,512,8725.77
74395,512,5385.63
110489,512,7935.1
69106,512,4960.22
107546,512,7725.82
74384,512,5380.45
86780,512,6317.8
406737,512,15082.1
316678,512,7693.94
75207,512,5465.99
115311,512,8252.79
77122,512,5595.26
106452,512,7649.29
75019,512,5457.72
125521,512,9093.04
83525,512,6058.22
105434,512,7674.2
445126,512,16435.4
360576,512,8732.73
66207,512,4778.18
107436,512,7720.87
69103,512,5017.85
100659,512,7242.05
80509,512,5838.34
140067,512,10113.1
94610,512,6840.38
117697,512,8472.35
469702,512,17399.9
393501,512,9543.28
53044,512,3845.5
91720,512,6647.72
54347,512,3961.06
87767,512,6357.33
319674,512,11851.4
246891,512,6215.84
64552,512,4681.17
73664,512,5329.94
61364,512,4472.44
83434,512,6078.9
237924,512,9001.82
152630,512,4160.64
32419,512,2520.18
75766,512,5536.1
30510,512,2383.21
57281,512,4204.11
239685,512,9000.09
155797,512,4197.72
43886,512,3250.1
73089,512,5339.52
39292,512,2898
62094,512,4534.11
241817,512,9052.26
154531,512,4215.14
49628,512,3626.99
57036,512,4204.64
48540,512,3550.67
49310,512,3598.94
219154,512,8236.07
147362,512,4113.62
33528,512,2501.3
53373,512,3964.89
34631,512,2552.05
44365,512,3249.47
195846,512,7371.03
120625,512,3629.59
54241,512,3905.96
71756,512,5200
51254,512,3736.01
64594,512,4702.18
45935,512,3376.33
46296,512,3528.32
52919,512,3901.18
38370,512,2821.74
331367,512,12339.9
265406,512,6436.4
65174,512,4743.15
85635,512,6183.37
59884,512,4391.42
89665,512,6495.62
45262,512,3291.4
57303,512,4188.28
48014,512,3487.48
44781,512,3266.74
250381,512,9360.2
189258,512,4807.7
40322,512,2948.72
85967,512,6223.92
36932,512,2705.51
74639,512,5349.8
44052,512,3219.99
61540,512,4448.18
47508,512,3471.06
46746,512,3416.01
265383,512,9919.01
195030,512,4886.77
42118,512,3097.94
91334,512,6572.7
42774,512,3146.55
79227,512,5781.6
38467,512,2877.31
71031,512,5157.74
44005,512,3202.51
53746,512,3901.39
283233,512,10507.6
202509,512,5076.71
46461,512,3400.38
78908,512,5733.35
48194,512,3510.16
72580,512,5222.63
43854,512,3187.31
96524,512,6936.99
51673,512,3750.36
76538,512,5551.94
320489,512,11975.7
247453,512,6025.38
40847,512,3036.1
81975,512,5966.69
42541,512,3159.23
75412,512,5458.7
49860,512,3628.12
110313,512,7921.22
61547,512,4462.55
88378,512,6382.59
345592,512,12827.3
274829,512,6669.64
25374,512,1877.47
60536,512,4398.46
25890,512,1919.13
57422,512,4169.08
209395,512,7848.2
151186,512,4131.26
32695,512,2420.25
42140,512,3107.13
30524,512,2273.64
49135,512,3604
126254,512,5106.07
76575,512,2659.21
17164,512,1488.48
52044,512,3929.65
14299,512,1302.15
37690,512,2788.88
146819,512,5811.31
84761,512,2709.03
23183,512,1896.26
49133,512,3769.4
21266,512,1739.22
36818,512,2700.75
144374,512,5723.31
87498,512,2872.65
20567,512,1708.09
39685,512,3205.49
19186,512,1586.97
32050,512,2376.13
133310,512,5320.37
81004,512,2645.98
25603,512,1981.8
40168,512,3192.21
23381,512,1822.28
32959,512,2439.85
117647,512,4730.22
69633,512,2368.91
23953,512,1903.93
31670,512,2437.5
22904,512,1818
28133,512,2086.34
34335,512,2544.51
29747,512,2567.41
42332,512,3123.34
23730,512,1754.06
165318,512,6321.72
114116,512,3226.16
34464,512,2595.42
60724,512,4411.37
30956,512,2332.42
62144,512,4497.33
27947,512,2052.31
32084,512,2530.47
31500,512,2323.76
26063,512,1913.8
144805,512,5614.33
93516,512,2919.67
19984,512,1738.94
51570,512,3748.37
18956,512,1576.55
45617,512,3340.33
17384,512,1609
30722,512,2459.85
20613,512,1722.24
23618,512,1957.61
150601,512,5898.77
91018,512,2828.06
22986,512,1911.69
50560,512,3702.07
23332,512,1928.19
48332,512,3553.17
18710,512,1590.61
48771,512,3545.41
22976,512,1849.92
37207,512,2913.73
158689,512,6133.42
91220,512,2835.83
25803,512,1945.06
51980,512,3766.45
27000,512,2069.53
50793,512,3715.39
22110,512,1894.58
70194,512,5101.24
27829,512,2142.18
55987,512,4146.65
166966,512,6385.5
100492,512,3014.2
16560,512,1517.74
39864,512,2994.41
17972,512,1502.79
38720,512,2874.77
24537,512,1916.65
65081,512,4713.82
35051,512,2583.12
54980,512,4065.58
189128,512,7104.15
109440,512,3061.36
6244,512,776.981
26927,512,2194.26
7420,512,834.588
26093,512,2012.01
53227,512,2832.76
34630,512,1816.63
13396,512,1230.63
27558,512,2143
12282,512,1110.54
32402,512,2491.86
59715,512,2905.58
31978,512,1830.75
8006,512,894.245
25723,512,2126.5
7531,512,836.416
18901,512,1503.88
73174,512,3357.71
37471,512,1907.29
7276,512,715.581
25171,512,2216.31
6459,512,638.399
19734,512,1554.43
77994,512,3515.05
38793,512,1932.77
11015,512,1129.8
24419,512,1909.15
10472,512,1015.25
20582,512,1692.66
70998,512,3307.35
35760,512,1885.69
8285,512,1016.59
20839,512,1703.66
7826,512,979.457
17985,512,1491.14
61917,512,3049.77
28848,512,1536.28
11904,512,1108.98
21574,512,1863.89
11724,512,1077.34
20289,512,1595.38
13591,512,1010
11834,512,1348.15
18364,512,1351.58
8842,512,659.965
107573,512,4522.58
80849,512,2567.61
16771,512,1347.37
28842,512,2346.49
13807,512,1193.07
31600,512,2381.87
13156,512,992.272
15612,512,1630.37
15414,512,1141.49
10938,512,780.509
48981,512,2421.7
34082,512,1822.49
7091,512,775.133
27698,512,2222.92
6302,512,715.654
21599,512,1703.75
6119,512,732.268
11183,512,1196.64
7324,512,782.297
7750,512,861.322
55048,512,2717.9
35955,512,1891.7
8454,512,917.886
27387,512,2217.46
8560,512,928.434
22070,512,1791.67
7508,512,862.432
18737,512,1725.84
9838,512,1042.91
12906,512,1272.02
63204,512,3088.61
40951,512,1951.04
10143,512,1102.97
31538,512,2454.59
10640,512,1103.04
26736,512,2161.9
10085,512,1130.41
31635,512,2453.57
12905,512,1276.72
23675,512,1961.5
75648,512,3462.9
51508,512,1967.61
8793,512,831.797
23635,512,2065.09
8673,512,829.481
20949,512,1659.65
11498,512,1196.68
50919,512,3695.76
15955,512,1436.6
35619,512,2765.65
90763,512,3966.89
66881,512,2053.72
2012,512,293.281
9731,512,1058.2
2143,512,305.189
8160,512,809.751
53936,512,2695.92
37885,512,1764.42
4860,512,485.152
8693,512,995.282
4594,512,455.875
10765,512,899.719
19771,512,1469.64
11460,512,1119.55
3116,512,488.437
17085,512,1870.63
2706,512,437.62
11679,512,979.692
21492,512,1530.68
12675,512,1209.19
3128,512,414.03
8602,512,1058.02
2649,512,362.744
5842,512,609.525
21069,512,1523.79
12926,512,1123.63
3130,512,415.74
8456,512,1100.86
2888,512,401.241
5920,512,539.746
16569,512,1250.8
10555,512,1064.77
3975,512,465.969
9829,512,1191.42
3688,512,433.787
6880,512,592.768
14652,512,1138.46
9374,512,778.309
2878,512,393.64
5607,512,740.412
2627,512,356.015
4187,512,451.3
7994,512,613.301
6230,512,989.993
10825,512,828.618
4266,512,365.607
37336,512,2261.27
28863,512,1629.4
5646,512,634.573
17872,512,1741.17
4679,512,577.355
21603,512,1623.37
5126,512,428.937
5757,512,833.535
6474,512,515.561
3865,512,364.671
18332,512,1391.31
14699,512,1279.9
3668,512,499.78
11791,512,1287.98
3797,512,538.903
10070,512,943.409
3401,512,424.786
5162,512,736.835
4111,512,474.045
3691,512,467.734
13036,512,1170.71
9863,512,1047.45
4359,512,583.803
13924,512,1425.39
4174,512,601.251
11995,512,1244.46
3302,512,519.029
7543,512,913.388
4222,512,556.396
6012,512,740.995
12635,512,1110.11
9668,512,1009.73
4405,512,557.386
10699,512,1165.61
4559,512,563.449
9516,512,1045.32
4352,512,635.836
15753,512,1542.48
5559,512,695.039
12052,512,1238.23
14538,512,1267.31
11200,512,1024.09
2258,512,342.583
8183,512,637.553
2408,512,268.189
6857,512,646.23
4500,512,553.581
23566,512,1925.87
5989,512,706.915
17053,512,1469.89
17556,512,1402.6
14256,512,779.33
742,512,138.838
2728,512,428.562
806,512,151.264
2370,512,334.2
21989,512,1530.37
16969,512,1274.19
1040,512,176.8
6990,512,820.484
971,512,164.738
10210,512,913.085
4276,512,491.636
3145,512,467.484
1083,512,187.675
7508,512,947.196
989,512,185.109
5246,512,542.232
3167,512,397.459
2309,512,386.322
1566,512,251.825
4323,512,600.898
1368,512,220.223
3317,512,357.659
2099,512,267.32
1606,512,304.086
1259,512,219.272
3983,512,616.742
1243,512,197.365
2880,512,356.023
1483,512,214.655
1166,512,203.841
827,512,147.043
1872,512,328.052
712,512,138.093
1394,512,201.204
1887,512,267.879
1200,512,192.544
419,512,84.7992
812,512,161.141
391,512,78.6005
645,512,116.223
131072,512,9422.53
131072,512,9469.76
131072,512,9471.15
131072,512,9535.64
524288,512,19436
524288,512,12674.2
131072,512,9513.47
131072,512,9432.81
131072,512,9530.01
131072,512,9442.05
131072,512,9458.55
131072,512,9450.02
131072,512,9429.2
131072,512,9552.36
524288,512,19500.8
524288,512,12692.8
131072,512,9460.57
131072,512,9400.78
131072,512,9408.26
131072,512,9395.62
131071,512,9444.2
131072,512,9385
131072,512,9402.25
131072,512,9495.27
524288,512,19474.3
524288,512,12678.2
131072,512,9428.46
131072,512,9414.49
131072,512,9414.17
131072,512,9482.6
131072,512,9442.04
131072,512,9414.18
131072,512,9413.33
131072,512,9503.66
524288,512,19407.3
524287,512,12724.7
131072,512,9441.09
131072,512,9419.15
131072,512,9424.01
131072,512,9464.1
131072,512,9471.79
131072,512,9480.68
131072,512,9445.13
131072,512,9506.68
524288,512,19344.4
524288,512,12681.7
131072,512,9431.75
131072,512,9423.59
131072,512,9445.13
131072,512,9463.78
131072,512,9424.43
131072,512,9414.28
131072,512,9406.36
131072,512,9483.46
524288,512,19371.8
524288,512,12753.2
131072,512,9451.51
131072,512,9444.07
131072,512,9446.62
131072,512,9419.89
524288,512,19396.2
524288,512,12977.1
131072,512,9440.45
131072,512,9819.73
131072,512,9457.59
131072,512,9529.57
524288,512,19447.5
524288,512,12779.6
131072,512,9412.17
131072,512,9517.68
131072,512,9454.92
131072,512,9515.3
524288,512,19391.5
524288,512,12915.4
131072,512,9452.05
131072,512,9414.38
131072,512,9459.29
131072,512,9528.38
524288,512,19424.7
524288,512,12729.3
131072,512,9438.86
131072,512,9463.77
131072,512,9454.71
131072,512,9465.91
524288,512,19394.6
524288,512,12718.7
131072,512,9417.35
131072,512,9441.73
131072,512,9443.74
131072,512,9499.25
524288,512,19365.6
524288,512,12715.3
131072,512,9450.24
131072,512,9460.47
131072,512,9407.95
131072,512,9424.22
104857,512,7574.82
104857,512,7542.98
104857,512,7574.48
104857,512,7614.62
419430,512,15514.5
419430,512,10169.2
104857,512,7587.33
104857,512,7520.49
104857,512,7608.23
104857,512,7625.26
104857,512,7536.96
104857,512,7540.44
104857,512,7521.68
104857,512,7614.53
419430,512,15552.4
419430,512,10168.7
104857,512,7586.21
104857,512,7551.3
104857,512,7640.89
104857,512,7578.5
104857,512,7554.36
104856,512,7559.22
104857,512,7592.48
104857,512,7584.41
419430,512,15514.3
419430,512,10184.8
104857,512,7563.47
104857,512,7585.78
104857,512,7548.07
104857,512,7614.62
104857,512,7542.56
104857,512,7568.76
104857,512,7525.98
104857,512,7589.64
419429,512,15576.5
419429,512,10179.8
104857,512,7515.69
104857,512,7588.27
104857,512,7551.98
104857,512,7611.34
104857,512,7559.21
104857,512,7554.78
104857,512,7579.61
104857,512,7577.65
419430,512,15563.5
419430,512,10157.5
104857,512,7552.06
104857,512,7527.24
104857,512,7566.63
104857,512,7635.67
104857,512,7536.12
104857,512,7550.45
104857,512,7511.07
104857,512,7607.54
419430,512,15558.3
419430,512,10150
104857,512,7535.44
104857,512,7538.23
104857,512,7571.4
104857,512,7610.38
419430,512,15454
419430,512,10407
104857,512,7657.89
104857,512,7847.47
104857,512,7669.62
104857,512,7625
419430,512,15633.9
419430,512,10472.7
104857,512,7601.59
104857,512,7740.92
104857,512,7647.24
104857,512,7637.24
419430,512,15548.7
419430,512,10412
104857,512,7598.24
104857,512,7605.56
104857,512,7588.61
104857,512,7571.4
419430,512,15528.9
419430,512,10365
104857,512,7583.9
104857,512,7622.23
104857,512,7612.03
104857,512,7634.28
419429,512,15445.6
419430,512,10237.8
104857,512,7614.71
104857,512,7617.81
104857,512,7560.23
104857,512,7581.41
419430,512,15535.4
419430,512,10221.7
104857,512,7595.83
104857,512,7641.49
104857,512,7556.74
104857,512,7579.36
78643,512,5692.51
78642,512,5691.34
78643,512,5701.92
78643,512,5685.24
314572,512,11708.5
314572,512,7612.55
78643,512,5747.7
78643,512,5698.63
78643,512,5712.6
78643,512,5741.54
78643,512,5673.13
78643,512,5709.23
78643,512,5727.62
78643,512,5714.61
314572,512,11715.3
314571,512,7618.86
78643,512,5725.86
78643,512,5715.39
78643,512,5674.28
78643,512,5718.57
78643,512,5692.83
78643,512,5699.99
78643,512,5703.15
78643,512,5699.34
314572,512,11689
314572,512,7628.85
78643,512,5697.86
78643,512,5728.01
78643,512,5667.51
78643,512,5690.58
78643,512,5654.39
78643,512,5696.12
78643,512,5711.95
78643,512,5710.07
314572,512,11710
314572,512,7614.74
78643,512,5692.25
78643,512,5680.62
78643,512,5728.92
78643,512,5728.27
78643,512,5689.81
78643,512,5685.5
78643,512,5704.83
78643,512,5743.37
314572,512,11711.2
314572,512,7630.61
78643,512,5710.46
78643,512,5693.99
78643,512,5700.37
78643,512,5721.69
78643,512,5713.64
78643,512,5688.33
78643,512,5700.7
78643,512,5707.03
314572,512,11730.6
314572,512,7632.26
78643,512,5697.86
78643,512,5667.7
78643,512,5719.42
78643,512,5701.6
314572,512,11667.8
314572,512,7828.28
78643,512,5725.02
78643,512,5883.42
78643,512,5700.24
78643,512,5763.63
314572,512,11731.3
314572,512,7903.3
78643,512,5678.57
78643,512,5832.89
78643,512,5711.83
78643,512,5712.47
314572,512,11721
314572,512,8013.01
78643,512,5747.37
78643,512,5738
78643,512,5701.47
78643,512,5729.45
314572,512,11713.6
314571,512,7805.5
78643,512,5712.21
78643,512,5678.32
78643,512,5729.31
78643,512,5708.91
314572,512,11696.8
314572,512,7767
78643,512,5697.41
78643,512,5694.06
78643,512,5713.96
78643,512,5661.83
314572,512,11702.5
314572,512,7691.1
78643,512,5671.66
78643,512,5693.73
78643,512,5699.92
78643,512,5695.6
52428,512,3811.16
52428,512,3808.18
52428,512,3786.52
52428,512,3834.25
209715,512,7868.59
209715,512,5118.33
52428,512,3848.58
52428,512,3829.48
52428,512,3839.73
52428,512,3892.52
52428,512,3834.07
52428,512,3823.94
52428,512,3833.77
52428,512,3797.28
209715,512,7824.96
209715,512,5123.65
52428,512,3819.45
52428,512,3816.97
52428,512,3807.71
52428,512,3842.5
52428,512,3605.35
52428,512,3663.2
52428,512,3555.45
52428,512,3666.85
209715,512,7631.9
209715,512,5082.94
52428,512,3601.55
52428,512,3827.95
52428,512,3815.72
52428,512,3870.07
52428,512,3809.87
52428,512,3819.54
52428,512,3784.51
52428,512,3814.07
209715,512,7868.82
209715,512,5187.62
52428,512,3795.6
52428,512,3828.86
52428,512,3820.45
52428,512,3830.53
52428,512,3814.54
52428,512,3822.93
52428,512,3668.93
52428,512,3738.76
209715,512,7760.53
209715,512,5153.4
52428,512,3725.93
52428,512,3760.55
52428,512,3724.77
52428,512,3741.59
52428,512,3718
52428,512,3723.49
52428,512,3729.41
52428,512,3739.3
209715,512,7780.64
209715,512,5060.73
52428,512,3726.68
52428,512,3727.38
52428,512,3744.77
52428,512,3700.13
209715,512,7893.53
209715,512,5192.98
52428,512,3896.54
52428,512,3893.87
52428,512,4042.73
52428,512,3862.76
209715,512,7885.83
209715,512,5268.21
52428,512,3846.51
52428,512,3822.24
52428,512,3842.77
52428,512,3847.83
209715,512,7875.14
209715,512,5281.25
52428,512,3821.36
52428,512,3823.72
52428,512,3813.98
52428,512,3839.6
209715,512,7887.54
209715,512,5262.41
52428,512,3823.32
52428,512,3827.6
52428,512,3853.54
52428,512,3866.81
209715,512,7858.77
209715,512,5261.15
52428,512,3827.25
52428,512,3815.11
52428,512,3820.97
52428,512,3862.27
209715,512,7894.41
209715,512,5288.57
52428,512,3872.88
52428,512,3817.71
52428,512,3848.94
52428,512,3801.71
26214,512,2008.57
26214,512,1981.43
26214,512,1954.15
26214,512,2068.62
104857,512,4414.63
104857,512,3026.11
26214,512,2027.13
26214,512,1969.31
26214,512,2032.68
26214,512,2079.96
26214,512,2027.7
26214,512,2064.85
26214,512,2021.2
26214,512,2054.97
104857,512,4385.72
104857,512,3060.77
26214,512,1998.14
26214,512,2129.35
26214,512,1975.57
26214,512,2022.66
26214,512,2137.27
26214,512,2135.61
26214,512,2087.49
26214,512,2028.92
104857,512,4405.58
104857,512,3043.44
26214,512,2068.06
26214,512,2152.57
26214,512,2054.64
26214,512,1996.52
26214,512,2147.12
26214,512,2156.37
26214,512,2083.91
26214,512,2141.07
104857,512,4417.01
104857,512,2979.34
26214,512,2040.64
26214,512,2137.25
26214,512,2022.63
26214,512,1959.47
26214,512,2137.44
26214,512,2117.79
26214,512,2118.22
26214,512,2123.05
104857,512,4398.6
104857,512,2974.67
26214,512,2041.39
26214,512,2075.94
26214,512,2031.38
26214,512,2066.71
26214,512,2132
26214,512,2122.46
26214,512,2128.27
26214,512,2171.02
104857,512,4397.9
104857,512,2727.71
26214,512,2106.97
26214,512,2021.59
26214,512,2126.38
26214,512,2114.94
104857,512,4434.08
104857,512,3057.87
26214,512,2171.1
26214,512,2109.54
26214,512,2423.4
26214,512,2074.3
104857,512,4412.33
104857,512,3096.96
26214,512,2148.93
26214,512,2150.78
26214,512,2050.55
26214,512,2142.05
104857,512,4355.6
104857,512,3201.33
26214,512,2147.53
26214,512,2139.24
26214,512,2125.82
26214,512,2188.95
104857,512,4292.09
104857,512,3151.85
26214,512,2083.94
26214,512,2134.26
26214,512,2033.03
26214,512,2133.33
104857,512,4391.95
104857,512,3093.29
26214,512,2021.56
26214,512,2061.81
26214,512,2026.54
26214,512,2119.96
104857,512,4372.46
104857,512,2971.24
26214,512,2077.31
26214,512,2024.66
26214,512,2063.86
26214,512,2127.54
13107,512,1217.96
13107,512,1088.58
13107,512,1145.9
13107,512,1201.03
52428,512,2660.08
52428,512,1867.84
13107,512,1134.44
13107,512,1158.65
13107,512,1178.26
13107,512,1193.12
13107,512,1213.01
13107,512,1216.41
13107,512,1177.12
13107,512,1162.71
52428,512,2731.43
52428,512,1947.73
13107,512,1163.87
13107,512,1272.41
13107,512,1209.76
13107,512,1223.22
13107,512,1368.41
13107,512,1282.13
13107,512,1272.99
13107,512,1204.58
52428,512,2788.61
52428,512,1974.08
13107,512,1141.4
13107,512,1352.44
13107,512,1141.66
13107,512,1108.68
13107,512,1338.22
13107,512,1216.36
13107,512,1228.61
13107,512,1283.98
52428,512,2711.54
52427,512,1924.81
13107,512,1300.6
13107,512,1289.82
13107,512,1271.56
13107,512,1266.03
13107,512,1350
13107,512,1296.44
13107,512,1267.18
13107,512,1367.7
52428,512,2789.82
52428,512,1902.34
13107,512,1336.94
13107,512,1208.38
13107,512,1333.24
13107,512,1286.01
13107,512,1346.64
13107,512,1291.47
13107,512,1263.04
13107,512,1365.27
52428,512,2814.41
52428,512,1617.52
13107,512,1297.08
13107,512,1151.79
13107,512,1280.14
13107,512,1287.98
52428,512,2755.72
52428,512,2102.65
13107,512,1235.64
13107,512,1233.46
13107,512,1290.97
13107,512,1128.62
52428,512,2785.6
52427,512,1999.56
13107,512,1307.17
13107,512,1243.86
13107,512,1288.36
13107,512,1297.44
52427,512,2441.32
52428,512,2001.72
13107,512,1292.64
13107,512,1267.83
13107,512,1300.72
13107,512,1302.97
52428,512,2373.77
52428,512,2006.75
13107,512,1243.33
13107,512,1219.82
13107,512,1161.98
13107,512,1209.38
52428,512,2753.24
52428,512,1954.23
13107,512,1229.48
13107,512,1213.44
13107,512,1205.61
13107,512,1292.49
52428,512,2753.21
52428,512,1901.69
13107,512,1171.8
13107,512,1154.94
13107,512,1167.06
13107,512,1304.93
5242,512,638.856
5242,512,558.477
5242,512,587.865
5242,512,661.779
20971,512,1489.83
20971,512,1191.28
5242,512,643.624
5242,512,582.385
5242,512,650.828
5242,512,637.242
5242,512,592.202
5242,512,638.151
5242,512,602.27
5242,512,608.972
20971,512,1597.94
20971,512,1284.58
5242,512,596.265
5242,512,651.548
5242,512,594.522
5242,512,664.689
5242,512,718.266
5242,512,687.067
5242,512,663.782
5242,512,681.098
20971,512,1607.61
20971,512,1258.38
5242,512,642.797
5242,512,692.256
5242,512,606.977
5242,512,594.069
5242,512,741.507
5242,512,694.607
5242,512,645.233
5242,512,638.527
20971,512,1581.17
20971,512,1211.15
5242,512,682.636
5242,512,690.831
5242,512,690.674
5242,512,653.197
5242,512,754.277
5242,512,694.779
5242,512,697.466
5242,512,686.028
20971,512,1583.01
20971,512,1069.95
5242,512,569.755
5242,512,537.142
5242,512,596.307
5242,512,647.824
5242,512,674.905
5242,512,643.426
5242,512,661.491
5242,512,662.078
20971,512,1464.61
20971,512,1000.05
5242,512,704.896
5242,512,538.773
5242,512,712.152
5242,512,608.75
20971,512,1651.38
20971,512,1374.29
5242,512,618.401
5242,512,643.019
5242,512,719.39
5242,512,527.299
20971,512,1544.93
20971,512,1230.64
5242,512,659.995
5242,512,643.216
5242,512,651.637
5242,512,694.866
20971,512,1520.17
20971,512,1268.46
5242,512,704.481
5242,512,647.224
5242,512,662.562
5242,512,661.661
20971,512,1387.01
20971,512,1227.6
5242,512,701.227
5242,512,637.508
5242,512,646.252
5242,512,641.347
20970,512,1388.51
20971,512,1199.19
5242,512,646.638
5242,512,636.082
5242,512,600.577
5242,512,689.922
20971,512,1474.27
20971,512,1192.21
5242,512,618.082
5242,512,580.019
5242,512,596.795
5242,512,647.824
131072,512,9422.43
131072,512,9438.64
131072,512,9403.2
131072,512,9433.44
524288,512,19425.7
524288,512,12739.5
131072,512,9430.05
131072,512,9411.01
131072,512,9456.09
131072,512,9445.02
131072,512,9434.4
131072,512,9484.43
131072,512,9431.53
131072,512,9415.44
524288,512,19395.6
524288,512,12727.4
131072,512,9416.29
131072,512,9482.28
131072,512,9431.22
131072,512,9443.96
131072,512,9426.13
131072,512,9416.61
131072,512,9426.87
131072,512,9475.64
524288,512,19419
524288,512,12700.3
131072,512,9423.91
131072,512,9467.51
131072,512,9448.96
131072,512,9424.33
131072,512,9437.79
131072,512,9443.11
131072,512,9422.11
131072,512,9411.43
524288,512,19432.1
524288,512,12728.1
131072,512,9445.02
131072,512,9435.88
131072,512,9494.74
131072,512,9437.38
131072,512,9452.47
131072,512,9467.51
131072,512,9414.49
131072,512,9453.75
524288,512,19436.6
524288,512,12734.4
131072,512,9446.73
131072,512,9431.85
131072,512,9469.12
131072,512,9428.25
131072,512,9466.55
131072,512,9440.13
131072,512,9435.03
131072,512,9417.45
524288,512,19405.5
524288,512,12709.8
131072,512,9469.23
131072,512,9450.66
131072,512,9445.45
131072,512,9441.73
524288,512,19415.4
524288,512,12695
131072,512,9405.73
131072,512,9426.98
131072,512,9419.67
131072,512,9423.49
524288,512,19394
524288,512,12704.8
131072,512,9451.94
131072,512,9440.67
131072,512,9457.38
131072,512,9446.61
524288,512,19419.3
524288,512,12722.3
131072,512,9388.05
131072,512,9462.18
131072,512,9454.07
131072,512,9426.24
524288,512,19436.9
524288,512,12735.8
131072,512,9442.47
131072,512,9464.31
131072,512,9501.72
131072,512,9464.73
524288,512,19389.2
524288,512,12731.8
131072,512,9398.78
131072,512,9438.01
131072,512,9444.28
131072,512,9469.23
524288,512,19429.4
524288,512,12739.7
131072,512,9409.11
131072,512,9459.83
131072,512,9422.96
131072,512,9453.64
104857,512,7503.68
104857,512,7567.73
104857,512,7535.53
104857,512,7546.88
419430,512,15585.6
419430,512,10156.8
104857,512,7518.55
104857,512,7547.31
104857,512,7554.53
104857,512,7558.19
104857,512,7577.99
104857,512,7572.6
104857,512,7554.02
104857,512,7560.06
419430,512,15587.3
419431,512,9965.55
104857,512,7514.6
104857,512,7534.34
104857,512,7534.34
104857,512,7528.26
104857,512,7574.14
104857,512,7546.97
104857,512,7528.26
104857,512,7526.57
419430,512,15502.2
419430,512,10175.2
104857,512,7508.21
104857,512,7530.37
104857,512,7557.85
104857,512,7540.27
104857,512,7575.51
104857,512,7545.86
104857,512,7554.87
104857,512,7549.85
419430,512,15578.4
419430,512,10153.6
104857,512,7549.43
104857,512,7553.68
104857,512,7578.59
104857,512,7549.26
104857,512,7538.57
104857,512,7530.2
104857,512,7538.32
104857,512,7580.04
419430,512,15596.6
419430,512,10135.8
104857,512,7537.22
104857,512,7534.76
104857,512,7531.98
104857,512,7562.36
104857,512,7532.99
104857,512,7524.03
104857,512,7548.24
104857,512,7535.95
419430,512,15570.5
419430,512,10164.3
104857,512,7588.96
104857,512,7539.76
104857,512,7546.88
104857,512,7543.49
419430,512,15598.4
419430,512,10130
104857,512,7572
104857,512,7543.15
104857,512,7541.96
104857,512,7547.05
419430,512,15529.2
419430,512,10152.8
104857,512,7542.72
104857,512,7558.36
104857,512,7532.14
104857,512,7533.92
419430,512,15564.7
419430,512,10148.9
104857,512,7560.4
104857,512,7535.44
104857,512,7544.08
104857,512,7533.75
419430,512,15532
419430,512,10159.7
104857,512,7600.99
104857,512,7592.99
104857,512,7554.53
104857,512,7537.98
419430,512,15530.1
419430,512,10156
104857,512,7485.85
104857,512,7549.17
104857,512,7533.16
104857,512,7527.24
419430,512,15507.9
419430,512,10166.2
104857,512,7541.2
104857,512,7551.3
104857,512,7542.13
104857,512,7502.5
78643,512,5713.32
78643,512,5712.47
78643,512,5714.74
78643,512,5714.87
314572,512,11702.1
314572,512,7614.62
78643,512,5737.35
78643,512,5707.36
78643,512,5705.09
78643,512,5713.97
78643,512,5693.03
78643,512,5718.38
78643,512,5703.34
78643,512,5682.74
314572,512,11703.8
314572,512,7587.59
78643,512,5741.47
78643,512,5727.62
78643,512,5661.39
78643,512,5715.2
78643,512,5671.28
78643,512,5697.6
78643,512,5715.26
78643,512,5720.78
314572,512,11724
314572,512,7611.11
78643,512,5703.86
78643,512,5718.9
78643,512,5701.15
78643,512,5713.31
78643,512,5724.04
78643,512,5725.92
78643,512,5717.4
78643,512,5715.59
314572,512,11727.2
314572,512,7621.6
78643,512,5733.36
78643,512,5717.08
78643,512,5721.63
78643,512,5721.17
78643,512,5711.43
78643,512,5706.19
78643,512,5733.1
78643,512,5708.97
314572,512,11711.4
314572,512,7615.51
78643,512,5718.51
78643,512,5703.67
78643,512,5701.86
78643,512,5738.13
78643,512,5681.91
78643,512,5702.44
78643,512,5706.84
78643,512,5725.66
314572,512,11727.4
314572,512,7625.67
78643,512,5721.43
78643,512,5732.97
78643,512,5703.41
78643,512,5707.23
314572,512,11702.9
314572,512,7620.99
78643,512,5721.24
78643,512,5730.16
78643,512,5725.73
78643,512,5716.56
314572,512,11695.1
314572,512,7611.77
78643,512,5689.68
78643,512,5750.85
78643,512,5711.31
78643,512,5734.14
314572,512,11738.5
314572,512,7618.63
78643,512,5710.59
78643,512,5741.6
78643,512,5723.9
78643,512,5731.27
314572,512,11705.6
314572,512,7598.84
78643,512,5698.82
78643,512,5745.67
78643,512,5720.78
78643,512,5736.37
314572,512,11730.2
314572,512,7620.65
78643,512,5706.71
78643,512,5688.14
78643,512,5723.71
78643,512,5705.16
314572,512,11667.8
314572,512,7601.34
78643,512,5719.42
78643,512,5731.47
78643,512,5697.79
78643,512,5709.1
52428,512,3834.03
52428,512,3807.4
52428,512,3828.6
52428,512,3809.48
209715,512,7871.68
209715,512,5167.68
52428,512,3823.37
52428,512,3837.32
52428,512,3813.03
52428,512,3820.63
52428,512,3818.54
52428,512,3813.98
52428,512,3818.15
52428,512,3822.93
209715,512,7871.07
209715,512,5163.51
52428,512,3810.3
52428,512,3840.3
52428,512,3820.06
52428,512,3826.51
52428,512,3807.92
52428,512,3822.06
52428,512,3819.71
52428,512,3787.25
209715,512,7874.72
209715,512,5176.93
52428,512,3849.6
52428,512,3824.41
52428,512,3806.11
52428,512,3793.28
52428,512,3818.02
52428,512,3813.33
52428,512,3824.59
52428,512,3813.94
209715,512,7861.44
209715,512,5176.41
52428,512,3813.5
52428,512,3807.49
52428,512,3806.8
52428,512,3806.24
52428,512,3818.93
52428,512,3814.33
52428,512,3796.68
52428,512,3808.79
209715,512,7857.11
209715,512,5174.14
52428,512,3809.69
52428,512,3825.29
52428,512,3819.62
52428,512,3825.68
52428,512,3817.58
52428,512,3822.84
52428,512,3829.08
52428,512,3805.55
209715,512,7854.36
209715,512,5168
52428,512,3811.86
52428,512,3822.58
52428,512,3816.67
52428,512,3813.59
209716,512,7868.67
209715,512,5159.24
52428,512,3820.19
52428,512,3834.86
52428,512,3828.95
52428,512,3811.03
209715,512,7867.2
209715,512,5171.39
52428,512,3818.97
52428,512,3817.02
52428,512,3824.94
52428,512,3841.36
209715,512,7836.11
209715,512,5169.47
52428,512,3802.01
52428,512,3759.83
52428,512,3813.89
52428,512,3802.22
209715,512,7845.22
209715,512,5164.98
52428,512,3819.41
52428,512,3817.28
52428,512,3814.8
52428,512,3835.08
209715,512,7844.39
209715,512,5179.03
52428,512,3796.03
52429,512,3816.96
52428,512,3821.19
52428,512,3819.67
209715,512,7846.41
209715,512,5153.69
52428,512,3819.62
52428,512,3796.76
52428,512,3813.63
52428,512,3807.83
26214,512,2154.95
26214,512,2143.31
26214,512,2126.11
26214,512,2125.6
104857,512,4402.2
104857,512,3026.65
26214,512,2121.87
26214,512,2135.97
26214,512,2140.9
26214,512,2132.74
26214,512,2129.79
26214,512,2136.29
26214,512,2133.88
26214,512,2127.41
104857,512,4407.58
104857,512,3071.53
26214,512,2131.41
26214,512,2134.55
26214,512,2132.25
26214,512,2120.47
26214,512,2142.02
26214,512,2132.65
26214,512,2141.83
26214,512,2138.5
104857,512,4401.8
104857,512,2981.05
26214,512,2127.54
26214,512,2115.26
26214,512,2115.26
26214,512,2144.18
26214,512,2128.49
26214,512,2107.84
26214,512,2135.72
26214,512,2118.73
104857,512,4394.05
104857,512,3014.78
26214,512,2132.33
26214,512,2141.09
26214,512,2134.74
26214,512,2139.02
26214,512,2143.33
26214,512,2133.93
26214,512,2123.29
26214,512,2138.01
104857,512,4402.84
104857,512,3038.72
26214,512,2118.46
26214,512,2127.84
26214,512,2141.31
26214,512,2130.6
26214,512,2139.37
26214,512,2126.57
26214,512,2157.78
26214,512,2126.06
104857,512,4403.22
104857,512,3033.88
26214,512,2116.7
26214,512,2125.87
26214,512,2127.08
26214,512,2122.05
104857,512,4417.3
104857,512,3014.57
26214,512,2147.15
26214,512,2131.54
26214,512,2140.63
26214,512,2131.84
104857,512,4416.2
104857,512,3030.11
26214,512,2135.7
26214,512,2128.49
26214,512,2133.9
26214,512,2138.69
104857,512,4423.41
104857,512,3025.66
26214,512,2131.49
26214,512,2135.61
26214,512,2133.25
26214,512,2130.95
104857,512,4400.93
104857,512,3020.06
26214,512,2134.31
26214,512,2116.24
26214,512,2122.51
26214,512,2132.09
104857,512,4429.98
104857,512,2978.23
26214,512,2141.56
26214,512,2124.55
26214,512,2129.81
26214,512,2115.31
104857,512,4413.61
104857,512,3022.51
26214,512,2147.26
26214,512,2131.06
26214,512,2129.97
26214,512,2119.61
13107,512,1353.86
13107,512,1368.7
13107,512,1358.61
13107,512,1351.94
52428,512,2876.91
52428,512,2064.46
13107,512,1343.64
13107,512,1356.51
13107,512,1356.33
13107,512,1365.87
13107,512,1372.87
13107,512,1343.88
13107,512,1344.5
13107,512,1349.61
52428,512,2872.82
52428,512,2066.21
13107,512,1373.14
13107,512,1348.96
13107,512,1359.67
13107,512,1346.42
13107,512,1352.05
13107,512,1353.09
13107,512,1361.75
13107,512,1344.78
52428,512,2870.22
52428,512,2064.26
13107,512,1329
13107,512,1352.48
13107,512,1344.55
13107,512,1343.38
13107,512,1345.39
13107,512,1352.72
13107,512,1342.29
13107,512,1361.28
52428,512,2869.73
52428,512,2056.87
13107,512,1347.79
13107,512,1346.1
13107,512,1356.46
13107,512,1357.08
13107,512,1349.48
13107,512,1350.76
13107,512,1356
13107,512,1347.22
52428,512,2865.68
52428,512,2059.52
13107,512,1330.43
13107,512,1354.36
13107,512,1351.2
13107,512,1257.7
13107,512,1253.32
13107,512,1262.66
13107,512,1260.55
13107,512,1206.14
52428,512,2396.54
52428,512,2016.8
13107,512,1272.41
13107,512,1272.74
13107,512,1281
13107,512,1307.68
52428,512,2542.6
52428,512,2025.79
13107,512,923.8
13107,512,1053.05
13107,512,1017.97
13107,512,883.137
52428,512,2536.24
52428,512,2044.82
13107,512,995.878
13107,512,920.89
13107,512,889.826
13107,512,1129.59
52428,512,2582.86
52428,512,2046.92
13107,512,1071.89
13107,512,885.589
13107,512,1062.22
13107,512,1001.41
52428,512,2646.98
52428,512,2019.48
13107,512,1350.02
13107,512,1349.59
13107,512,1359.27
13107,512,1346.12
52428,512,2852.31
52428,512,2063.37
13107,512,1340.53
13107,512,1338.09
13107,512,1354.45
13107,512,1355.76
52428,512,2869.92
52428,512,2028.5
13107,512,1351.61
13107,512,1370.65
13107,512,1351.5
13107,512,1340.85
5242,512,711.458
5242,512,744.799
5242,512,743.941
5242,512,693.659
20971,512,1663.5
20971,512,1399.9
5242,512,713.804
5242,512,738.683
5242,512,705.919
5242,512,703.225
5242,512,712.454
5242,512,744.833
5242,512,737.659
5242,512,699.341
20971,512,1665.17
20971,512,1397.86
5242,512,717.559
5242,512,717.437
5242,512,711.066
5242,512,694.635
5242,512,745.114
5242,512,738.114
5242,512,746.241
5242,512,741.032
20971,512,1670.14
20971,512,1395.26
5242,512,723.096
5242,512,713.895
5242,512,748.522
5242,512,739.856
5242,512,716.349
5242,512,727.155
5242,512,743.627
5242,512,719.668
20971,512,1652.36
20971,512,1395.8
5242,512,698.323
5242,512,745.776
5242,512,707.034
5242,512,738.065
5242,512,693.315
5242,512,739.089
5242,512,744.618
5242,512,704.407
20971,512,1646.26
20971,512,1398.28
5242,512,741.114
5242,512,705.978
5242,512,706.781
5242,512,703.89
5242,512,740.95
5242,512,697.538
5242,512,739.562
5242,512,696.771
20971,512,1661.11
20971,512,1405.37
5242,512,684.362
5242,512,743.661
5242,512,715.722
5242,512,707.049
20971,512,1648.6
20971,512,1405.46
5242,512,736.445
5242,512,744.882
5242,512,701.212
5242,512,746.939
20971,512,1654.74
20971,512,1400.02
5242,512,712.924
5242,512,747.538
5242,512,696.264
5242,512,708.064
20971,512,1673.2
20971,512,1401.99
5242,512,738.374
5242,512,710.433
5242,512,696.105
5242,512,745.346
20971,512,1663.46
20971,512,1405.75
5242,512,745.164
5242,512,740.869
5242,512,744.552
5242,512,704.792
20971,512,1647.47
20971,512,1413.96
5242,512,744.255
5242,512,702.137
5242,512,704.703
5242,512,741.196
20971,512,1652.95
20971,512,1409.06
5242,512,700.817
5242,512,742.426
5242,512,735.864
5242,512,689.354
144656,512,10394.3
145219,512,10503.8
143086,512,10291.4
134140,512,9642.11
617373,512,22934.6
511909,512,12433.6
152784,512,11018.9
177501,512,12414.8
138819,512,10016.7
175788,512,12697
148318,512,10706.8
146820,512,10572.4
139898,512,10076.8
135158,512,9725.66
605239,512,22452.5
498916,512,12078
135302,512,9712.65
167130,512,12033.2
127129,512,9131.48
160282,512,11556.1
137228,512,9885.51
141001,512,10158
127709,512,9208.28
127997,512,9195.79
614701,512,22831.3
495116,512,11977.2
141404,512,10184
162547,512,11700.7
133241,512,9603.26
157924,512,11387.9
140148,512,10107.7
155781,512,11230.9
131610,512,9489.13
141524,512,10194.6
622718,512,23144.3
500156,512,12098.3
145809,512,10486.3
161899,512,11669.7
134961,512,9737.98
157923,512,11300.5
144846,512,10450.6
169827,512,12251.4
137419,512,9854.67
157723,512,11306.2
638805,512,23632.2
520728,512,12628.5
138115,512,9942.24
151839,512,10950.2
128572,512,9251.75
149774,512,10778.7
147527,512,10618
166724,512,12059.3
145068,512,10479.5
157919,512,11311.7
662743,512,24616.6
529525,512,12808.7
123866,512,8891.82
147677,512,10621.2
110753,512,7975.54
145625,512,10482.6
485342,512,17974.6
372276,512,9013.84
137762,512,9955.24
152588,512,10993
124825,512,8993.04
152847,512,10998.6
472169,512,17489.4
364688,512,9262.17
105892,512,7712.88
152424,512,10963
96613,512,7039.43
141359,512,10223.9
498329,512,18543.3
374306,512,9353.61
111037,512,8035.96
141993,512,10203.2
105115,512,7661
131116,512,9419.34
521358,512,19319.2
382228,512,9282.13
112897,512,8176.39
135583,512,9754.82
105657,512,7692
124591,512,8972.44
524195,512,19419
379576,512,9199.47
123414,512,8865.24
142424,512,10286.4
114404,512,8225.5
133618,512,9646.19
518126,512,19182.6
360766,512,8755.19
127963,512,9227.33
137811,512,9950.46
119801,512,8641.79
131226,512,9393.4
110054,512,7980.43
100849,512,7300.53
69340,512,5116.1
69926,512,5148.24
520881,512,19309.2
420270,512,10143.4
176573,512,12645.4
164906,512,11866.7
119346,512,8672.21
163179,512,11731.3
131179,512,9492.92
106332,512,7694.32
80702,512,5846.91
75910,512,5473.26
434108,512,16071.8
364167,512,8815.17
115824,512,8414.47
118372,512,8595.87
73184,512,5266.09
95756,512,6977.3
132447,512,9549.37
106685,512,7714.45
85843,512,6221.77
78662,512,5702.2
451905,512,16686.6
377715,512,9136.86
131164,512,9492.59
130939,512,9418.26
81929,512,5934.32
114764,512,8281.06
133557,512,9629.94
114906,512,8269.49
86931,512,6307.48
87415,512,6314.25
480220,512,17778.1
389027,512,9435.35
144587,512,10446.3
131025,512,9445.36
92656,512,6658.7
115987,512,8365.63
144703,512,10411.8
128707,512,9268.03
97146,512,7046.5
100981,512,7334.64
519534,512,19234.6
435213,512,10496.1
151362,512,10901.6
131393,512,9458.78
95590,512,6911.78
119793,512,8664.16
145197,512,10467.7
145080,512,10481.7
101998,512,7310.53
112628,512,8160.88
562881,512,20877.2
463789,512,11213
130724,512,9394.77
106538,512,7624.48
68242,512,4955.16
94758,512,6881.32
464225,512,17177.1
348379,512,8877.91
157973,512,11375.7
128921,512,9236.25
96673,512,7002.59
122165,512,8774.54
225571,512,8524.17
205326,512,6338.94
65235,512,4721.98
83880,512,6427.5
37002,512,2747.02
58084,512,4252.6
281342,512,10590.5
253598,512,6891.8
84469,512,6135.45
98998,512,7198.21
45258,512,3355.9
74105,512,5376.49
291371,512,10901.5
256402,512,6907.03
109587,512,7877.22
99608,512,7215.35
60842,512,4417.09
76770,512,5573.45
301623,512,11181.4
236448,512,6189.49
116101,512,8356.15
93737,512,6795.37
69341,512,5034.8
72872,512,5290.76
266304,512,9957.44
179846,512,5187.58
118976,512,8545.67
87654,512,6330.94
69802,512,5059.03
68146,512,4943.65
69048,512,5023.66
70699,512,5171.83
55824,512,4108.52
51977,512,3878.2
440834,512,16345.4
349724,512,8457.14
142988,512,10287.8
140146,512,10076.7
102718,512,7442.99
144324,512,10449.7
90907,512,6567.67
79001,512,5725.48
71333,512,5190.68
59864,512,4384.58
350127,512,13041.6
278118,512,6744.09
77453,512,5622.84
97490,512,7097.91
58782,512,4275.24
79224,512,5775.59
72798,512,5302.77
80140,512,5831.8
60387,512,4411.68
59524,512,4339.62
377531,512,14008.3
301616,512,7317.89
85602,512,6221.56
106244,512,7627.49
64319,512,4690
92139,512,6714.29
80374,512,5792.71
91729,512,6638.08
68532,512,4948.82
70060,512,5029.37
413100,512,15314
326865,512,7910.43
100219,512,7195.92
112406,512,7957.94
76218,512,5203.36
99957,512,7221.74
89251,512,6131.18
113306,512,7753.62
75834,512,5536.46
88878,512,6174.62
454699,512,16255.3
370593,512,8978.49
99341,512,7164.3
113026,512,8079.94
75788,512,5529.44
103039,512,7403.88
95971,512,6908.65
126777,512,9108.04
84980,512,6149.82
99415,512,7224.59
483495,512,17891.2
392291,512,9501.45
78700,512,5702.44
89338,512,6452.5
60344,512,4409.44
81600,512,5932.58
377485,512,14022.7
263284,512,6693.64
125652,512,9041.12
98723,512,7172.43
91651,512,6651.91
101724,512,7382.16
139876,512,5464.91
104165,512,3944.33
40729,512,2944.01
59136,512,4340.45
32292,512,2487.86
38547,512,2840.18
194581,512,7544.78
150283,512,4653.16
42786,512,3157.05
66156,512,4814.4
33491,512,2588.71
47033,512,3518.87
247017,512,9227.76
179358,512,4823.09
55210,512,4038.26
68722,512,5034.4
40973,512,3053.41
52095,512,3836.33
248270,512,9314.04
172574,512,4551.08
71451,512,5194.48
73260,512,5338.3
54975,512,4008.06
59423,512,4345.32
222621,512,8393.96
136351,512,4025.3
74612,512,5408.13
68003,512,4954.68
58713,512,4242.5
55485,512,4023.84
55839,512,4093.01
47152,512,4246.73
40749,512,2992.77
31688,512,2340
246942,512,9235.31
187181,512,4921.59
108105,512,7829.25
107497,512,7761.94
65349,512,4731.57
112066,512,8150.52
53552,512,3913.41
46022,512,3766.26
38979,512,2905.79
28332,512,2121.05
181465,512,6809.07
138731,512,4177.21
44787,512,3324.4
56702,512,4347.16
30654,512,2324.72
40235,512,2939.81
49209,512,3586.41
55295,512,4047.76
37240,512,2747.2
33400,512,2579.09
209478,512,7884.65
170877,512,4654.9
59402,512,4314.26
78627,512,5672.49
40400,512,3013.38
58892,512,4274.94
51857,512,3775.79
60576,512,4377.32
42887,512,3151.61
40323,512,2984.98
249613,512,9307.3
196462,512,4987.95
65126,512,4725.31
73887,512,5352.24
44367,512,3242.75
60688,512,4400.07
60021,512,4371.82
83964,512,6081.03
47934,512,3516.64
56646,512,4143.43
302452,512,11291
246814,512,6007.62
65341,512,4741.13
81599,512,5914.71
45839,512,3357.82
66444,512,4826.14
63673,512,4617.01
94580,512,6843.7
54191,512,3937.04
65642,512,4791.11
343356,512,12766.9
257197,512,6275.87
41783,512,3088.35
52641,512,3812.06
29547,512,2285.29
42360,512,3089.61
216719,512,8087.47
149618,512,4574.32
81604,512,5913.46
64242,512,4694.49
43030,512,3156.1
61783,512,4502.46
48481,512,2342.84
38360,512,2652.37
18164,512,1345.92
29508,512,3143.02
13422,512,1094.6
18682,512,1402.14
101911,512,4346.99
82333,512,3567.75
19741,512,1587.51
38241,512,3648.35
15129,512,1314.56
25640,512,1931.74
114133,512,4652.5
85304,512,3426.38
36347,512,2686.99
44755,512,3605
25265,512,2065.53
30012,512,2268.21
115983,512,4684.88
83975,512,3544.75
48912,512,3576.62
44247,512,3539.49
33185,512,2553.58
27808,512,2143.53
83494,512,3554.95
48292,512,2642.02
42541,512,3105.89
43863,512,3363.6
30263,512,2243.52
31688,512,2402.96
34247,512,2631.82
19404,512,2656.2
16396,512,1267.28
11969,512,932.357
104673,512,4344.6
81975,512,3311.54
97078,512,7064.7
69893,512,5334.26
25760,512,1950.1
69617,512,5071.06
48869,512,3578.79
21820,512,2389.11
15338,512,1167.97
10662,512,841.09
41663,512,2146.66
36012,512,2681.3
42364,512,3134.73
32657,512,2832.85
13187,512,1240.47
17178,512,1438.92
50871,512,3726.47
27364,512,2591.6
15168,512,1378.24
13381,512,1184.36
52212,512,2573.07
48390,512,3045.89
55223,512,4018.41
42626,512,3261.71
15872,512,1421.57
24727,512,1975.79
54011,512,4017.5
38147,512,2965.35
17464,512,1481.16
16461,512,1465.46
72869,512,3204.27
71587,512,3485.07
66349,512,4806.1
49036,512,3584.66
18628,512,1600.69
30148,512,2318.35
63533,512,4630.57
47347,512,3461.98
19514,512,1692.78
23243,512,2060.78
100398,512,4107.83
85572,512,3418.57
58607,512,4264.74
37223,512,2859.25
14595,512,1397.19
23119,512,1798.64
70285,512,5111.86
56422,512,4107.05
21842,512,1790.81
27155,512,2346.73
130289,512,5185.89
90678,512,3009.57
48564,512,3540.25
26377,512,2278.33
9201,512,1013.19
16237,512,1432.84
58872,512,2693.89
55804,512,3057.73
69433,512,5015.81
57004,512,4809.26
12532,512,1091.95
53312,512,3893.29
19051,512,1325.15
20119,512,2167.16
10834,512,855.333
21594,512,2529.5
3649,512,445.978
14972,512,1200.05
19537,512,1397.95
20744,512,2190.61
32975,512,2507.36
19159,512,2458.25
8520,512,808.949
9463,512,762.77
21054,512,1440.99
21606,512,2281.22
19284,512,1537.15
16852,512,2088.96
5429,512,622.113
8863,512,853.34
20900,512,1457.33
18007,512,1946.48
29744,512,2371.72
15941,512,1799.75
7369,512,829.042
9554,512,825.332
16100,512,1218.53
9871,512,1254.16
32053,512,2371.85
18132,512,1899.26
7471,512,817.817
12811,512,1032.18
17538,512,1317.72
9689,512,1492.09
9630,512,730.332
5732,512,482.143
49727,512,2571.81
41575,512,2339.37
60339,512,4400.99
33846,512,3189.4
10762,512,1019.96
34845,512,2613.08
27165,512,2038.62
12022,512,1563.97
7018,512,654.75
4981,512,464.057
18329,512,1300.43
18724,512,1832.32
20384,512,1598.74
20795,512,2056.11
5704,512,633.9
9461,512,894.407
21954,512,1896.42
12498,512,1518.02
5460,512,681.942
4860,512,541.665
19355,512,1316.29
20125,512,1874.06
29397,512,2278.39
26491,512,2275.86
6978,512,778.905
12252,512,1190.11
23425,512,1841.86
20550,512,2000.82
6200,512,708.244
7340,512,808.747
25190,512,1643.47
29575,512,2234
33448,512,2558.53
35320,512,2826.52
8490,512,955.393
16466,512,1039.08
25495,512,1858.06
36244,512,2501.28
7017,512,746.714
11888,512,1123.36
33082,512,1861.65
44738,512,2843.41
25079,512,1983.34
31458,512,2577.63
6391,512,745.987
14370,512,1259.8
44130,512,3190.63
37424,512,2822.12
10100,512,1045.7
15476,512,1556.23
42127,512,2259.5
29857,512,1822.93
18768,512,1663.05
14559,512,1522.31
3701,512,491.899
9011,512,965.601
26707,512,1603.03
26895,512,2104.2
46041,512,3386.49
39819,512,3402.65
5371,512,629.396
35052,512,2593.65
3789,512,460.11
3298,512,563.369
10357,512,873.536
5954,512,993.627
2109,512,306.255
2920,512,318.376
3678,512,399.498
3035,512,566.959
3920,512,444.981
6539,512,1013.75
1294,512,228.584
3906,512,398.293
6591,512,668.375
6228,512,904.143
10973,512,970.217
10235,512,1424.74
2888,512,390.873
6614,512,595.253
5856,512,633.521
5056,512,792.826
21060,512,1679.22
9576,512,1314.54
4067,512,510.18
4228,512,488.381
4933,512,556.645
2797,512,489.802
16062,512,1322.33
8583,512,1117.92
3442,512,459.326
6578,512,617.834
0,512,0
929,512,212.358
0,512,0
246,512,49.5453
14047,512,1153.77
20596,512,1977.33
22905,512,1737.12
27236,512,2688.28
5473,512,526.67
25435,512,1880.7
0,512,0
77,512,18.2885
0,512,0
19,512,4.42585
1932,512,244.63
1833,512,351.95
8299,512,882.097
20258,512,2095.34
4656,512,554.184
6968,512,718.641
39,512,8.95974
6,512,1.4501
8,512,1.92496
20,512,4.63198
1005,512,138.135
960,512,209.729
15889,512,1315.98
26465,512,2509.2
4629,512,578.05
9380,512,927.379
2992,512,300.723
1844,512,398.448
640,512,116.719
401,512,71.8518
1423,512,192.042
1698,512,371.212
13471,512,1188.52
25799,512,2533.78
5084,512,634.473
10880,512,1032.66
10658,512,836.844
7785,512,1210.14
5360,512,491.75
2762,512,279.967
1185,512,148.558
1198,512,256.094
4459,512,506.786
4413,512,707.566
1897,512,281.389
1883,512,257.021
30410,512,2382.47
23696,512,2593.72
14210,512,1379.65
7168,512,822.86
1373,512,153.58
1671,512,364.91
5531,512,570.602
2353,512,456.7
2904,512,347.902
743,512,136.754
0,512,0
0,512,0
9554,512,909.067
19357,512,1968.8
5442,512,607.06
13274,512,1071.23
0,512,0
0,512,0
1670,512,246.859
1644,512,361.443
1203,512,192.456
301,512,61.1518
159,512,22.5397
274,512,63.5456
87,512,20.4233
193,512,44.5471
15,512,3.57822
19,512,4.50271
0,512,0
0,512,0
0,512,0
0,512,0
0,512,0
0,512,0
0,512,0
0,512,0
0,512,0
0,512,0
0,512,0
0,512,0
0,512,0
0,512,0
0,512,0
0,512,0
0,512,0
0,512,0
