128761,32,512,512,804.489
132877,32,512,512,1002.79
142349,32,512,512,1080.89
122501,32,512,512,931.684
657561,128,512,512,4131.22
587093,32,2048,512,1153.23
158760,32,512,512,1093.73
161312,32,512,512,1121.36
154701,32,512,512,1074.66
163812,32,512,512,1138.54
138452,32,512,512,961.526
140197,32,512,512,973.917
139415,32,512,512,969.712
130440,32,512,512,907.572
615379,128,512,512,3530.06
552458,32,2048,512,990.387
122396,32,512,512,849.482
163814,32,512,512,1137.45
119017,32,512,512,826.598
156550,32,512,512,1088.55
130692,32,512,512,907.806
144385,32,512,512,1003.92
131820,32,512,512,916.132
133155,32,512,512,925.495
629035,128,512,512,3610.36
550086,32,2048,512,979.013
129969,32,512,512,890.961
164324,32,512,512,1132.34
131426,32,512,512,906.216
157607,32,512,512,1090.36
132401,32,512,512,914.572
158040,32,512,512,1092.29
136023,32,512,512,939.727
146596,32,512,512,998.532
640824,128,512,512,3674.79
560424,32,2048,512,1004.84
133334,32,512,512,926.157
165516,32,512,512,1150.57
134172,32,512,512,1021.13
161231,32,512,512,1228.48
128782,32,512,512,980.842
171580,32,512,512,1306.6
135490,32,512,512,1030.73
157572,32,512,512,1200.14
655737,128,512,512,4121.16
588044,32,2048,512,1155.95
125661,32,512,512,956.252
154825,32,512,512,1179.25
127452,32,512,512,970.719
153730,32,512,512,1170.86
129316,32,512,512,891.188
176891,32,512,512,1229.69
141501,32,512,512,983.57
161782,32,512,512,1124.99
673253,128,512,512,3858.51
611291,32,2048,512,1095.89
102691,32,512,512,714.007
136832,32,512,512,950.43
105460,32,512,512,792.574
134494,32,512,512,1010.81
546132,128,512,512,3390.88
478771,32,2048,512,929.25
126309,32,512,512,948.933
127433,32,512,512,958.136
124950,32,512,512,938.767
136926,32,512,512,1030.4
512834,128,512,512,3196.65
430911,32,2048,512,842.236
89535,32,512,512,673.781
142150,32,512,512,1067.73
83912,32,512,512,631.421
126151,32,512,512,917.827
526135,128,512,512,3021.62
434134,32,2048,512,778.54
100634,32,512,512,698.619
132334,32,512,512,919.243
96583,32,512,512,671.595
120956,32,512,512,841.222
527460,128,512,512,3025.75
428269,32,2048,512,769.276
103808,32,512,512,720.832
127274,32,512,512,885.207
102659,32,512,512,712.979
119034,32,512,512,826.712
529427,128,512,512,3037.42
424951,32,2048,512,764.056
117377,32,512,512,814.73
122898,32,512,512,853.204
114955,32,512,512,798.872
118573,32,512,512,823.69
504860,128,512,512,2891.55
400093,32,2048,512,724.012
115234,32,512,512,800.296
120376,32,512,512,836.385
114692,32,512,512,867.353
119087,32,512,512,900.3
7941902,2080,512,512,4124.35
82388,32,512,512,627.508
95040,32,512,512,724.301
95047,32,512,512,726.863
81972,32,512,512,624.646
559163,128,512,512,3518.12
479025,32,2048,512,941.284
123005,32,512,512,936.207
134139,32,512,512,1020.66
117970,32,512,512,897.162
136606,32,512,512,1038.79
108827,32,512,512,828.582
113602,32,512,512,864.251
110167,32,512,512,838.39
103331,32,512,512,786.707
500782,128,512,512,2875.79
433174,32,2048,512,776.588
83660,32,512,512,581.898
139159,32,512,512,966.212
79680,32,512,512,554.428
128804,32,512,512,895.333
93269,32,512,512,648.056
116477,32,512,512,809.152
96336,32,512,512,669.531
100708,32,512,512,699.941
513866,128,512,512,2950.12
431100,32,2048,512,773.413
94610,32,512,512,657.64
138919,32,512,512,964.847
97046,32,512,512,674.544
129913,32,512,512,903.581
91737,32,512,512,637.256
128003,32,512,512,889.386
97528,32,512,512,677.864
111611,32,512,512,775.022
530735,128,512,512,3044.3
446252,32,2048,512,800.345
96734,32,512,512,672.343
139126,32,512,512,966.891
97673,32,512,512,678.501
132027,32,512,512,934.018
99926,32,512,512,705.463
146522,32,512,512,1036.09
105672,32,512,512,746.528
131348,32,512,512,927.959
560299,128,512,512,3259.83
483219,32,2048,512,880.664
99871,32,512,512,704.292
139835,32,512,512,987.614
100632,32,512,512,765.521
135476,32,512,512,1031.02
100073,32,512,512,760.977
158983,32,512,512,1209.54
110849,32,512,512,843.117
140232,32,512,512,1067.04
584554,128,512,512,3678.49
515851,32,2048,512,1013.47
72786,32,512,512,555.352
111169,32,512,512,846.186
75465,32,512,512,575.179
108697,32,512,512,827.76
418763,128,512,512,2637.24
331624,32,2048,512,661.012
104724,32,512,512,797.125
104369,32,512,512,794.032
100685,32,512,512,697.72
114837,32,512,512,796.949
384080,128,512,512,2204.55
294467,32,2048,512,537.809
52376,32,512,512,371.285
108226,32,512,512,753.046
49216,32,512,512,355.261
88225,32,512,512,607.604
390912,128,512,512,2246.81
292071,32,2048,512,532.321
68275,32,512,512,476.074
97898,32,512,512,680.664
65237,32,512,512,455.033
82951,32,512,512,575.746
395711,128,512,512,2274.28
291221,32,2048,512,530.429
71474,32,512,512,497.801
99155,32,512,512,689.73
69597,32,512,512,484.641
91595,32,512,512,636.112
386282,128,512,512,2208.54
286061,32,2048,512,519.971
74946,32,512,512,521.849
93347,32,512,512,649.387
73526,32,512,512,513.061
87577,32,512,512,609.194
372892,128,512,512,2145
268393,32,2048,512,493.023
83966,32,512,512,583.864
91238,32,512,512,634.135
82765,32,512,512,575.461
85516,32,512,512,594.427
6970877,2080,512,512,3369.86
48820,32,512,512,373.077
61079,32,512,512,479.084
59699,32,512,512,456.608
49720,32,512,512,380.019
457008,128,512,512,2873.39
380232,32,2048,512,750.477
100329,32,512,512,764.035
112503,32,512,512,855.951
94479,32,512,512,719.638
114846,32,512,512,871.599
82527,32,512,512,632.082
86541,32,512,512,660.79
84021,32,512,512,580.233
74658,32,512,512,518.419
371268,128,512,512,2136.84
296938,32,2048,512,536.271
59207,32,512,512,411.968
110975,32,512,512,770.385
55989,32,512,512,393.179
99131,32,512,512,689.039
59373,32,512,512,417.526
88269,32,512,512,614.247
64712,32,512,512,452.43
69763,32,512,512,487.632
383955,128,512,512,2208.24
302682,32,2048,512,548.326
75307,32,512,512,524.631
120987,32,512,512,841.839
74395,32,512,512,550.688
110489,32,512,512,836.689
69106,32,512,512,523.019
107546,32,512,512,813.162
74384,32,512,512,563.066
86780,32,512,512,656.687
406737,128,512,512,2548.77
316678,32,2048,512,622.499
75207,32,512,512,571.006
115311,32,512,512,872.312
77122,32,512,512,586.089
106452,32,512,512,809.185
75019,32,512,512,572.007
125521,32,512,512,954.587
83525,32,512,512,635.221
105434,32,512,512,800.782
445126,128,512,512,2798.65
360576,32,2048,512,710.868
66207,32,512,512,504.384
107436,32,512,512,817.024
69103,32,512,512,529.681
100659,32,512,512,764.227
80509,32,512,512,614.22
140067,32,512,512,973.9
94610,32,512,512,657.75
117697,32,512,512,819.039
469702,128,512,512,2695.53
393501,32,2048,512,705.884
53044,32,512,512,376.846
91720,32,512,512,638.556
54347,32,512,512,399.587
87767,32,512,512,651.008
319674,128,512,512,2011.78
246891,32,2048,512,505.55
64552,32,512,512,493.182
73664,32,512,512,560.56
61364,32,512,512,469.983
83434,32,512,512,634.071
237924,128,512,512,1540.6
152630,32,2048,512,323.848
32419,32,512,512,252.282
75766,32,512,512,546.246
30510,32,512,512,230.542
57281,32,512,512,398.508
239685,128,512,512,1407.26
155797,32,2048,512,309.34
43886,32,512,512,313.287
73089,32,512,512,530.693
39292,32,512,512,281.688
62094,32,512,512,432.855
241817,128,512,512,1402.71
154531,32,2048,512,317.86
49628,32,512,512,352.59
57036,32,512,512,405.03
48540,32,512,512,335.701
49310,32,512,512,343.675
219154,128,512,512,1278.5
147362,32,2048,512,295.6
33528,32,512,512,251.462
53373,32,512,512,404.017
34631,32,512,512,256.121
44365,32,512,512,310.616
195846,128,512,512,1138.23
120625,32,2048,512,254.045
54241,32,512,512,385.895
71756,32,512,512,509.018
51254,32,512,512,363.573
64594,32,512,512,450.083
5924545,2080,512,512,3006.67
45935,32,512,512,346.401
46296,32,512,512,367.926
52919,32,512,512,402.657
38370,32,512,512,293.089
331367,128,512,512,2087.72
265406,32,2048,512,529.862
65174,32,512,512,491.68
85635,32,512,512,651.156
59884,32,512,512,455.821
89665,32,512,512,682.428
45262,32,512,512,345.307
57303,32,512,512,455.876
48014,32,512,512,366.198
44781,32,512,512,345.818
250381,128,512,512,1589.19
189258,32,2048,512,353.304
40322,32,512,512,289.187
85967,32,512,512,597.773
36932,32,512,512,265.751
74639,32,512,512,570.115
44052,32,512,512,348.431
61540,32,512,512,478.116
47508,32,512,512,365.529
46746,32,512,512,375.556
265383,128,512,512,1681.41
195030,32,2048,512,404.296
42118,32,512,512,338.565
91334,32,512,512,695.791
42774,32,512,512,341.424
79227,32,512,512,605.47
38467,32,512,512,310.005
71031,32,512,512,538.156
44005,32,512,512,351.634
53746,32,512,512,421.743
283233,128,512,512,1638.87
202509,32,2048,512,380.224
46461,32,512,512,344.07
78908,32,512,512,551.985
48194,32,512,512,351.995
72580,32,512,512,505.958
43854,32,512,512,322.672
96524,32,512,512,670.824
51673,32,512,512,366.89
76538,32,512,512,536.274
320489,128,512,512,1845.67
247453,32,2048,512,452.542
40847,32,512,512,302.627
81975,32,512,512,569.765
42541,32,512,512,309.42
75412,32,512,512,526.146
49860,32,512,512,362.823
110313,32,512,512,766.179
61547,32,512,512,434.834
88378,32,512,512,615.786
345592,128,512,512,1989.22
274829,32,2048,512,495.364
25374,32,512,512,183.123
60536,32,512,512,429.093
25890,32,512,512,199.537
57422,32,512,512,400.316
209395,128,512,512,1221.73
151186,32,2048,512,304.997
32695,32,512,512,234.985
42140,32,512,512,308.882
30524,32,512,512,226.699
49135,32,512,512,344.501
126254,128,512,512,765.778
76575,32,2048,512,206.617
17164,32,512,512,156.537
52044,32,512,512,397.864
14299,32,512,512,136.638
37690,32,512,512,266.969
146819,128,512,512,885.667
84761,32,2048,512,207.004
23183,32,512,512,180.692
49133,32,512,512,386.638
21266,32,512,512,183.154
36818,32,512,512,259.782
144374,128,512,512,859.263
87498,32,2048,512,208.472
20567,32,512,512,173.771
39685,32,512,512,324.381
19186,32,512,512,159.879
32050,32,512,512,227.796
133310,128,512,512,793.857
81004,32,2048,512,198.952
25603,32,512,512,195.641
40168,32,512,512,328.578
23381,32,512,512,185.467
32959,32,512,512,236.337
117647,128,512,512,697.083
69633,32,2048,512,168.911
23953,32,512,512,179.773
31670,32,512,512,248.951
22904,32,512,512,184.389
28133,32,512,512,209.066
4045117,2080,512,512,2117.24
34335,32,512,512,257.022
29747,32,512,512,315.025
42332,32,512,512,323.282
23730,32,512,512,193.083
165318,128,512,512,1080.52
114116,32,2048,512,271.186
34464,32,512,512,268.707
60724,32,512,512,465.718
30956,32,512,512,243.198
62144,32,512,512,474.953
27947,32,512,512,214.178
32084,32,512,512,302.16
31500,32,512,512,240.673
26063,32,512,512,203.378
144805,128,512,512,955.544
93516,32,2048,512,225.734
19984,32,512,512,169.936
51570,32,512,512,375.453
18956,32,512,512,156.632
45617,32,512,512,332.347
17384,32,512,512,173.986
30722,32,512,512,258.632
20613,32,512,512,176.748
23618,32,512,512,203.348
150601,128,512,512,902.366
91018,32,2048,512,224.595
22986,32,512,512,199.317
50560,32,512,512,369.282
23332,32,512,512,194.281
48332,32,512,512,351.514
18710,32,512,512,159.145
48771,32,512,512,358.616
22976,32,512,512,187.432
37207,32,512,512,290.304
158689,128,512,512,958.975
91220,32,2048,512,221.83
25803,32,512,512,190.982
51980,32,512,512,371.804
27000,32,512,512,206.478
50793,32,512,512,362.785
22110,32,512,512,202.99
70194,32,512,512,491.619
27829,32,512,512,229.262
55987,32,512,512,418.911
166966,128,512,512,1010.72
100492,32,2048,512,227.45
16560,32,512,512,143.918
39864,32,512,512,304.893
17972,32,512,512,148.994
38720,32,512,512,294.087
24537,32,512,512,201.313
65081,32,512,512,457.506
35051,32,512,512,259.109
54980,32,512,512,411.309
189128,128,512,512,1131.18
109440,32,2048,512,228.157
6244,32,512,512,102.975
26927,32,512,512,224.062
7420,32,512,512,94.0558
26093,32,512,512,216.956
53227,128,512,512,377.577
34630,32,2048,512,158.338
13396,32,512,512,120.494
27558,32,512,512,218.482
12282,32,512,512,113.328
32402,32,512,512,254.072
59715,128,512,512,370.123
31978,32,2048,512,158.65
8006,32,512,512,104.746
25723,32,512,512,205.347
7531,32,512,512,101.728
18901,32,512,512,150.237
73174,128,512,512,450.465
37471,32,2048,512,165.317
7276,32,512,512,78.5698
25171,32,512,512,231.71
6459,32,512,512,70.699
19734,32,512,512,152.985
77994,128,512,512,486.637
38793,32,2048,512,162.777
11015,32,512,512,121.811
24419,32,512,512,199.418
10472,32,512,512,121.385
20582,32,512,512,179.096
70998,128,512,512,432.698
35760,32,2048,512,151.937
8285,32,512,512,115.521
20839,32,512,512,172.39
7826,32,512,512,112.321
17985,32,512,512,152.874
61917,128,512,512,391.209
28848,32,2048,512,123.42
11904,32,512,512,119.436
21574,32,512,512,195.807
11724,32,512,512,119.101
20289,32,512,512,162.282
1938914,2080,512,512,1297.33
13591,32,512,512,103.773
11834,32,512,512,174.291
18364,32,512,512,140.229
8842,32,512,512,71.6106
107573,128,512,512,775.137
80849,32,2048,512,215.887
16771,32,512,512,151.055
28842,32,512,512,256.252
13807,32,512,512,138.454
31600,32,512,512,240.525
13156,32,512,512,106.123
15612,32,512,512,205.105
15414,32,512,512,121.632
10938,32,512,512,93.2744
48981,128,512,512,343.76
34082,32,2048,512,159.39
7091,32,512,512,80.7085
27698,32,512,512,224.859
6302,32,512,512,84.4503
21599,32,512,512,178.412
6119,32,512,512,110.035
11183,32,512,512,152.952
7324,32,512,512,92.8051
7750,32,512,512,106.336
55048,128,512,512,368.396
35955,32,2048,512,147.434
8454,32,512,512,99.4673
27387,32,512,512,236.315
8560,32,512,512,105.021
22070,32,512,512,202.014
7508,32,512,512,112.315
18737,32,512,512,192.885
9838,32,512,512,115.432
12906,32,512,512,149.295
63204,128,512,512,410.138
40951,32,2048,512,154.091
10143,32,512,512,123.076
31538,32,512,512,261.135
10640,32,512,512,123.394
26736,32,512,512,227.926
10085,32,512,512,138.431
31635,32,512,512,261.234
12905,32,512,512,141.505
23675,32,512,512,210.811
75648,128,512,512,461.788
51508,32,2048,512,149.553
8793,32,512,512,84.6545
23635,32,512,512,201.264
8673,32,512,512,87.1938
20949,32,512,512,160.179
11498,32,512,512,139.031
50919,32,512,512,376.376
15955,32,512,512,159.511
35619,32,512,512,287.464
90763,128,512,512,569.144
66881,32,2048,512,147.921
2012,32,512,512,71.0444
9731,32,512,512,90.7032
2143,32,512,512,52.5434
8160,32,512,512,95.9849
53936,128,512,512,340.235
37885,32,2048,512,145.996
4860,32,512,512,50.2582
8693,32,512,512,122.191
4594,32,512,512,47.8994
10765,32,512,512,89.6819
19771,128,512,512,147.038
11460,32,2048,512,109.583
3116,32,512,512,70.0145
17085,32,512,512,219.487
2706,32,512,512,81.2262
11679,32,512,512,103.049
21492,128,512,512,153.052
12675,32,2048,512,121.834
3128,32,512,512,47.6453
8602,32,512,512,150.721
2649,32,512,512,48.5768
5842,32,512,512,67.6999
21069,128,512,512,147.657
12926,32,2048,512,114.165
3130,32,512,512,61.8317
8456,32,512,512,154.821
2888,32,512,512,65.0391
5920,32,512,512,54.036
16569,128,512,512,125.722
10555,32,2048,512,89.7342
3975,32,512,512,52.1461
9829,32,512,512,165.308
3688,32,512,512,56.1022
6880,32,512,512,67.4944
14652,128,512,512,107.313
9374,32,2048,512,57.1936
2878,32,512,512,56.8277
5607,32,512,512,88.9926
2627,32,512,512,62.5141
4187,32,512,512,51.522
1251031,2080,512,512,977.998
7994,32,512,512,58.9432
6230,32,512,512,179.274
10825,32,512,512,82.6376
4266,32,512,512,41.3258
37336,128,512,512,317.774
28863,32,2048,512,154.451
5646,32,512,512,83.1754
17872,32,512,512,217.514
4679,32,512,512,84.8572
21603,32,512,512,180.586
5126,32,512,512,48.7015
5757,32,512,512,169.837
6474,32,512,512,55.8095
3865,32,512,512,42.5491
18332,128,512,512,206.348
14699,32,2048,512,148.897
3668,32,512,512,66.3133
11791,32,512,512,171.586
3797,32,512,512,60.1018
10070,32,512,512,120.601
3401,32,512,512,64.0342
5162,32,512,512,142.614
4111,32,512,512,68.7121
3691,32,512,512,75.8217
13036,128,512,512,135.91
9863,32,2048,512,134.463
4359,32,512,512,91.5048
13924,32,512,512,181.784
4174,32,512,512,86.1346
11995,32,512,512,142.954
3302,32,512,512,92.053
7543,32,512,512,129.906
4222,32,512,512,85.4299
6012,32,512,512,117.198
12635,128,512,512,116.404
9668,32,2048,512,118.664
4405,32,512,512,74.351
10699,32,512,512,137.56
4559,32,512,512,82.1631
9516,32,512,512,128.649
4352,32,512,512,90.1234
15753,32,512,512,174.599
5559,32,512,512,99.6214
12052,32,512,512,151.814
14538,128,512,512,143.243
11200,32,2048,512,80.3193
2258,32,512,512,57.1139
8183,32,512,512,144.299
2408,32,512,512,64.7523
6857,32,512,512,91.1275
4500,32,512,512,93.5643
23566,32,512,512,211.716
5989,32,512,512,113.095
17053,32,512,512,179.776
17556,128,512,512,171.184
14256,32,2048,512,63.5495
742,32,512,512,35.4362
2728,32,512,512,62.5881
806,32,512,512,40.4866
2370,32,512,512,59.8532
21989,128,512,512,186.765
16969,32,2048,512,118.718
1040,32,512,512,35.0703
6990,32,512,512,123.296
971,32,512,512,52.2948
10210,32,512,512,105.149
4276,128,512,512,45.05
3145,32,2048,512,63.8133
1083,32,512,512,58.6614
7508,32,512,512,143.916
989,32,512,512,61.7437
5246,32,512,512,58.3127
3167,128,512,512,38.3184
2309,32,2048,512,58.5506
1566,32,512,512,62.943
4323,32,512,512,105.863
1368,32,512,512,50.4827
3317,32,512,512,47.2385
2099,128,512,512,28.6426
1606,32,2048,512,71.897
1259,32,512,512,44.5078
3983,32,512,512,100.712
1243,32,512,512,36.2394
2880,32,512,512,50.6805
1483,128,512,512,21.2087
1166,32,2048,512,33.8029
827,32,512,512,42.0785
1872,32,512,512,56.3447
712,32,512,512,48.3583
1394,32,512,512,32.2783
1887,128,512,512,25.7991
1200,32,2048,512,20.2866
419,32,512,512,22.4263
812,32,512,512,29.6635
391,32,512,512,24.1941
645,32,512,512,34.8554
584680,2080,512,512,722.305
131072,32,512,512,910.979
131072,32,512,512,910.283
131072,32,512,512,910.734
131072,32,512,512,907.003
524288,128,512,512,3004.14
524288,32,2048,512,939.569
131072,32,512,512,910.886
131072,32,512,512,910.018
131072,32,512,512,997.782
131072,32,512,512,997.929
131072,32,512,512,998.376
131072,32,512,512,973.15
131072,32,512,512,987.352
131072,32,512,512,995.385
524288,128,512,512,3297.78
524288,32,2048,512,1030.88
131072,32,512,512,997.357
131072,32,512,512,997.647
131072,32,512,512,997.791
131072,32,512,512,992.977
131071,32,512,512,987.264
131072,32,512,512,902.456
131072,32,512,512,910.194
131072,32,512,512,910.728
524288,128,512,512,3007.19
524288,32,2048,512,939.738
131072,32,512,512,909.373
131072,32,512,512,910.902
131072,32,512,512,910.562
131072,32,512,512,911.49
131072,32,512,512,910.722
131072,32,512,512,909.961
131072,32,512,512,911.242
131072,32,512,512,910.358
524288,128,512,512,3007.8
524287,32,2048,512,939.644
131072,32,512,512,910.688
131072,32,512,512,910.627
131072,32,512,512,911.189
131072,32,512,512,998.587
131072,32,512,512,997.749
131072,32,512,512,997.056
131072,32,512,512,997.134
131072,32,512,512,1000.05
524288,128,512,512,3298.15
524288,32,2048,512,1030.4
131072,32,512,512,997.974
131072,32,512,512,996.881
131072,32,512,512,997.288
131072,32,512,512,997.616
131072,32,512,512,997.094
131072,32,512,512,996.786
131072,32,512,512,997.476
131072,32,512,512,998.999
524288,128,512,512,3299.78
524288,32,2048,512,936.868
131072,32,512,512,908.512
131072,32,512,512,909.768
131072,32,512,512,909.359
131072,32,512,512,911.533
524288,128,512,512,3013.15
524288,32,2048,512,944.284
131072,32,512,512,913.25
131072,32,512,512,911.246
131072,32,512,512,910.587
131072,32,512,512,910.23
524288,128,512,512,3008.43
524288,32,2048,512,946.582
131072,32,512,512,910.475
131072,32,512,512,910.297
131072,32,512,512,910.914
131072,32,512,512,910.548
524288,128,512,512,3002.8
524288,32,2048,512,955.154
131072,32,512,512,911.403
131072,32,512,512,911.003
131072,32,512,512,910.382
131072,32,512,512,910.103
524288,128,512,512,3010.52
524288,32,2048,512,950.136
131072,32,512,512,910.631
131072,32,512,512,910.52
131072,32,512,512,990.362
131072,32,512,512,991.256
524288,128,512,512,3281.59
524288,32,2048,512,1026.5
131072,32,512,512,991.469
131072,32,512,512,991.483
131072,32,512,512,990.402
131072,32,512,512,991.289
524288,128,512,512,3284.87
524288,32,2048,512,1027.4
131072,32,512,512,989.843
131072,32,512,512,991.793
131072,32,512,512,987.757
131072,32,512,512,905.801
8521728,2080,512,512,4269.03
104857,32,512,512,785.72
104857,32,512,512,796.096
104857,32,512,512,795.958
104857,32,512,512,798.563
419430,128,512,512,2638.5
419430,32,2048,512,825.542
104857,32,512,512,797.955
104857,32,512,512,797.326
104857,32,512,512,798.432
104857,32,512,512,800.357
104857,32,512,512,797.314
104857,32,512,512,797.542
104857,32,512,512,797.788
104857,32,512,512,799.756
419430,128,512,512,2549.98
419430,32,2048,512,753.39
104857,32,512,512,728.388
104857,32,512,512,727.81
104857,32,512,512,728.162
104857,32,512,512,729.231
104857,32,512,512,727.319
104856,32,512,512,728.489
104857,32,512,512,717.546
104857,32,512,512,723.747
419430,128,512,512,2400.66
419430,32,2048,512,753.33
104857,32,512,512,727.909
104857,32,512,512,724.878
104857,32,512,512,727.927
104857,32,512,512,727.693
104857,32,512,512,728.116
104857,32,512,512,728.882
104857,32,512,512,728.728
104857,32,512,512,731.525
419429,128,512,512,2404.07
419429,32,2048,512,752.229
104857,32,512,512,728.158
104857,32,512,512,728.603
104857,32,512,512,728.72
104857,32,512,512,799.415
104857,32,512,512,797.21
104857,32,512,512,798.599
104857,32,512,512,797.929
104857,32,512,512,802.947
419430,128,512,512,2639.65
419430,32,2048,512,825.254
104857,32,512,512,798.373
104857,32,512,512,797.783
104857,32,512,512,798.253
104857,32,512,512,798.96
104857,32,512,512,798.618
104857,32,512,512,797.365
104857,32,512,512,796.712
104857,32,512,512,807.301
419430,128,512,512,2640.34
419430,32,2048,512,752.517
104857,32,512,512,729.094
104857,32,512,512,728.784
104857,32,512,512,728.852
104857,32,512,512,728.61
419430,128,512,512,2421.06
419430,32,2048,512,758.443
104857,32,512,512,729.096
104857,32,512,512,729.324
104857,32,512,512,728.872
104857,32,512,512,729.976
419430,128,512,512,2412.94
419430,32,2048,512,765.759
104857,32,512,512,729.519
104857,32,512,512,730.386
104857,32,512,512,728.86
104857,32,512,512,728.213
419430,128,512,512,2409.58
419430,32,2048,512,766.294
104857,32,512,512,729.085
104857,32,512,512,728.556
104857,32,512,512,730.264
104857,32,512,512,763.21
419430,128,512,512,2527.51
419430,32,2048,512,794.817
104857,32,512,512,762.404
104857,32,512,512,762.997
104857,32,512,512,763.274
104857,32,512,512,798.033
419429,128,512,512,2638.68
419430,32,2048,512,833.699
104857,32,512,512,798.335
104857,32,512,512,797.468
104857,32,512,512,798.084
104857,32,512,512,796.96
419430,128,512,512,2639.86
419430,32,2048,512,824.32
104857,32,512,512,798.274
104857,32,512,512,798.599
104857,32,512,512,797.654
104857,32,512,512,722.296
6817381,2080,512,512,3411.16
78643,32,512,512,546.528
78642,32,512,512,600.155
78643,32,512,512,599.218
78643,32,512,512,599.199
314572,128,512,512,1984.85
314572,32,2048,512,620.581
78643,32,512,512,599.421
78643,32,512,512,599.708
78643,32,512,512,599.363
78643,32,512,512,604.48
78643,32,512,512,599.626
78643,32,512,512,601.094
78643,32,512,512,599.445
78643,32,512,512,602.893
314572,128,512,512,1789.63
314571,32,2048,512,566.221
78643,32,512,512,546.796
78643,32,512,512,546.957
78643,32,512,512,546.745
78643,32,512,512,549.682
78643,32,512,512,548.396
78643,32,512,512,548.262
78643,32,512,512,548.73
78643,32,512,512,532.463
314572,128,512,512,1809.68
314572,32,2048,512,568.028
78643,32,512,512,546.578
78643,32,512,512,548.102
78643,32,512,512,547.366
78643,32,512,512,546.795
78643,32,512,512,552.407
78643,32,512,512,547.391
78643,32,512,512,549.404
78643,32,512,512,557.811
314572,128,512,512,1808.79
314572,32,2048,512,568.967
78643,32,512,512,547.597
78643,32,512,512,546.738
78643,32,512,512,547.505
78643,32,512,512,549.562
78643,32,512,512,548.732
78643,32,512,512,546.834
78643,32,512,512,547.127
78643,32,512,512,557.373
314572,128,512,512,1812.91
314572,32,2048,512,565.142
78643,32,512,512,548.477
78643,32,512,512,548.465
78643,32,512,512,546.961
78643,32,512,512,546.841
78643,32,512,512,549.274
78643,32,512,512,548.258
78643,32,512,512,547.818
78643,32,512,512,562.445
314572,128,512,512,1814.54
314572,32,2048,512,562.497
78643,32,512,512,545.792
78643,32,512,512,547.013
78643,32,512,512,547.731
78643,32,512,512,546.739
314572,128,512,512,1821.27
314572,32,2048,512,571.335
78643,32,512,512,544.956
78643,32,512,512,546.822
78643,32,512,512,547.602
78643,32,512,512,547.828
314572,128,512,512,1821.29
314572,32,2048,512,574.294
78643,32,512,512,546.932
78643,32,512,512,546.542
78643,32,512,512,548.604
78643,32,512,512,548.617
314572,128,512,512,1818.05
314572,32,2048,512,582.067
78643,32,512,512,548.243
78643,32,512,512,547.296
78643,32,512,512,586.556
78643,32,512,512,590.73
314572,128,512,512,1942.21
314571,32,2048,512,612.975
78643,32,512,512,584.495
78643,32,512,512,586.638
78643,32,512,512,585.447
78643,32,512,512,590.658
314572,128,512,512,1953.05
314572,32,2048,512,611.153
78643,32,512,512,588.37
78643,32,512,512,588.532
78643,32,512,512,588.268
78643,32,512,512,591.35
314572,128,512,512,1953.52
314572,32,2048,512,566.34
78643,32,512,512,546.975
78643,32,512,512,547.679
78643,32,512,512,548.617
78643,32,512,512,551.825
5113037,2080,512,512,2712.32
52428,32,512,512,405.77
52428,32,512,512,404.021
52428,32,512,512,407.382
52428,32,512,512,410.338
209715,128,512,512,1355.37
209715,32,2048,512,421.661
52428,32,512,512,404.17
52428,32,512,512,400.973
52428,32,512,512,406.775
52428,32,512,512,410.971
52428,32,512,512,411.041
52428,32,512,512,414.966
52428,32,512,512,408.085
52428,32,512,512,411.626
209715,128,512,512,1357.8
209715,32,2048,512,385.884
52428,32,512,512,367.132
52428,32,512,512,378.555
52428,32,512,512,367.934
52428,32,512,512,370.675
52428,32,512,512,375.086
52428,32,512,512,375.286
52428,32,512,512,373.836
52428,32,512,512,374.67
209715,128,512,512,1237.34
209715,32,2048,512,386.896
52428,32,512,512,374.43
52428,32,512,512,382.504
52428,32,512,512,396.942
52428,32,512,512,395.073
52428,32,512,512,407.004
52428,32,512,512,396.567
52428,32,512,512,403.121
52428,32,512,512,406.32
209715,128,512,512,1319.48
209715,32,2048,512,413.196
52428,32,512,512,402.131
52428,32,512,512,400.131
52428,32,512,512,396.123
52428,32,512,512,402.679
52428,32,512,512,403.269
52428,32,512,512,402.037
52428,32,512,512,403.799
52428,32,512,512,410.093
209715,128,512,512,1241.86
209715,32,2048,512,382.773
52428,32,512,512,372.651
52428,32,512,512,372.617
52428,32,512,512,375.204
52428,32,512,512,369.427
52428,32,512,512,378.691
52428,32,512,512,367.752
52428,32,512,512,378.087
52428,32,512,512,385.687
209715,128,512,512,1245.72
209715,32,2048,512,379.549
52428,32,512,512,381.036
52428,32,512,512,372.349
52428,32,512,512,381.788
52428,32,512,512,372.107
209715,128,512,512,1249.86
209715,32,2048,512,387.722
52428,32,512,512,377.848
52428,32,512,512,368.585
52428,32,512,512,432.858
52428,32,512,512,391.468
209715,128,512,512,1328.61
209715,32,2048,512,420.12
52428,32,512,512,402.856
52428,32,512,512,397.201
52428,32,512,512,400.005
52428,32,512,512,403.665
209715,128,512,512,1319.26
209715,32,2048,512,418.662
52428,32,512,512,398.455
52428,32,512,512,396.436
52428,32,512,512,373.971
52428,32,512,512,378.924
209715,128,512,512,1218.93
209715,32,2048,512,388.381
52428,32,512,512,372.782
52428,32,512,512,367.989
52428,32,512,512,372.052
52428,32,512,512,378.365
209715,128,512,512,1224.4
209715,32,2048,512,388.61
52428,32,512,512,377.709
52428,32,512,512,371.858
52428,32,512,512,384.334
52428,32,512,512,391.478
209715,128,512,512,1269.74
209715,32,2048,512,398.415
52428,32,512,512,383.922
52428,32,512,512,373.039
52428,32,512,512,377.999
52428,32,512,512,387.114
3408691,2080,512,512,1785.81
26214,32,512,512,232.512
26214,32,512,512,210.82
26214,32,512,512,221.429
26214,32,512,512,236.906
104857,128,512,512,743.399
104857,32,2048,512,239.739
26214,32,512,512,235.408
26214,32,512,512,207.307
26214,32,512,512,233.294
26214,32,512,512,238.87
26214,32,512,512,232.32
26214,32,512,512,225.51
26214,32,512,512,239.345
26214,32,512,512,239.785
104857,128,512,512,753.554
104857,32,2048,512,251.039
26214,32,512,512,216.05
26214,32,512,512,235.555
26214,32,512,512,195.129
26214,32,512,512,207.964
26214,32,512,512,210.533
26214,32,512,512,212.584
26214,32,512,512,223.46
26214,32,512,512,214.597
104857,128,512,512,700.932
104857,32,2048,512,233.498
26214,32,512,512,210.423
26214,32,512,512,228.568
26214,32,512,512,207.614
26214,32,512,512,196.129
26214,32,512,512,223.321
26214,32,512,512,213.918
26214,32,512,512,203.48
26214,32,512,512,222.397
104857,128,512,512,688.719
104857,32,2048,512,222.869
26214,32,512,512,220.986
26214,32,512,512,216.373
26214,32,512,512,222.859
26214,32,512,512,193.19
26214,32,512,512,231.358
26214,32,512,512,212.6
26214,32,512,512,233.17
26214,32,512,512,227.479
104857,128,512,512,707.073
104857,32,2048,512,231.101
26214,32,512,512,218.174
26214,32,512,512,203.92
26214,32,512,512,224.191
26214,32,512,512,208.16
26214,32,512,512,234.877
26214,32,512,512,212.768
26214,32,512,512,228.499
26214,32,512,512,225.66
104857,128,512,512,725.716
104857,32,2048,512,208.169
26214,32,512,512,234.683
26214,32,512,512,206.058
26214,32,512,512,231.251
26214,32,512,512,234.215
104857,128,512,512,767.436
104857,32,2048,512,230.417
26214,32,512,512,214.873
26214,32,512,512,217.944
26214,32,512,512,267.223
26214,32,512,512,214.402
104857,128,512,512,787.56
104857,32,2048,512,240.614
26214,32,512,512,238.3
26214,32,512,512,223.274
26214,32,512,512,239.473
26214,32,512,512,249.994
104857,128,512,512,712.819
104857,32,2048,512,248.004
26214,32,512,512,238.517
26214,32,512,512,227.264
26214,32,512,512,238.865
26214,32,512,512,237.325
104857,128,512,512,641.391
104857,32,2048,512,217.262
26214,32,512,512,220.636
26214,32,512,512,207.834
26214,32,512,512,216.336
26214,32,512,512,242.555
104857,128,512,512,703.48
104857,32,2048,512,228.195
26214,32,512,512,238.701
26214,32,512,512,221.308
26214,32,512,512,230.477
26214,32,512,512,245.289
104857,128,512,512,734.62
104857,32,2048,512,227.525
26214,32,512,512,250.39
26214,32,512,512,208.365
26214,32,512,512,245.455
26214,32,512,512,228.799
1704346,2080,512,512,1115.53
13107,32,512,512,155.281
13107,32,512,512,114.1
13107,32,512,512,143.679
13107,32,512,512,147.485
52428,128,512,512,432.054
52428,32,2048,512,153.659
13107,32,512,512,143.672
13107,32,512,512,118.378
13107,32,512,512,148.94
13107,32,512,512,146.647
13107,32,512,512,160.66
13107,32,512,512,136.978
13107,32,512,512,150.785
13107,32,512,512,143.963
52428,128,512,512,445.412
52428,32,2048,512,166.707
13107,32,512,512,151.267
13107,32,512,512,139.171
13107,32,512,512,147.455
13107,32,512,512,149.01
13107,32,512,512,176.533
13107,32,512,512,142.147
13107,32,512,512,151.751
13107,32,512,512,140.807
52428,128,512,512,408.368
52428,32,2048,512,148.683
13107,32,512,512,125.218
13107,32,512,512,147.632
13107,32,512,512,125.12
13107,32,512,512,115.701
13107,32,512,512,155.666
13107,32,512,512,135.826
13107,32,512,512,153.721
13107,32,512,512,162.824
52428,128,512,512,351.608
52427,32,2048,512,135.48
13107,32,512,512,158.371
13107,32,512,512,143.369
13107,32,512,512,158.386
13107,32,512,512,143.988
13107,32,512,512,163.422
13107,32,512,512,139.458
13107,32,512,512,163.579
13107,32,512,512,165.947
52428,128,512,512,408.489
52428,32,2048,512,155.258
13107,32,512,512,161.261
13107,32,512,512,114.275
13107,32,512,512,166.417
13107,32,512,512,160.744
13107,32,512,512,167.845
13107,32,512,512,139.56
13107,32,512,512,166.582
13107,32,512,512,176.772
52428,128,512,512,475.198
52428,32,2048,512,110.483
13107,32,512,512,158.436
13107,32,512,512,102.858
13107,32,512,512,168.86
13107,32,512,512,168.124
52428,128,512,512,473.852
52428,32,2048,512,147.322
13107,32,512,512,127.814
13107,32,512,512,121.851
13107,32,512,512,145.479
13107,32,512,512,102.04
52428,128,512,512,370.436
52427,32,2048,512,145.659
13107,32,512,512,150.018
13107,32,512,512,117.943
13107,32,512,512,150.102
13107,32,512,512,161.025
52427,128,512,512,348.513
52428,32,2048,512,149.753
13107,32,512,512,154.506
13107,32,512,512,112.768
13107,32,512,512,156.556
13107,32,512,512,165.341
52428,128,512,512,343.116
52428,32,2048,512,142.667
13107,32,512,512,130.851
13107,32,512,512,116.983
13107,32,512,512,124.65
13107,32,512,512,152.118
52428,128,512,512,362.272
52428,32,2048,512,140.733
13107,32,512,512,143.633
13107,32,512,512,110.374
13107,32,512,512,137.829
13107,32,512,512,154.579
52428,128,512,512,375.286
52428,32,2048,512,116.583
13107,32,512,512,139.559
13107,32,512,512,97.6182
13107,32,512,512,126.835
13107,32,512,512,158.762
852171,2080,512,512,847.229
5242,32,512,512,106.212
5242,32,512,512,47.8925
5242,32,512,512,91.8888
5242,32,512,512,108.87
20971,128,512,512,254.7
20971,32,2048,512,116.137
5242,32,512,512,103.348
5242,32,512,512,63.0785
5242,32,512,512,103.247
5242,32,512,512,116.299
5242,32,512,512,94.6396
5242,32,512,512,77.7176
5242,32,512,512,91.2063
5242,32,512,512,96.4468
20971,128,512,512,262.574
20971,32,2048,512,123.832
5242,32,512,512,87.3699
5242,32,512,512,88.0587
5242,32,512,512,86.0438
5242,32,512,512,112.944
5242,32,512,512,141.087
5242,32,512,512,89.3567
5242,32,512,512,128.313
5242,32,512,512,118.564
20971,128,512,512,222.663
20971,32,2048,512,109.586
5242,32,512,512,115.308
5242,32,512,512,113.084
5242,32,512,512,115.696
5242,32,512,512,96.4767
5242,32,512,512,122.797
5242,32,512,512,101.491
5242,32,512,512,116.872
5242,32,512,512,108.767
20971,128,512,512,191.791
20971,32,2048,512,88.1724
5242,32,512,512,114.28
5242,32,512,512,90.3569
5242,32,512,512,121.159
5242,32,512,512,108.507
5242,32,512,512,132.586
5242,32,512,512,88.4123
5242,32,512,512,121.468
5242,32,512,512,132.072
20971,128,512,512,237.028
20971,32,2048,512,93.9106
5242,32,512,512,126.318
5242,32,512,512,65.4103
5242,32,512,512,127.242
5242,32,512,512,127.381
5242,32,512,512,136.081
5242,32,512,512,78.051
5242,32,512,512,127.3
5242,32,512,512,137.235
20971,128,512,512,290.583
20971,32,2048,512,75.9168
5242,32,512,512,131.873
5242,32,512,512,48.2721
5242,32,512,512,127.955
5242,32,512,512,108.919
20971,128,512,512,373.067
20971,32,2048,512,120.659
5242,32,512,512,80.1438
5242,32,512,512,78.4386
5242,32,512,512,124.586
5242,32,512,512,45.3269
20971,128,512,512,192.404
20971,32,2048,512,116.68
5242,32,512,512,108.546
5242,32,512,512,66.3894
5242,32,512,512,103.251
5242,32,512,512,121.038
20971,128,512,512,179.531
20971,32,2048,512,121.389
5242,32,512,512,108.807
5242,32,512,512,72.0609
5242,32,512,512,96.6669
5242,32,512,512,117.328
20971,128,512,512,158.848
20971,32,2048,512,103.233
5242,32,512,512,106.525
5242,32,512,512,60.7748
5242,32,512,512,101.266
5242,32,512,512,109.253
20970,128,512,512,148.933
20971,32,2048,512,94.2779
5242,32,512,512,108.626
5242,32,512,512,64.4258
5242,32,512,512,89.9924
5242,32,512,512,117.921
20971,128,512,512,164.698
20971,32,2048,512,72.2653
5242,32,512,512,106.175
5242,32,512,512,47.7064
5242,32,512,512,94.2721
5242,32,512,512,114.996
340867,2080,512,512,680.78
131072,32,512,512,901.516
131072,32,512,512,908.359
131072,32,512,512,909.298
131072,32,512,512,909.089
524288,128,512,512,3011.58
524288,32,2048,512,933.123
131072,32,512,512,901.727
131072,32,512,512,908.554
131072,32,512,512,909.545
131072,32,512,512,909.17
131072,32,512,512,910.57
131072,32,512,512,910.498
131072,32,512,512,910.479
131072,32,512,512,910.572
524288,128,512,512,3006.5
524288,32,2048,512,940.123
131072,32,512,512,910.455
131072,32,512,512,910.382
131072,32,512,512,946.247
131072,32,512,512,998.364
131072,32,512,512,998.226
131072,32,512,512,997.395
131072,32,512,512,996.199
131072,32,512,512,964.658
524288,128,512,512,3266.16
524288,32,2048,512,1028.8
131072,32,512,512,992.427
131072,32,512,512,991.995
131072,32,512,512,990.959
131072,32,512,512,988.898
131072,32,512,512,899.759
131072,32,512,512,901.899
131072,32,512,512,908.449
131072,32,512,512,909.198
524288,128,512,512,3011.89
524288,32,2048,512,940.05
131072,32,512,512,910.008
131072,32,512,512,910.574
131072,32,512,512,910.797
131072,32,512,512,910.54
131072,32,512,512,910.544
131072,32,512,512,911.066
131072,32,512,512,910.178
131072,32,512,512,910.487
524288,128,512,512,3010.95
524288,32,2048,512,939.765
131072,32,512,512,907.865
131072,32,512,512,908.985
131072,32,512,512,909.468
131072,32,512,512,911.046
131072,32,512,512,910.218
131072,32,512,512,910.346
131072,32,512,512,910.368
131072,32,512,512,910.498
524288,128,512,512,3010.4
524288,32,2048,512,939.882
131072,32,512,512,906.915
131072,32,512,512,909.292
131072,32,512,512,909.494
131072,32,512,512,910.613
524288,128,512,512,3011.5
524288,32,2048,512,939.93
131072,32,512,512,909.637
131072,32,512,512,910.896
131072,32,512,512,907.233
131072,32,512,512,909.113
524288,128,512,512,3008.51
524288,32,2048,512,940.283
131072,32,512,512,910.271
131072,32,512,512,910.696
131072,32,512,512,996.561
131072,32,512,512,996.106
524288,128,512,512,3297.66
524288,32,2048,512,1029.29
131072,32,512,512,994.873
131072,32,512,512,996.106
131072,32,512,512,995.65
131072,32,512,512,997.194
524288,128,512,512,3296.98
524288,32,2048,512,1030.17
131072,32,512,512,997.732
131072,32,512,512,997.272
131072,32,512,512,996.414
131072,32,512,512,996.712
524288,128,512,512,3290.8
524288,32,2048,512,1030.48
131072,32,512,512,998.15
131072,32,512,512,996.983
131072,32,512,512,997.905
131072,32,512,512,997.63
524288,128,512,512,3299.75
524288,32,2048,512,1030.45
131072,32,512,512,997.165
131072,32,512,512,996.964
131072,32,512,512,997.848
131072,32,512,512,996.53
8521728,2080,512,512,4236.9
104857,32,512,512,784.673
104857,32,512,512,787.708
104857,32,512,512,795.665
104857,32,512,512,796.451
419430,128,512,512,2631.94
419430,32,2048,512,822.794
104857,32,512,512,795.07
104857,32,512,512,795.539
104857,32,512,512,796.234
104857,32,512,512,796.02
104857,32,512,512,774.227
104857,32,512,512,721.941
104857,32,512,512,727.961
104857,32,512,512,728.025
419430,128,512,512,2407.37
419431,32,2048,512,747.727
104857,32,512,512,723.123
104857,32,512,512,727.638
104857,32,512,512,727.513
104857,32,512,512,728.899
104857,32,512,512,728.613
104857,32,512,512,728.203
104857,32,512,512,728.128
104857,32,512,512,728.773
419430,128,512,512,2403.1
419430,32,2048,512,751.875
104857,32,512,512,728.153
104857,32,512,512,727.911
104857,32,512,512,728.238
104857,32,512,512,728.327
104857,32,512,512,728.651
104857,32,512,512,727.849
104857,32,512,512,728.178
104857,32,512,512,728.096
419430,128,512,512,2409.16
419430,32,2048,512,752.401
104857,32,512,512,728.303
104857,32,512,512,728.717
104857,32,512,512,733.559
104857,32,512,512,795.396
104857,32,512,512,796.336
104857,32,512,512,796.156
104857,32,512,512,794.202
104857,32,512,512,794.866
419430,128,512,512,2634
419430,32,2048,512,824.966
104857,32,512,512,797.074
104857,32,512,512,796.003
104857,32,512,512,797.322
104857,32,512,512,796.024
104857,32,512,512,796.64
104857,32,512,512,797.077
104857,32,512,512,798.012
104857,32,512,512,774.577
419430,128,512,512,2405.37
419430,32,2048,512,752.22
104857,32,512,512,728.037
104857,32,512,512,728.262
104857,32,512,512,728.466
104857,32,512,512,728.167
419430,128,512,512,2406.9
419430,32,2048,512,752.203
104857,32,512,512,728.052
104857,32,512,512,728.297
104857,32,512,512,792.57
104857,32,512,512,792.323
419430,128,512,512,2624.86
419430,32,2048,512,819.618
104857,32,512,512,792.506
104857,32,512,512,793.006
104857,32,512,512,793.344
104857,32,512,512,793.252
419430,128,512,512,2626.89
419430,32,2048,512,819.12
104857,32,512,512,793.7
104857,32,512,512,792.515
104857,32,512,512,797.532
104857,32,512,512,797.426
419430,128,512,512,2633.2
419430,32,2048,512,824.906
104857,32,512,512,797.678
104857,32,512,512,796.311
104857,32,512,512,796.916
104857,32,512,512,796.44
419430,128,512,512,2630.48
419430,32,2048,512,824.956
104857,32,512,512,796.351
104857,32,512,512,796.865
104857,32,512,512,795.716
104857,32,512,512,796.926
419430,128,512,512,2494.29
419430,32,2048,512,750.353
104857,32,512,512,726.689
104857,32,512,512,725.495
104857,32,512,512,740.443
104857,32,512,512,797.041
6817382,2080,512,512,3513.76
78643,32,512,512,599.177
78643,32,512,512,599.723
78643,32,512,512,600.64
78643,32,512,512,599.008
314572,128,512,512,1985.69
314572,32,2048,512,622.805
78643,32,512,512,601.889
78643,32,512,512,599.087
78643,32,512,512,599.873
78643,32,512,512,600.238
78643,32,512,512,601.505
78643,32,512,512,600.515
78643,32,512,512,602.345
78643,32,512,512,602.795
314572,128,512,512,1984.03
314572,32,2048,512,564.507
78643,32,512,512,549.545
78643,32,512,512,548.561
78643,32,512,512,547.198
78643,32,512,512,546.018
78643,32,512,512,547.442
78643,32,512,512,547.249
78643,32,512,512,547.014
78643,32,512,512,546.972
314572,128,512,512,1805.25
314572,32,2048,512,567.377
78643,32,512,512,531.981
78643,32,512,512,541.99
78643,32,512,512,546.079
78643,32,512,512,547.355
78643,32,512,512,545.553
78643,32,512,512,548.253
78643,32,512,512,547.611
78643,32,512,512,548.386
314572,128,512,512,1803.13
314572,32,2048,512,566.521
78643,32,512,512,547.426
78643,32,512,512,548.391
78643,32,512,512,546.954
78643,32,512,512,600.866
78643,32,512,512,601.102
78643,32,512,512,599.364
78643,32,512,512,600.48
78643,32,512,512,599.855
314572,128,512,512,1980.5
314572,32,2048,512,622.514
78643,32,512,512,601.689
78643,32,512,512,599.569
78643,32,512,512,600.509
78643,32,512,512,600.578
78643,32,512,512,600.488
78643,32,512,512,598.592
78643,32,512,512,599.693
78643,32,512,512,600.417
314572,128,512,512,1788.97
314572,32,2048,512,566.874
78643,32,512,512,548.146
78643,32,512,512,546.49
78643,32,512,512,547.445
78643,32,512,512,548.044
314572,128,512,512,1812.75
314572,32,2048,512,564.061
78643,32,512,512,543.276
78643,32,512,512,548.124
78643,32,512,512,546.146
78643,32,512,512,547.398
314572,128,512,512,1813.06
314572,32,2048,512,566.586
78643,32,512,512,547.978
78643,32,512,512,547.476
78643,32,512,512,547.988
78643,32,512,512,547.611
314572,128,512,512,1815.23
314572,32,2048,512,566.883
78643,32,512,512,547.998
78643,32,512,512,546.846
78643,32,512,512,547.436
78643,32,512,512,549.126
314572,128,512,512,1813.84
314572,32,2048,512,568.124
78643,32,512,512,548.927
78643,32,512,512,548.398
78643,32,512,512,592.445
78643,32,512,512,591.546
314572,128,512,512,1955.63
314572,32,2048,512,613.129
78643,32,512,512,593.076
78643,32,512,512,592.538
78643,32,512,512,592.718
78643,32,512,512,591.592
314572,128,512,512,1962.14
314572,32,2048,512,614.076
78643,32,512,512,593.23
78643,32,512,512,547.633
78643,32,512,512,546.913
78643,32,512,512,547.046
5113038,2080,512,512,2567.27
52428,32,512,512,419.605
52428,32,512,512,416.704
52428,32,512,512,416.274
52428,32,512,512,418.224
209715,128,512,512,1375.37
209715,32,2048,512,426.951
52428,32,512,512,411.699
52428,32,512,512,417.108
52428,32,512,512,413.25
52428,32,512,512,414.247
52428,32,512,512,418.312
52428,32,512,512,409.519
52428,32,512,512,412.908
52428,32,512,512,413.661
209715,128,512,512,1246.3
209715,32,2048,512,387.961
52428,32,512,512,378.228
52428,32,512,512,381.114
52428,32,512,512,379.008
52428,32,512,512,377.747
52428,32,512,512,371.825
52428,32,512,512,378.427
52428,32,512,512,377.912
52428,32,512,512,381.323
209715,128,512,512,1250.6
209715,32,2048,512,390.277
52428,32,512,512,378.84
52428,32,512,512,378.422
52428,32,512,512,377.148
52428,32,512,512,377.882
52428,32,512,512,380.227
52428,32,512,512,379.622
52428,32,512,512,381.092
52428,32,512,512,380.844
209715,128,512,512,1252.48
209715,32,2048,512,389.031
52428,32,512,512,380.485
52428,32,512,512,378.579
52428,32,512,512,377.501
52428,32,512,512,378.42
52428,32,512,512,378.077
52428,32,512,512,377.183
52428,32,512,512,378.161
52428,32,512,512,378.74
209715,128,512,512,1249.91
209715,32,2048,512,389.575
52428,32,512,512,378.266
52428,32,512,512,381.623
52428,32,512,512,377.998
52428,32,512,512,401.908
52428,32,512,512,400.468
52428,32,512,512,404.096
52428,32,512,512,404.667
52428,32,512,512,401.753
209715,128,512,512,1330.37
209715,32,2048,512,412.885
52428,32,512,512,399.372
52428,32,512,512,400.515
52428,32,512,512,400.969
52428,32,512,512,401.935
209716,128,512,512,1325.87
209715,32,2048,512,413.555
52428,32,512,512,401.08
52428,32,512,512,401.671
52428,32,512,512,382.178
52428,32,512,512,379.46
209715,128,512,512,1248.75
209715,32,2048,512,389.536
52428,32,512,512,382.155
52428,32,512,512,381.703
52428,32,512,512,378.864
52428,32,512,512,379.268
209715,128,512,512,1221.19
209715,32,2048,512,387.149
52428,32,512,512,378.699
52428,32,512,512,378.749
52428,32,512,512,374.428
52428,32,512,512,382.865
209715,128,512,512,1257.59
209715,32,2048,512,389.713
52428,32,512,512,379.56
52428,32,512,512,377.504
52428,32,512,512,377.599
52428,32,512,512,381.275
209715,128,512,512,1246.89
209715,32,2048,512,390.414
52428,32,512,512,378.162
52429,32,512,512,375.632
52428,32,512,512,376.325
52428,32,512,512,414.763
209715,128,512,512,1365.71
209715,32,2048,512,425.583
52428,32,512,512,417.03
52428,32,512,512,414.108
52428,32,512,512,413.258
52428,32,512,512,410.446
3408692,2080,512,512,1804.19
26214,32,512,512,253.457
26214,32,512,512,245.296
26214,32,512,512,253.026
26214,32,512,512,252.93
104857,128,512,512,835.745
104857,32,2048,512,258.429
26214,32,512,512,250.316
26214,32,512,512,249.248
26214,32,512,512,252.801
26214,32,512,512,245.229
26214,32,512,512,255.43
26214,32,512,512,253.068
26214,32,512,512,252.846
26214,32,512,512,252.893
104857,128,512,512,801.43
104857,32,2048,512,233.89
26214,32,512,512,223.638
26214,32,512,512,229.975
26214,32,512,512,230.967
26214,32,512,512,230.115
26214,32,512,512,228.157
26214,32,512,512,227.963
26214,32,512,512,229.836
26214,32,512,512,221.158
104857,128,512,512,749.732
104857,32,2048,512,232.786
26214,32,512,512,229.494
26214,32,512,512,226.709
26214,32,512,512,229.605
26214,32,512,512,229.541
26214,32,512,512,229.049
26214,32,512,512,227.791
26214,32,512,512,221.36
26214,32,512,512,230.619
104857,128,512,512,751.513
104857,32,2048,512,235.134
26214,32,512,512,228.111
26214,32,512,512,222.103
26214,32,512,512,226.437
26214,32,512,512,228.599
26214,32,512,512,228.519
26214,32,512,512,225.279
26214,32,512,512,226.374
26214,32,512,512,231.476
104857,128,512,512,769.606
104857,32,2048,512,235.327
26214,32,512,512,229.031
26214,32,512,512,229.004
26214,32,512,512,226.398
26214,32,512,512,231.346
26214,32,512,512,223.555
26214,32,512,512,229.712
26214,32,512,512,228.271
26214,32,512,512,225.904
104857,128,512,512,775.812
104857,32,2048,512,235.606
26214,32,512,512,227.917
26214,32,512,512,230.259
26214,32,512,512,232.412
26214,32,512,512,223.637
104857,128,512,512,748.684
104857,32,2048,512,234.932
26214,32,512,512,234.033
26214,32,512,512,233.283
26214,32,512,512,230.417
26214,32,512,512,234.934
104857,128,512,512,758.556
104857,32,2048,512,234.876
26214,32,512,512,224.407
26214,32,512,512,231.333
26214,32,512,512,233.008
26214,32,512,512,227.88
104857,128,512,512,766.498
104857,32,2048,512,236.66
26214,32,512,512,228.105
26214,32,512,512,230.605
26214,32,512,512,230.857
26214,32,512,512,230.152
104857,128,512,512,765.259
104857,32,2048,512,235.603
26214,32,512,512,233.154
26214,32,512,512,228.446
26214,32,512,512,225.642
26214,32,512,512,225.779
104857,128,512,512,775.211
104857,32,2048,512,234.901
26214,32,512,512,230.288
26214,32,512,512,229.861
26214,32,512,512,223.314
26214,32,512,512,240.294
104857,128,512,512,784.476
104857,32,2048,512,243.352
26214,32,512,512,232.669
26214,32,512,512,234.651
26214,32,512,512,238.091
26214,32,512,512,237.769
1704346,2080,512,512,1130.33
13107,32,512,512,174.114
13107,32,512,512,179.627
13107,32,512,512,181.595
13107,32,512,512,182.484
52428,128,512,512,605.633
52428,32,2048,512,186.132
13107,32,512,512,179.901
13107,32,512,512,178.698
13107,32,512,512,185.03
13107,32,512,512,181.896
13107,32,512,512,176.66
13107,32,512,512,181.064
13107,32,512,512,181.321
13107,32,512,512,178.835
52428,128,512,512,587.289
52428,32,2048,512,184.757
13107,32,512,512,184.556
13107,32,512,512,173.852
13107,32,512,512,178.64
13107,32,512,512,173.352
13107,32,512,512,176.013
13107,32,512,512,181.458
13107,32,512,512,181.809
13107,32,512,512,162.098
52428,128,512,512,551.268
52428,32,2048,512,171.673
13107,32,512,512,168.598
13107,32,512,512,161.712
13107,32,512,512,165.724
13107,32,512,512,163.133
13107,32,512,512,170.475
13107,32,512,512,166.007
13107,32,512,512,166.356
13107,32,512,512,168.276
52428,128,512,512,540.39
52428,32,2048,512,173.353
13107,32,512,512,168.347
13107,32,512,512,163.439
13107,32,512,512,171.126
13107,32,512,512,161.154
13107,32,512,512,167.867
13107,32,512,512,166.709
13107,32,512,512,158.643
13107,32,512,512,163.162
52428,128,512,512,551.105
52428,32,2048,512,171.233
13107,32,512,512,160.98
13107,32,512,512,161.205
13107,32,512,512,163.759
13107,32,512,512,166.077
13107,32,512,512,158.489
13107,32,512,512,158.153
13107,32,512,512,166.11
13107,32,512,512,163.038
52428,128,512,512,549.36
52428,32,2048,512,169.95
13107,32,512,512,158.484
13107,32,512,512,163.655
13107,32,512,512,162.699
13107,32,512,512,170.522
52428,128,512,512,551.171
52428,32,2048,512,171.911
13107,32,512,512,163.307
13107,32,512,512,168.063
13107,32,512,512,165.653
13107,32,512,512,166.269
52428,128,512,512,534.927
52428,32,2048,512,171.752
13107,32,512,512,167.877
13107,32,512,512,163.455
13107,32,512,512,158.838
13107,32,512,512,163.951
52428,128,512,512,534.443
52428,32,2048,512,170.353
13107,32,512,512,163.687
13107,32,512,512,158.179
13107,32,512,512,156.571
13107,32,512,512,167.729
52428,128,512,512,538.998
52428,32,2048,512,171.329
13107,32,512,512,160.783
13107,32,512,512,160.934
13107,32,512,512,168.42
13107,32,512,512,163.871
52428,128,512,512,549.668
52428,32,2048,512,171.021
13107,32,512,512,165.816
13107,32,512,512,163.772
13107,32,512,512,166.01
13107,32,512,512,168.397
52428,128,512,512,540.437
52428,32,2048,512,168.184
13107,32,512,512,162.991
13107,32,512,512,168.418
13107,32,512,512,168.458
13107,32,512,512,170.387
852173,2080,512,512,834.21
5242,32,512,512,114.45
5242,32,512,512,121.056
5242,32,512,512,117.803
5242,32,512,512,117.765
20971,128,512,512,428.707
20971,32,2048,512,146.285
5242,32,512,512,140.067
5242,32,512,512,122.009
5242,32,512,512,135.734
5242,32,512,512,131.796
5242,32,512,512,135.984
5242,32,512,512,135.816
5242,32,512,512,128.461
5242,32,512,512,136.118
20971,128,512,512,439.46
20971,32,2048,512,144.564
5242,32,512,512,136.099
5242,32,512,512,129.776
5242,32,512,512,131.373
5242,32,512,512,139.794
5242,32,512,512,135.23
5242,32,512,512,132.804
5242,32,512,512,119.164
5242,32,512,512,133.226
20971,128,512,512,421.07
20971,32,2048,512,151.473
5242,32,512,512,136.735
5242,32,512,512,140.046
5242,32,512,512,144.252
5242,32,512,512,144.042
5242,32,512,512,136.225
5242,32,512,512,117.493
5242,32,512,512,117.799
5242,32,512,512,127.959
20971,128,512,512,411.996
20971,32,2048,512,132.254
5242,32,512,512,121.366
5242,32,512,512,117.683
5242,32,512,512,117.827
5242,32,512,512,121.456
5242,32,512,512,120.985
5242,32,512,512,124.928
5242,32,512,512,124.661
5242,32,512,512,131.643
20971,128,512,512,377.928
20971,32,2048,512,132.536
5242,32,512,512,120.637
5242,32,512,512,124.528
5242,32,512,512,123.682
5242,32,512,512,124.406
5242,32,512,512,124.465
5242,32,512,512,124.853
5242,32,512,512,121.696
5242,32,512,512,128.155
20971,128,512,512,412.257
20971,32,2048,512,136.195
5242,32,512,512,127.821
5242,32,512,512,127.988
5242,32,512,512,120.449
5242,32,512,512,121.254
20971,128,512,512,421.742
20971,32,2048,512,135
5242,32,512,512,123.938
5242,32,512,512,117.145
5242,32,512,512,120.719
5242,32,512,512,124.736
20971,128,512,512,403.963
20971,32,2048,512,128.115
5242,32,512,512,127.711
5242,32,512,512,117.333
5242,32,512,512,131.598
5242,32,512,512,128.497
20971,128,512,512,401.323
20971,32,2048,512,138.368
5242,32,512,512,124.72
5242,32,512,512,124.237
5242,32,512,512,121.031
5242,32,512,512,121.363
20971,128,512,512,389.355
20971,32,2048,512,131.899
5242,32,512,512,114.45
5242,32,512,512,123.506
5242,32,512,512,117.499
5242,32,512,512,128.192
20971,128,512,512,430.768
20971,32,2048,512,130.842
5242,32,512,512,131.81
5242,32,512,512,124.618
5242,32,512,512,121.495
5242,32,512,512,124.696
20971,128,512,512,401.158
20971,32,2048,512,135.457
5242,32,512,512,124.189
5242,32,512,512,117.891
5242,32,512,512,131.606
5242,32,512,512,128.401
340868,2080,512,512,704.078
144656,32,512,512,1004.98
145219,32,512,512,1008.78
143086,32,512,512,994.442
134140,32,512,512,932.604
617373,128,512,512,3543.82
511909,32,2048,512,917.656
152784,32,512,512,1061.74
177501,32,512,512,1233.54
138819,32,512,512,964.546
175788,32,512,512,1222.56
148318,32,512,512,1030.37
146820,32,512,512,1020.54
139898,32,512,512,972.482
135158,32,512,512,939.6
605239,128,512,512,3472.26
498916,32,2048,512,894.186
135302,32,512,512,939.843
167130,32,512,512,1160.86
127129,32,512,512,966.577
160282,32,512,512,1217.21
137228,32,512,512,1042.55
141001,32,512,512,1073.06
127709,32,512,512,970.807
127997,32,512,512,973.077
614701,128,512,512,3861.57
495116,32,2048,512,971.543
141404,32,512,512,1074.5
162547,32,512,512,1235.89
133241,32,512,512,1011.73
157924,32,512,512,1200.16
140148,32,512,512,1064.92
155781,32,512,512,1184.83
131610,32,512,512,1000.03
141524,32,512,512,1073.59
622718,128,512,512,3917.04
500156,32,2048,512,896.792
145809,32,512,512,1013.44
161899,32,512,512,1125.11
134961,32,512,512,937.2
157923,32,512,512,1097.2
144846,32,512,512,1006.96
169827,32,512,512,1180.44
137419,32,512,512,954.547
157723,32,512,512,1095.15
638805,128,512,512,3669.8
520728,32,2048,512,933.636
138115,32,512,512,960.409
151839,32,512,512,1055.87
128572,32,512,512,964.848
149774,32,512,512,1140.7
147527,32,512,512,1123.82
166724,32,512,512,1269.43
145068,32,512,512,1104.96
157919,32,512,512,1203.06
662743,128,512,512,4164.68
529525,32,2048,512,1041.77
123866,32,512,512,942.888
147677,32,512,512,1124.71
110753,32,512,512,843.148
145625,32,512,512,1109.08
485342,128,512,512,3048.91
372276,32,2048,512,734.727
137762,32,512,512,1047.47
152588,32,512,512,1052.65
124825,32,512,512,865.529
152847,32,512,512,1060.97
472169,128,512,512,2714.42
364688,32,2048,512,693.33
105892,32,512,512,735.749
152424,32,512,512,1059
96613,32,512,512,671.5
141359,32,512,512,981.842
498329,128,512,512,2865.14
374306,32,2048,512,697.274
111037,32,512,512,771.706
141993,32,512,512,986.488
105115,32,512,512,730.487
131116,32,512,512,911.843
521358,128,512,512,2996.87
382228,32,2048,512,696.017
112897,32,512,512,784.708
135583,32,512,512,941.309
105657,32,512,512,733.707
124591,32,512,512,865.961
524195,128,512,512,3004.71
379576,32,2048,512,691.604
123414,32,512,512,857.157
142424,32,512,512,989.813
114404,32,512,512,794.61
133618,32,512,512,928.154
518126,128,512,512,2966.82
360766,32,2048,512,651.178
127963,32,512,512,889.502
137811,32,512,512,957.554
119801,32,512,512,832.336
131226,32,512,512,911.721
8449349,2080,512,512,4048.48
110054,32,512,512,835.858
100849,32,512,512,795.099
69340,32,512,512,530.296
69926,32,512,512,534.175
520881,128,512,512,3266.98
420270,32,2048,512,827.186
176573,32,512,512,1341.7
164906,32,512,512,1252.51
119346,32,512,512,905.467
163179,32,512,512,1241.1
131179,32,512,512,996.486
106332,32,512,512,809.332
80702,32,512,512,613.756
75910,32,512,512,578.65
434108,128,512,512,2494.12
364167,32,2048,512,654.836
115824,32,512,512,803.972
118372,32,512,512,819.835
73184,32,512,512,509.283
95756,32,512,512,667.012
132447,32,512,512,920.118
106685,32,512,512,740.66
85843,32,512,512,596.879
78662,32,512,512,547.205
451905,128,512,512,2591.91
377715,32,2048,512,678.931
131164,32,512,512,894.101
130939,32,512,512,899.084
81929,32,512,512,566.052
114764,32,512,512,790.856
133557,32,512,512,923.067
114906,32,512,512,793.599
86931,32,512,512,601.385
87415,32,512,512,605.096
480220,128,512,512,2734.65
389027,32,2048,512,698.322
144587,32,512,512,999.661
131025,32,512,512,904.87
92656,32,512,512,641.846
115987,32,512,512,801.61
144703,32,512,512,1000.62
128707,32,512,512,889.282
97146,32,512,512,658.197
100981,32,512,512,694.412
519534,128,512,512,2982.08
435213,32,2048,512,780.897
151362,32,512,512,1052.24
131393,32,512,512,912.372
95590,32,512,512,725.19
119793,32,512,512,910.24
145197,32,512,512,1103.13
145080,32,512,512,1102.16
101998,32,512,512,775.074
112628,32,512,512,856.233
562881,128,512,512,3531.44
463789,32,2048,512,909.464
130724,32,512,512,975.698
106538,32,512,512,794.429
68242,32,512,512,515.652
94758,32,512,512,714.024
464225,128,512,512,2638.34
348379,32,2048,512,661.602
157973,32,512,512,1088.32
128921,32,512,512,889.058
96673,32,512,512,666.467
122165,32,512,512,845.952
225571,128,512,512,1313.8
205326,32,2048,512,476.734
65235,32,512,512,453.183
83880,32,512,512,624.805
37002,32,512,512,271.85
58084,32,512,512,404.484
281342,128,512,512,1634.75
253598,32,2048,512,516.751
84469,32,512,512,585.142
98998,32,512,512,698.077
45258,32,512,512,329.646
74105,32,512,512,515.121
291371,128,512,512,1685.11
256402,32,2048,512,513.886
109587,32,512,512,759.446
99608,32,512,512,692.33
60842,32,512,512,427.948
76770,32,512,512,585.329
301623,128,512,512,1902.53
236448,32,2048,512,497.613
116101,32,512,512,880.775
93737,32,512,512,731.31
69341,32,512,512,521.833
72872,32,512,512,554.197
266304,128,512,512,1675.29
179846,32,2048,512,416.054
118976,32,512,512,905.193
87654,32,512,512,669.624
69802,32,512,512,532.029
68146,32,512,512,472.525
8099792,2080,512,512,3902.42
69048,32,512,512,519.277
70699,32,512,512,562.515
55824,32,512,512,426.492
51977,32,512,512,395.648
440834,128,512,512,2767.07
349724,32,2048,512,689.627
142988,32,512,512,1087.37
140146,32,512,512,1063.77
102718,32,512,512,779.591
144324,32,512,512,1097.08
90907,32,512,512,690.635
79001,32,512,512,606.598
71333,32,512,512,544.601
59864,32,512,512,456.15
350127,128,512,512,1997.33
278118,32,2048,512,506.451
77453,32,512,512,539.703
97490,32,512,512,679.799
58782,32,512,512,410.188
79224,32,512,512,603.385
72798,32,512,512,555.686
80140,32,512,512,610.716
60387,32,512,512,465.317
59524,32,512,512,458.428
377531,128,512,512,2375.62
301616,32,2048,512,600.28
85602,32,512,512,652.22
106244,32,512,512,807.323
64319,32,512,512,491.657
92139,32,512,512,701.329
80374,32,512,512,612.6
91729,32,512,512,698.933
68532,32,512,512,521.176
70060,32,512,512,536.059
413100,128,512,512,2373.84
326865,32,2048,512,589.875
100219,32,512,512,696.113
112406,32,512,512,780.96
76218,32,512,512,580.341
99957,32,512,512,759.361
89251,32,512,512,667.565
113306,32,512,512,851.49
75834,32,512,512,571.976
88878,32,512,512,671.904
454699,128,512,512,2839.97
370593,32,2048,512,727.119
99341,32,512,512,750.226
113026,32,512,512,849.113
75788,32,512,512,545.92
103039,32,512,512,714.39
95971,32,512,512,664.06
126777,32,512,512,878.533
84980,32,512,512,590.224
99415,32,512,512,690.319
483495,128,512,512,2760.35
392291,32,2048,512,699.404
78700,32,512,512,542.321
89338,32,512,512,619.945
60344,32,512,512,426.816
81600,32,512,512,566.69
377485,128,512,512,2156.88
263284,32,2048,512,494.776
125652,32,512,512,869.381
98723,32,512,512,685.517
91651,32,512,512,649.587
101724,32,512,512,759.112
139876,128,512,512,878.204
104165,32,2048,512,337.824
40729,32,512,512,314.212
59136,32,512,512,472.672
32292,32,512,512,270.432
38547,32,512,512,291.655
194581,128,512,512,1269.04
150283,32,2048,512,387.568
42786,32,512,512,338.298
66156,32,512,512,518.557
33491,32,512,512,277.884
47033,32,512,512,353.348
247017,128,512,512,1447.1
179358,32,2048,512,364.821
55210,32,512,512,389.292
68722,32,512,512,496.171
40973,32,512,512,301.53
52095,32,512,512,364.424
248270,128,512,512,1448.88
172574,32,2048,512,356.974
71451,32,512,512,494.009
73260,32,512,512,521.661
54975,32,512,512,385.191
59423,32,512,512,414.376
222621,128,512,512,1288.99
136351,32,2048,512,294.08
74612,32,512,512,519.307
68003,32,512,512,465.35
58713,32,512,512,412.321
55485,32,512,512,393.235
5628498,2080,512,512,2791.32
55839,32,512,512,416.578
47152,32,512,512,513.694
40749,32,512,512,311.125
31688,32,512,512,242.595
246942,128,512,512,1572.28
187181,32,2048,512,396.078
108105,32,512,512,808.857
107497,32,512,512,810.747
65349,32,512,512,493.568
112066,32,512,512,846.168
53552,32,512,512,406.249
46022,32,512,512,425.7
38979,32,512,512,299.235
28332,32,512,512,215.701
181465,128,512,512,1153.43
138731,32,2048,512,316.505
44787,32,512,512,312.933
56702,32,512,512,433.656
30654,32,512,512,218.432
40235,32,512,512,314.107
49209,32,512,512,383.287
55295,32,512,512,448.726
37240,32,512,512,309.559
33400,32,512,512,274.895
209478,128,512,512,1343.06
170877,32,2048,512,390.164
59402,32,512,512,456.76
78627,32,512,512,599.05
40400,32,512,512,322.261
58892,32,512,512,453.666
51857,32,512,512,405.46
60576,32,512,512,473.985
42887,32,512,512,341.076
40323,32,512,512,322.435
249613,128,512,512,1581
196462,32,2048,512,407.117
65126,32,512,512,497.005
73887,32,512,512,552.765
44367,32,512,512,345.786
60688,32,512,512,466.144
60021,32,512,512,418.699
83964,32,512,512,585.527
47934,32,512,512,345.117
56646,32,512,512,413.76
302452,128,512,512,1744.54
246814,32,2048,512,450.369
65341,32,512,512,450.919
81599,32,512,512,572.139
45839,32,512,512,328.325
66444,32,512,512,467.184
63673,32,512,512,446.526
94580,32,512,512,657.514
54191,32,512,512,381.146
65642,32,512,512,472.558
343356,128,512,512,1975.07
257197,32,2048,512,464.572
41783,32,512,512,301.681
52641,32,512,512,380.742
29547,32,512,512,232.674
42360,32,512,512,313.518
216719,128,512,512,1254.69
149618,32,2048,512,346.686
81604,32,512,512,567.169
64242,32,512,512,476.544
43030,32,512,512,309.723
61783,32,512,512,429.724
48481,128,512,512,301.041
38360,32,2048,512,240.136
18164,32,512,512,132.769
29508,32,512,512,367.545
13422,32,512,512,114.721
18682,32,512,512,135.187
101911,128,512,512,632.747
82333,32,2048,512,280.159
19741,32,512,512,144.193
38241,32,512,512,395.66
15129,32,512,512,122.496
25640,32,512,512,180.789
114133,128,512,512,685.975
85304,32,2048,512,259.767
36347,32,512,512,265.696
44755,32,512,512,363.426
25265,32,512,512,209.685
30012,32,512,512,217.117
115983,128,512,512,689.499
83975,32,2048,512,267.23
48912,32,512,512,351.205
44247,32,512,512,349.978
33185,32,512,512,262.052
27808,32,512,512,205.452
83494,128,512,512,498.198
48292,32,2048,512,204.277
42541,32,512,512,299.322
43863,32,512,512,336.015
30263,32,512,512,232.342
31688,32,512,512,225.221
4570384,2080,512,512,2322.45
34247,32,512,512,257.332
19404,32,512,512,439.082
16396,32,512,512,125.304
11969,32,512,512,94.4846
104673,128,512,512,702.071
81975,32,2048,512,277.56
97078,32,512,512,739.479
69893,32,512,512,595.123
25760,32,512,512,202.578
69617,32,512,512,532.281
48869,32,512,512,373.632
21820,32,512,512,338.779
15338,32,512,512,126.353
10662,32,512,512,86.216
41663,128,512,512,292.588
36012,32,2048,512,269.154
42364,32,512,512,330.689
32657,32,512,512,318.864
13187,32,512,512,111.936
17178,32,512,512,155.793
50871,32,512,512,355.59
27364,32,512,512,284.784
15168,32,512,512,157.278
13381,32,512,512,118.284
52212,128,512,512,331.84
48390,32,2048,512,260.351
55223,32,512,512,391.539
42626,32,512,512,324.471
15872,32,512,512,146.414
24727,32,512,512,188.902
54011,32,512,512,380.675
38147,32,512,512,302.657
17464,32,512,512,150.295
16461,32,512,512,151.503
72869,128,512,512,457.344
71587,32,2048,512,289.277
66349,32,512,512,455.974
49036,32,512,512,355.957
18628,32,512,512,153.327
30148,32,512,512,230.074
63533,32,512,512,445.317
47347,32,512,512,351.009
19514,32,512,512,179.255
23243,32,512,512,223.104
100398,128,512,512,608.67
85572,32,2048,512,251.412
58607,32,512,512,414.878
37223,32,512,512,295.788
14595,32,512,512,147.793
23119,32,512,512,185.915
70285,32,512,512,491.859
56422,32,512,512,406.382
21842,32,512,512,198.731
27155,32,512,512,258.908
130289,128,512,512,791.379
90678,32,2048,512,223.059
48564,32,512,512,341.989
26377,32,512,512,245.502
9201,32,512,512,109.902
16237,32,512,512,135.538
58872,128,512,512,362.519
55804,32,2048,512,243.408
69433,32,512,512,483.234
57004,32,512,512,484.82
12532,32,512,512,102.465
53312,32,512,512,373.071
19051,128,512,512,127.089
20119,32,2048,512,269.848
10834,32,512,512,77.533
21594,32,512,512,381.414
3649,32,512,512,37.5264
14972,32,512,512,110.46
19537,128,512,512,133.703
20744,32,2048,512,269.727
32975,32,512,512,232.337
19159,32,512,512,385.123
8520,32,512,512,85.2043
9463,32,512,512,70.5208
21054,128,512,512,145.676
21606,32,2048,512,254.333
19284,32,512,512,147.825
16852,32,512,512,295.031
5429,32,512,512,59.5026
8863,32,512,512,70.4012
20900,128,512,512,140.144
18007,32,2048,512,217.821
29744,32,512,512,217.27
15941,32,512,512,252.339
7369,32,512,512,73.8821
9554,32,512,512,76.1402
16100,128,512,512,109.77
9871,32,2048,512,156.311
32053,32,512,512,234.086
18132,32,512,512,212.641
7471,32,512,512,90.6667
12811,32,512,512,100.068
2802367,2080,512,512,1576.32
17538,32,512,512,132.852
9689,32,512,512,281.113
9630,32,512,512,76.9836
5732,32,512,512,52.5758
49727,128,512,512,372.993
41575,32,2048,512,206.636
60339,32,512,512,461.13
33846,32,512,512,370.109
10762,32,512,512,83.3744
34845,32,512,512,263.854
27165,32,512,512,208.482
12022,32,512,512,234.033
7018,32,512,512,84.4693
4981,32,512,512,52.6876
18329,128,512,512,143.019
18724,32,2048,512,219.356
20384,32,512,512,166.384
20795,32,512,512,237.208
5704,32,512,512,60.3369
9461,32,512,512,101.373
21954,32,512,512,190.691
12498,32,512,512,216.738
5460,32,512,512,91.1239
4860,32,512,512,61.6688
19355,128,512,512,155.302
20125,32,2048,512,200.802
29397,32,512,512,217.054
26491,32,512,512,227.929
6978,32,512,512,102.386
12252,32,512,512,124.063
23425,32,512,512,181.128
20550,32,512,512,218.776
6200,32,512,512,98.3704
7340,32,512,512,87.7649
25190,128,512,512,179.223
29575,32,2048,512,224.596
33448,32,512,512,243.236
35320,32,512,512,280.298
8490,32,512,512,92.8144
16466,32,512,512,146.408
25495,32,512,512,193.907
36244,32,512,512,266.616
7017,32,512,512,104.855
11888,32,512,512,152.783
33082,128,512,512,232.679
44738,32,2048,512,247.251
25079,32,512,512,186.201
31458,32,512,512,261.736
6391,32,512,512,94.0704
14370,32,512,512,129.582
44130,32,512,512,321.83
37424,32,512,512,293.281
10100,32,512,512,127.839
15476,32,512,512,202.248
42127,128,512,512,282.932
29857,32,2048,512,146.677
18768,32,512,512,149.447
14559,32,512,512,145.261
3701,32,512,512,68.005
9011,32,512,512,90.3852
26707,128,512,512,177.831
26895,32,2048,512,188.76
46041,32,512,512,326.592
39819,32,512,512,339.277
5371,32,512,512,59.5896
35052,32,512,512,246.464
3789,128,512,512,35.4822
3298,32,2048,512,106.815
10357,32,512,512,77.2183
5954,32,512,512,192.408
2109,32,512,512,29.9547
2920,32,512,512,29.9889
3678,128,512,512,31.4204
3035,32,2048,512,122.719
3920,32,512,512,35.2609
6539,32,512,512,170.872
1294,32,512,512,18.0958
3906,32,512,512,37.3894
6591,128,512,512,58.4087
6228,32,2048,512,129.012
10973,32,512,512,88.158
10235,32,512,512,203.985
2888,32,512,512,38.3048
6614,32,512,512,58.7433
5856,128,512,512,51.0318
5056,32,2048,512,132.434
21060,32,512,512,164.396
9576,32,512,512,179.215
4067,32,512,512,71.325
4228,32,512,512,40.721
4933,128,512,512,44.0915
2797,32,2048,512,90.9926
16062,32,512,512,133.095
8583,32,512,512,136.569
3442,32,512,512,59.1377
6578,32,512,512,59.2615
1362291,2080,512,512,995.574
0,32,512,512,0
929,32,512,512,108.425
0,32,512,512,0
246,32,512,512,5.23394
14047,128,512,512,121.926
20596,32,2048,512,225.328
22905,32,512,512,186.554
27236,32,512,512,314.576
5473,32,512,512,44.3493
25435,32,512,512,203.071
0,32,512,512,0
77,32,512,512,13.384
0,32,512,512,0
19,32,512,512,2.32523
1932,128,512,512,22.6535
1833,32,2048,512,112.536
8299,32,512,512,89.5946
20258,32,512,512,246.272
4656,32,512,512,49.5647
6968,32,512,512,84.9901
39,32,512,512,3.13655
6,32,512,512,1.23791
8,32,512,512,1.68543
20,32,512,512,2.91545
1005,128,512,512,14.9504
960,32,2048,512,84.5652
15889,32,512,512,134.334
26465,32,512,512,293.231
4629,32,512,512,59.9287
9380,32,512,512,94.7036
2992,32,512,512,22.906
1844,32,512,512,135.277
640,32,512,512,17.7594
401,32,512,512,6.85793
1423,128,512,512,14.9662
1698,32,2048,512,125.583
13471,32,512,512,105.948
25799,32,512,512,267.627
5084,32,512,512,57.3412
10880,32,512,512,95.8872
10658,32,512,512,79.9085
7785,32,512,512,216.053
5360,32,512,512,49.4688
2762,32,512,512,27.2812
1185,128,512,512,14.0742
1198,32,2048,512,120.455
4459,32,512,512,39.585
4413,32,512,512,107.705
1897,32,512,512,21.88
1883,32,512,512,28.1437
30410,32,512,512,228.319
23696,32,512,512,305.011
14210,32,512,512,130.795
7168,32,512,512,89.1487
1373,128,512,512,13.2399
1671,32,2048,512,172.78
5531,32,512,512,49.4534
2353,32,512,512,119.978
2904,32,512,512,31.7518
743,32,512,512,18.764
0,128,512,512,0
0,32,2048,512,0
9554,32,512,512,75.9102
19357,32,512,512,198.611
5442,32,512,512,49.0957
13274,32,512,512,98.9052
0,128,512,512,0
0,32,2048,512,0
1670,32,512,512,23.7438
1644,32,512,512,148.56
1203,32,512,512,16.5096
301,32,512,512,8.70705
159,128,512,512,4.71989
274,32,2048,512,53.6531
87,32,512,512,5.02373
193,32,512,512,31.4765
15,32,512,512,2.02114
19,32,512,512,2.20601
0,128,512,512,0
0,32,2048,512,0
0,32,512,512,0
0,32,512,512,0
0,32,512,512,0
0,32,512,512,0
0,128,512,512,0
0,32,2048,512,0
0,32,512,512,0
0,32,512,512,0
0,32,512,512,0
0,32,512,512,0
0,128,512,512,0
0,32,2048,512,0
0,32,512,512,0
0,32,512,512,0
0,32,512,512,0
0,32,512,512,0
850094,2080,512,512,914.682
