128761,512,6325.08
132877,512,6796.23
142349,512,6533.49
122501,512,6656.2
657561,512,8887.93
587093,512,7207.8
158760,512,7550.77
161312,512,7439.97
154701,512,7563.97
163812,512,7253.77
138452,512,7109.38
140197,512,7524.39
139415,512,7101.08
130440,512,7169.22
615379,512,8018.39
552458,512,7261.26
122396,512,6904.96
163814,512,7739.88
119017,512,6951.34
156550,512,7544.21
130692,512,7205.43
144385,512,7653.23
131820,512,7263.8
133155,512,7587.91
629035,512,8048.17
550086,512,8031.94
129969,512,7422.45
164324,512,7796.51
131426,512,7485.87
157607,512,7769.1
132401,512,7314.65
158040,512,7754.59
136023,512,7415.94
146596,512,7721.21
640824,512,8070.83
560424,512,8049
133334,512,7425.12
165516,512,7815.02
134172,512,7483.2
161231,512,7696.95
128782,512,7588.15
171580,512,7801.5
135490,512,7603.45
157572,512,7706.36
655737,512,7970.44
588044,512,8047.4
125661,512,6700.09
154825,512,7601.95
127452,512,6857.24
153730,512,7347.19
129316,512,7460.29
176891,512,7851.73
141501,512,7690.17
161782,512,7041.82
673253,512,8011.89
611291,512,7103.77
102691,512,6489.13
136832,512,7287.95
105460,512,7296.51
134494,512,7504.58
546132,512,8446.66
478771,512,7199.52
126309,512,6796.19
127433,512,6933.15
124950,512,6846.42
136926,512,7111.95
512834,512,8559.48
430911,512,7307.93
89535,512,6374.73
142150,512,7394.33
83912,512,6452.25
126151,512,6890.17
526135,512,8617.32
434134,512,7192.55
100634,512,6671.82
132334,512,7335.59
96583,512,6570.37
120956,512,6726.39
527460,512,8561.96
428269,512,7181.63
103808,512,6808.73
127274,512,7162.43
102659,512,6832.99
119034,512,7156.66
529427,512,8501.32
424951,512,7174.53
117377,512,7063.76
122898,512,7109.08
114955,512,7050.75
118573,512,7130.51
504860,512,8545.47
400093,512,6437.06
115234,512,7090.25
120376,512,6874.7
114692,512,7125.47
119087,512,7301.74
82388,512,5289.14
95040,512,5763.97
95047,512,5701.45
81972,512,5877.55
559163,512,8652.09
479025,512,7475.98
123005,512,6870.4
134139,512,6941.93
117970,512,6955.55
136606,512,7207.31
108827,512,6655.18
113602,512,7072.78
110167,512,6450.99
103331,512,6732.08
500782,512,8476.81
433174,512,7315.02
83660,512,6137.54
139159,512,7391.8
79680,512,6339.59
128804,512,6994.05
93269,512,6813.34
116477,512,7377.64
96336,512,6836.92
100708,512,7164.51
513866,512,8595.06
431100,512,7670.25
94610,512,6785.98
138919,512,7517.53
97046,512,6935.06
129913,512,7495.22
91737,512,6787.9
128003,512,7436.84
97528,512,6918.04
111611,512,6540.69
530735,512,7942.49
446252,512,7650.26
96734,512,6880.74
139126,512,7599.62
97673,512,6936.55
132027,512,7473.28
99926,512,7064.95
146522,512,7474.27
105672,512,7247.12
131348,512,7539.76
560299,512,7898.9
483219,512,7476.5
99871,512,6799.57
139835,512,7294.56
100632,512,6947.56
135476,512,7236.64
100073,512,7136.08
158983,512,7494.72
110849,512,7030.16
140232,512,7590.34
584554,512,7954.39
515851,512,7137.39
72786,512,6448.67
111169,512,6375.32
75465,512,6765.18
108697,512,7302.19
418763,512,8155.78
331624,512,7289.87
104724,512,6711.7
104369,512,6724.59
100685,512,6657.34
114837,512,7118.28
384080,512,8263.51
294467,512,7457.16
52376,512,5786.12
108226,512,7175.14
49216,512,5871.8
88225,512,6084.08
390912,512,8210.93
292071,512,7340.47
68275,512,6204.5
97898,512,7023.15
65237,512,6211.09
82951,512,6470.9
395711,512,7546.07
291221,512,6784.6
71474,512,5676.82
99155,512,6434.49
69597,512,5625.36
91595,512,5904.81
386282,512,7560.56
286061,512,7184.89
74946,512,6310.79
93347,512,6868.08
73526,512,6251.09
87577,512,6739.66
372892,512,8198.76
268393,512,6187.82
83966,512,6738.18
91238,512,5687
82765,512,6193.29
85516,512,6006.29
48820,512,3609.2
61079,512,4233.71
59699,512,4119.2
49720,512,3990.58
457008,512,7901.12
380232,512,6666.16
100329,512,6134.39
112503,512,6719.1
94479,512,6582.67
114846,512,7003.13
82527,512,5984.9
86541,512,6623.3
84021,512,5720.72
74658,512,5941.73
371268,512,8139.54
296938,512,6495.44
59207,512,5067.97
110975,512,6698.82
55989,512,5337.03
99131,512,6304.76
59373,512,5541.15
88269,512,6413.42
64712,512,5672.78
69763,512,6092.39
383955,512,7640.6
302682,512,7297.44
75307,512,6689.13
120987,512,7514.82
74395,512,6710.25
110489,512,7296.55
69106,512,6494.48
107546,512,7427.24
74384,512,6652.68
86780,512,7220.1
406737,512,8407.9
316678,512,7147.45
75207,512,6619.76
115311,512,7393.3
77122,512,6647.5
106452,512,7324.68
75019,512,6636.63
125521,512,7418.31
83525,512,6764.79
105434,512,7066.54
445126,512,7772.5
360576,512,6957.04
66207,512,6485.46
107436,512,6883.47
69103,512,6556.36
100659,512,6980.06
80509,512,6814.43
140067,512,7434.4
94610,512,6987.58
117697,512,7217.98
469702,512,8486.62
393501,512,6518.47
53044,512,5934.36
91720,512,5925.3
54347,512,6166.15
87767,512,6981.57
319674,512,7904.98
246891,512,6623.2
64552,512,6164.13
73664,512,5443.82
61364,512,6156.4
83434,512,6160.9
237924,512,7105.91
152630,512,5574.96
32419,512,4191.93
75766,512,5912.22
30510,512,4475.71
57281,512,5138.78
239685,512,7086.1
155797,512,5250.52
43886,512,4903.4
73089,512,6095.17
39292,512,4812.68
62094,512,5264.46
241817,512,6695.07
154531,512,5202.76
49628,512,5266.95
57036,512,5795.23
48540,512,5415.97
49310,512,5362.76
219154,512,6708.86
147362,512,4799.17
33528,512,4604.33
53373,512,5577.73
34631,512,4766.86
44365,512,4942.8
195846,512,6345.22
120625,512,3622.34
54241,512,5618.21
71756,512,5545.69
51254,512,5559.27
64594,512,5645.27
45935,512,3926.88
46296,512,3772.35
52919,512,4115.64
38370,512,4338.43
331367,512,7609.4
265406,512,5732.09
65174,512,5216.52
85635,512,5745.82
59884,512,5369.28
89665,512,6133.73
45262,512,4969.81
57303,512,5710.7
48014,512,4973.38
44781,512,5254
250381,512,7587.79
189258,512,5608.55
40322,512,4565.79
85967,512,6507.3
36932,512,5158.38
74639,512,5601.2
44052,512,5104.92
61540,512,5935.8
47508,512,5353.13
46746,512,5750.62
265383,512,7220.1
195030,512,6066.08
42118,512,5357.89
91334,512,6509.88
42774,512,5201.68
79227,512,6089.83
38467,512,5056.36
71031,512,6146.62
44005,512,5419.41
53746,512,5810
283233,512,7409.39
202509,512,6234.66
46461,512,5532.05
78908,512,6194.95
48194,512,5464.17
72580,512,6107.19
43854,512,5309.86
96524,512,6635.7
51673,512,5637.41
76538,512,6391.7
320489,512,7491.62
247453,512,5730.96
40847,512,5325.46
81975,512,6062.22
42541,512,5446.81
75412,512,6305.89
49860,512,5616.56
110313,512,6669.11
61547,512,6043.51
88378,512,6407.9
345592,512,7555.99
274829,512,5204.9
25374,512,4293.1
60536,512,4550.79
25890,512,4546.59
57422,512,5728.65
209395,512,6766.03
151186,512,5080.93
32695,512,4566.8
42140,512,4832.82
30524,512,4397.07
49135,512,5312.74
126254,512,5848.32
76575,512,4368.89
17164,512,3892.08
52044,512,5864.46
14299,512,3687.67
37690,512,4562.2
146819,512,6466
84761,512,4878.3
23183,512,4300.16
49133,512,5805.05
21266,512,4212.74
36818,512,4648.9
144374,512,6070.42
87498,512,4890.08
20567,512,3914.42
39685,512,5449.32
19186,512,3818.2
32050,512,4434.33
133310,512,5990.75
81004,512,4421.58
25603,512,4327.09
40168,512,5494.7
23381,512,4263.38
32959,512,4666.57
117647,512,5680.07
69633,512,3062.1
23953,512,4175.65
31670,512,4083.54
22904,512,4434.08
28133,512,4674.62
34335,512,4142.64
29747,512,4409.97
42332,512,4014.76
23730,512,4090.73
165318,512,6476.66
114116,512,6330.45
34464,512,4663.29
60724,512,6019.34
30956,512,4365.04
62144,512,5602.01
27947,512,3732.89
32084,512,5399.57
31500,512,3760.35
26063,512,4073.37
144805,512,6458.54
93516,512,6322.19
19984,512,3741.62
51570,512,5845.23
18956,512,3878.65
45617,512,5646.55
17384,512,4373.77
30722,512,5567.74
20613,512,4393.93
23618,512,4971.78
150601,512,6706.11
91018,512,6301.27
22986,512,4272.52
50560,512,5902.31
23332,512,4064.04
48332,512,5814.7
18710,512,3876.65
48771,512,5863.47
22976,512,4023.23
37207,512,5515.96
158689,512,6743.82
91220,512,6158.54
25803,512,4060.48
51980,512,6066.54
27000,512,4027.44
50793,512,5507.15
22110,512,4082.34
70194,512,6238.11
27829,512,5024.28
55987,512,6224.59
166966,512,6598.59
100492,512,6202.81
16560,512,3289.36
39864,512,5853.22
17972,512,3497.67
38720,512,5434.16
24537,512,4658.76
65081,512,6239.53
35051,512,5216.33
54980,512,6124.67
189128,512,7039.14
109440,512,4570.96
6244,512,2201.88
26927,512,4394.27
7420,512,2758.39
26093,512,4864
53227,512,4984.12
34630,512,4263.53
13396,512,3725.45
27558,512,4265.58
12282,512,3433.87
32402,512,4940.31
59715,512,4334.93
31978,512,4896.09
8006,512,2929.31
25723,512,4052.6
7531,512,2797.17
18901,512,4079.38
73174,512,4902.83
37471,512,5231.29
7276,512,2569.96
25171,512,4614.23
6459,512,2339.99
19734,512,4092.32
77994,512,5317.72
38793,512,4952.46
11015,512,3384.17
24419,512,4648.35
10472,512,3308.71
20582,512,4337.89
70998,512,4967.31
35760,512,5052
8285,512,3135.45
20839,512,4194.19
7826,512,2807.32
17985,512,3921.57
61917,512,4848.14
28848,512,2745.98
11904,512,3363.34
21574,512,3749.49
11724,512,3374.61
20289,512,4145.04
13591,512,2032.05
11834,512,2213.66
18364,512,2239.18
8842,512,1890.72
107573,512,6104.22
80849,512,4491.36
16771,512,3657.13
28842,512,3725.11
13807,512,3386.5
31600,512,4517.7
13156,512,2729.9
15612,512,4155.06
15414,512,2936.69
10938,512,2831
48981,512,4649.67
34082,512,3501.97
7091,512,2000.31
27698,512,4789.42
6302,512,2502.31
21599,512,4474.97
6119,512,2700.41
11183,512,3933.46
7324,512,2720.29
7750,512,2707.52
55048,512,4894.51
35955,512,3898
8454,512,2740.81
27387,512,5006.01
8560,512,3009.37
22070,512,4807.09
7508,512,2957.5
18737,512,4787.05
9838,512,3368.42
12906,512,4129.51
63204,512,5340.72
40951,512,3940.17
10143,512,3001.06
31538,512,5343.51
10640,512,3205.99
26736,512,5110.37
10085,512,3384.5
31635,512,5504.71
12905,512,3989.66
23675,512,5014.83
75648,512,5434.46
51508,512,3138.71
8793,512,2597.58
23635,512,3273.34
8673,512,2746.88
20949,512,4102.54
11498,512,3367.55
50919,512,5734.6
15955,512,4136.08
35619,512,5377.7
90763,512,5809.9
66881,512,2555.14
2012,512,1205.79
9731,512,1628.66
2143,512,1164.97
8160,512,3086.32
53936,512,3994.43
37885,512,3687.54
4860,512,2034.32
8693,512,3228.53
4594,512,1954.54
10765,512,2900.09
19771,512,2984.76
11460,512,2716.87
3116,512,1603.84
17085,512,4488.94
2706,512,1748.94
11679,512,3120.95
21492,512,3191.91
12675,512,3079.66
3128,512,1364.4
8602,512,3395.29
2649,512,1526.85
5842,512,2404.2
21069,512,2785.54
12926,512,2189.94
3130,512,1654.63
8456,512,2939.44
2888,512,1521.12
5920,512,2170.56
16569,512,2348.28
10555,512,2113.34
3975,512,1919.57
9829,512,3461.49
3688,512,1825.23
6880,512,2381.85
14652,512,2408.03
9374,512,1155.02
2878,512,1529.32
5607,512,1595.89
2627,512,1507.87
4187,512,1783.35
7994,512,1629.31
6230,512,2648.18
10825,512,1771.88
4266,512,1519.59
37336,512,4485.45
28863,512,3892.54
5646,512,2453.68
17872,512,4697.41
4679,512,2362.95
21603,512,4260.59
5126,512,1859.02
5757,512,2748.39
6474,512,1860.84
3865,512,1699.02
18332,512,3292.42
14699,512,3975.51
3668,512,1672.44
11791,512,3938.26
3797,512,1644.74
10070,512,3364.05
3401,512,1736.16
5162,512,2753.03
4111,512,2112.42
3691,512,2048.68
13036,512,2802.09
9863,512,3427.28
4359,512,2165
13924,512,4361.63
4174,512,2149.94
11995,512,3857.98
3302,512,2013.46
7543,512,3363.93
4222,512,2250.58
6012,512,2776.26
12635,512,2630.44
9668,512,3202.22
4405,512,2100.2
10699,512,3748.87
4559,512,2164.11
9516,512,3535.67
4352,512,2262.68
15753,512,4583.21
5559,512,2597.5
12052,512,4110.88
14538,512,3106.25
11200,512,2097.29
2258,512,1452.11
8183,512,3396.62
2408,512,1454.62
6857,512,2782.59
4500,512,2312
23566,512,4883.48
5989,512,2826.98
17053,512,4577.05
17556,512,2967.55
14256,512,1103.08
742,512,517.644
2728,512,1477.6
806,512,598.857
2370,512,1371.09
21989,512,3386.86
16969,512,3726.38
1040,512,731.479
6990,512,3112.48
971,512,844.062
10210,512,3370.72
4276,512,1010.56
3145,512,1192.52
1083,512,850.39
7508,512,3228.25
989,512,807.631
5246,512,2088.26
3167,512,902.61
2309,512,1004.58
1566,512,1113.12
4323,512,2244.05
1368,512,1060.76
3317,512,1639.42
2099,512,722.048
1606,512,1050.37
1259,512,773.235
3983,512,1983.35
1243,512,810.762
2880,512,1527.14
1483,512,459.608
1166,512,529.86
827,512,672.06
1872,512,1172.27
712,512,604.351
1394,512,925.933
1887,512,580.036
1200,512,487.001
419,512,356.365
812,512,529.286
391,512,334.68
645,512,540.863
131072,512,6590.16
131072,512,6015.46
131072,512,6638.17
131072,512,6685.69
524288,512,7737.94
524288,512,7198.69
131072,512,7087.9
131072,512,6563.71
131072,512,7015.84
131072,512,6872.98
131072,512,7134.53
131072,512,6879.53
131072,512,7112.34
131072,512,7510.52
524288,512,7790.06
524288,512,7333.06
131072,512,6893.92
131072,512,6972.06
131072,512,6912.03
131072,512,7023.25
131071,512,7177.78
131072,512,7014.04
131072,512,7186.74
131072,512,7187.66
524288,512,8469.41
524288,512,6715.14
131072,512,7281.08
131072,512,7026.96
131072,512,7365.4
131072,512,7200.87
131072,512,7459.42
131072,512,7107.76
131072,512,7443.52
131072,512,7394.87
524288,512,8477.83
524287,512,6729.02
131072,512,7271.24
131072,512,6818.13
131072,512,7389.3
131072,512,6952.89
131072,512,7508.3
131072,512,6963.01
131072,512,7558.48
131072,512,7375.23
524288,512,7957.95
524288,512,7257.33
131072,512,7384.54
131072,512,6794.67
131072,512,7475.68
131072,512,7175.31
131072,512,7442.23
131072,512,6809.5
131072,512,7460.6
131072,512,7144.06
524288,512,8517.25
524288,512,7205.7
131072,512,7602.07
131072,512,6697.24
131072,512,7585.66
131072,512,7246.35
524288,512,8091.37
524288,512,7035.8
131072,512,6488.56
131072,512,6324.74
131072,512,6551.33
131072,512,6694.03
524288,512,8307.95
524288,512,7393.78
131072,512,7061.95
131072,512,6812.51
131072,512,7244.7
131072,512,7139.96
524288,512,7971.26
524288,512,6910.86
131072,512,7243.49
131072,512,7014.31
131072,512,7290
131072,512,7127.51
524288,512,8429.2
524288,512,7681.69
131072,512,7087.04
131072,512,6949.79
131072,512,7122.63
131072,512,7258.46
524288,512,8301.33
524288,512,7602.48
131072,512,7173.35
131072,512,6943.35
131072,512,7218.01
131072,512,7434.29
524288,512,8380.94
524288,512,7364.6
131072,512,7224.87
131072,512,6726.16
131072,512,7296.3
131072,512,7214.7
104857,512,6568.98
104857,512,6125.05
104857,512,6711.9
104857,512,6719.76
419430,512,7507.13
419430,512,6864.99
104857,512,6816.75
104857,512,6176.2
104857,512,6820.26
104857,512,6978.2
104857,512,7143.21
104857,512,6371.1
104857,512,7214.12
104857,512,6975.16
419430,512,8314.3
419430,512,6879.54
104857,512,6840.24
104857,512,6479.45
104857,512,6927.33
104857,512,6673.03
104857,512,7046.78
104856,512,6514.36
104857,512,7026.6
104857,512,6819.05
419430,512,7766.94
419430,512,6903.38
104857,512,6927.9
104857,512,6498.7
104857,512,6917.24
104857,512,6612.8
104857,512,7228.23
104857,512,6557.38
104857,512,7168.29
104857,512,7021.25
419429,512,8396.63
419429,512,6372.79
104857,512,6697.88
104857,512,6526.36
104857,512,6864.63
104857,512,6881.62
104857,512,7295.36
104857,512,6488.16
104857,512,7292.78
104857,512,7071.11
419430,512,7837.83
419430,512,6200.05
104857,512,6668.77
104857,512,6474.39
104857,512,7235.38
104857,512,6910.9
104857,512,7162.27
104857,512,6247.53
104857,512,7266.3
104857,512,7160.12
419430,512,8500.5
419430,512,6168.11
104857,512,7330.1
104857,512,6107.85
104857,512,7425.68
104857,512,7466.05
419430,512,8123.06
419430,512,6891.78
104857,512,6162.4
104857,512,5942.72
104857,512,6257.65
104857,512,6651.7
419430,512,8194.51
419430,512,6560.17
104857,512,6149.38
104857,512,6499.38
104857,512,6945.72
104857,512,6876.14
419430,512,8127.69
419430,512,7472.78
104857,512,6755.52
104857,512,6626.23
104857,512,6830.82
104857,512,7057.22
419430,512,8217.72
419430,512,7542.6
104857,512,6792.16
104857,512,6686.24
104857,512,6762.15
104857,512,7150.52
419429,512,8210.79
419430,512,7403.83
104857,512,6885.08
104857,512,6633.35
104857,512,6893.09
104857,512,6902.62
419430,512,8289.99
419430,512,6937.68
104857,512,6923.15
104857,512,6247.32
104857,512,6813.5
104857,512,7060.22
78643,512,6229.69
78642,512,5590.69
78643,512,6348
78643,512,6171.1
314572,512,7698.54
314572,512,5678.34
78643,512,6268.3
78643,512,5697.84
78643,512,6560.66
78643,512,6671.97
78643,512,6595.75
78643,512,5716.83
78643,512,6618.01
78643,512,6768.88
314572,512,7835.84
314571,512,6274.28
78643,512,6404.67
78643,512,5950.3
78643,512,6461.15
78643,512,6523.86
78643,512,6878.02
78643,512,5929.54
78643,512,6980.97
78643,512,6446.87
314572,512,8238.37
314572,512,6413.31
78643,512,6443.79
78643,512,6117.27
78643,512,6475.85
78643,512,6424.47
78643,512,6751.36
78643,512,6203.64
78643,512,6776.53
78643,512,6900.94
314572,512,8190.16
314572,512,5922.46
78643,512,6909.92
78643,512,5888.14
78643,512,7035.85
78643,512,6687.32
78643,512,7106.28
78643,512,5987.98
78643,512,7104.03
78643,512,6661.74
314572,512,8195.69
314572,512,6181.34
78643,512,6164.78
78643,512,5138.58
78643,512,6188.75
78643,512,5585.74
78643,512,6561.26
78643,512,5146.17
78643,512,6467.8
78643,512,5969.4
314572,512,7577.38
314572,512,5468.93
78643,512,6477.74
78643,512,5467.2
78643,512,7131.04
78643,512,7072.26
314572,512,7778.13
314572,512,6601.63
78643,512,5995.04
78643,512,5753.04
78643,512,6061.35
78643,512,6391.39
314572,512,7733.75
314572,512,6933.07
78643,512,6313.39
78643,512,5952.1
78643,512,6503.54
78643,512,6575.63
314572,512,7771.48
314572,512,7023.83
78643,512,6581.54
78643,512,6119.41
78643,512,6653.15
78643,512,6563.28
314572,512,7962.2
314571,512,7087.09
78643,512,6564.13
78643,512,6135.7
78643,512,6530.14
78643,512,6808.17
314572,512,7211.84
314572,512,6343.27
78643,512,5619.21
78643,512,5919.9
78643,512,6216.14
78643,512,6624.47
314572,512,8068.3
314572,512,6344.65
78643,512,6914.3
78643,512,5854.78
78643,512,6625.61
78643,512,6716.22
52428,512,6273.83
52428,512,4137.56
52428,512,6455.23
52428,512,6491.08
209715,512,7957.76
209715,512,5567.41
52428,512,5910.43
52428,512,4132.33
52428,512,5971.39
52428,512,5616.65
52428,512,5528.41
52428,512,4531.4
52428,512,5808.12
52428,512,5797.27
209715,512,7274.45
209715,512,5406.77
52428,512,5434.17
52428,512,4821.77
52428,512,5660.1
52428,512,5865.39
52428,512,6275.54
52428,512,5221.68
52428,512,6413.87
52428,512,6075.09
209715,512,7614.45
209715,512,5597.77
52428,512,6225.18
52428,512,5920.1
52428,512,6274.87
52428,512,6126.78
52428,512,6506.36
52428,512,5469.08
52428,512,6122.63
52428,512,6352.67
209715,512,7584.35
209715,512,5763.57
52428,512,6336.95
52428,512,5450.42
52428,512,6319.6
52428,512,6280.58
52428,512,6475.12
52428,512,5480.98
52428,512,6206.15
52428,512,5985
209715,512,7154.8
209715,512,5285.06
52428,512,5854.29
52428,512,4807.33
52428,512,6208.65
52428,512,5919.32
52428,512,6496.68
52428,512,5433.37
52428,512,6567.75
52428,512,6529.37
209715,512,7780.35
209715,512,4686.04
52428,512,6591.22
52428,512,4190.07
52428,512,6541.29
52428,512,6078.35
209715,512,7634.58
209715,512,5442.23
52428,512,5402.76
52428,512,4687.27
52428,512,5519.46
52428,512,4497.57
209715,512,7222
209715,512,5522.42
52428,512,5835.55
52428,512,5048.71
52428,512,5920.19
52428,512,6033.15
209715,512,7141.57
209715,512,5627.9
52428,512,6214.48
52428,512,4857.09
52428,512,6111.77
52428,512,6054.61
209715,512,6330.03
209715,512,5574.99
52428,512,5757.03
52428,512,4831.74
52428,512,5728.84
52428,512,5693.94
209715,512,6503.95
209715,512,5287.96
52428,512,5941.76
52428,512,4682.17
52428,512,6508.14
52428,512,6404.02
209715,512,7802.74
209715,512,5321.64
52428,512,6152.44
52428,512,4726.67
52428,512,6099.95
52428,512,6524.01
26214,512,5277.35
26214,512,2627.2
26214,512,5288.6
26214,512,5358.77
104857,512,5904.67
104857,512,4843.18
26214,512,4635.16
26214,512,2793.95
26214,512,5342.2
26214,512,5653.78
26214,512,4969.85
26214,512,3672.83
26214,512,4924.34
26214,512,4804.76
104857,512,6355.45
104857,512,4882.42
26214,512,4526.73
26214,512,4032.53
26214,512,4473.97
26214,512,4788.85
26214,512,5011.66
26214,512,3971.7
26214,512,5086.22
26214,512,4808.7
104857,512,6248.41
104857,512,4588.97
26214,512,4909.22
26214,512,4288.88
26214,512,4902.8
26214,512,4460.16
26214,512,5068.47
26214,512,3669.57
26214,512,5011.4
26214,512,5325.66
104857,512,6297.67
104857,512,4357.96
26214,512,5200.83
26214,512,4051.03
26214,512,5304.61
26214,512,4493.82
26214,512,5322.01
26214,512,4222.84
26214,512,5342.24
26214,512,5200.53
104857,512,6144.69
104857,512,4803.48
26214,512,5241.96
26214,512,3344.77
26214,512,5195.63
26214,512,4858.45
26214,512,5281.32
26214,512,4017.66
26214,512,5278.99
26214,512,5244.54
104857,512,6537.58
104857,512,3159.05
26214,512,5345.04
26214,512,3064.46
26214,512,5321.5
26214,512,5524.85
104857,512,7120.66
104857,512,4518.94
26214,512,4665.34
26214,512,3927.97
26214,512,5203.53
26214,512,3767.38
104857,512,6845.34
104857,512,4542.49
26214,512,5621.11
26214,512,3838.9
26214,512,5589.55
26214,512,5649.76
104857,512,6225.29
104857,512,4535.22
26214,512,5122.05
26214,512,3685.26
26214,512,5036.26
26214,512,5049.86
104857,512,4822.89
104857,512,4272.43
26214,512,4950.67
26214,512,3412.11
26214,512,4863.64
26214,512,4896.08
104857,512,5044.11
104857,512,4198.69
26214,512,4930.97
26214,512,3309.01
26214,512,4517.59
26214,512,4917.46
104857,512,6139.89
104857,512,3841.89
26214,512,5129.76
26214,512,3057.79
26214,512,5055.21
26214,512,5265.39
13107,512,4090.37
13107,512,1495.52
13107,512,4067.61
13107,512,3803.18
52428,512,3940.33
52428,512,3465.96
13107,512,3896.57
13107,512,1573.53
13107,512,3908.37
13107,512,3523.4
13107,512,4013.29
13107,512,2217.51
13107,512,4051.72
13107,512,3850.11
52428,512,5306.42
52428,512,3301.97
13107,512,4045.88
13107,512,2500.67
13107,512,3900.44
13107,512,3771.99
13107,512,4248.68
13107,512,2489.92
13107,512,4298.2
13107,512,4092.96
52428,512,5363.56
52428,512,3459.97
13107,512,3723.84
13107,512,3016.56
13107,512,3724.55
13107,512,3688.56
13107,512,4117.02
13107,512,2798.94
13107,512,4189.27
13107,512,4304.85
52428,512,5014.58
52427,512,3144.56
13107,512,4353.72
13107,512,2487.28
13107,512,4178.49
13107,512,4218.26
13107,512,4349.43
13107,512,2603.1
13107,512,4414.56
13107,512,4478.97
52428,512,5124.66
52428,512,3423.54
13107,512,4386.25
13107,512,2012.95
13107,512,4371.76
13107,512,4326.19
13107,512,4414.7
13107,512,3038.63
13107,512,4494.05
13107,512,4388.77
52428,512,5634.89
52428,512,2142.33
13107,512,4437.12
13107,512,1845.85
13107,512,4426.7
13107,512,4330.8
52428,512,5219.05
52428,512,3732.73
13107,512,3253.89
13107,512,2258.63
13107,512,3380.2
13107,512,2058.26
52428,512,4351.58
52427,512,3549.08
13107,512,4185.72
13107,512,2417.52
13107,512,4193.72
13107,512,4164.13
52427,512,3593.04
52428,512,3397.56
13107,512,4315.65
13107,512,2519.55
13107,512,4245.26
13107,512,4356.95
52428,512,3439.37
52428,512,3334.2
13107,512,3782.58
13107,512,2507.8
13107,512,3721.08
13107,512,3914.68
52428,512,4562.44
52428,512,3559.45
13107,512,4025.33
13107,512,2339.23
13107,512,4014.9
13107,512,4199.05
52428,512,5238.26
52428,512,3285.33
13107,512,3818.67
13107,512,2368.6
13107,512,3740.97
13107,512,4282.02
5242,512,2815.29
5242,512,813.04
5242,512,2742.9
5242,512,2756.9
20971,512,2736.96
20971,512,2646.83
5242,512,2574.69
5242,512,1303.96
5242,512,2665.57
5242,512,2404.55
5242,512,2669.25
5242,512,1533.85
5242,512,2655.13
5242,512,2560.61
20971,512,3941.4
20971,512,2678.95
5242,512,2576.67
5242,512,1807.72
5242,512,2568.85
5242,512,2621.18
5242,512,2856.91
5242,512,1603.26
5242,512,2758.92
5242,512,2852.66
20971,512,3787.41
20971,512,2675.76
5242,512,2638.78
5242,512,2146.73
5242,512,2653.23
5242,512,2595.98
5242,512,3002.39
5242,512,1975.48
5242,512,2939.13
5242,512,2760.45
20971,512,3494.18
20971,512,2456.25
5242,512,2835.3
5242,512,1963.73
5242,512,2843.9
5242,512,2907.96
5242,512,2925.04
5242,512,1979.97
5242,512,2969.64
5242,512,2921.44
20971,512,3862.6
20971,512,2690.89
5242,512,2892.1
5242,512,1521.89
5242,512,2881.45
5242,512,2915.89
5242,512,2940.36
5242,512,1976.73
5242,512,2962.92
5242,512,2962.39
20971,512,4231.81
20971,512,1711.18
5242,512,2984.7
5242,512,833.051
5242,512,2837.88
5242,512,2728.15
20971,512,4238.99
20971,512,3217.71
5242,512,2252.49
5242,512,1551.23
5242,512,2554.72
5242,512,1368.12
20971,512,3366.86
20971,512,3114.89
5242,512,2629.63
5242,512,1237.09
5242,512,2665.57
5242,512,2541.6
20971,512,2732.55
20971,512,2921.41
5242,512,2720.63
5242,512,1422.09
5242,512,2659.54
5242,512,2875.12
20971,512,2260.99
20971,512,2432.48
5242,512,2788.5
5242,512,1375.26
5242,512,2783.03
5242,512,2633.5
20970,512,2268.87
20971,512,2255.78
5242,512,2719.56
5242,512,1612.53
5242,512,2639.22
5242,512,2943.23
20971,512,3468.16
20971,512,2056.89
5242,512,2601.11
5242,512,1188.55
5242,512,2547.81
5242,512,2592.85
131072,512,6908.59
131072,512,6928.59
131072,512,6922.8
131072,512,6965.57
524288,512,7999.54
524288,512,8124.73
131072,512,7662.51
131072,512,7696.35
131072,512,7682.45
131072,512,7670.88
131072,512,7624.9
131072,512,7522.16
131072,512,7585.34
131072,512,7622.97
524288,512,7978.74
524288,512,8138.93
131072,512,7657.42
131072,512,7647.77
131072,512,7643.19
131072,512,7653.11
131072,512,7604.22
131072,512,7625.52
131072,512,7596.37
131072,512,7619.23
524288,512,8635.78
524288,512,8109.86
131072,512,7679.23
131072,512,7612.17
131072,512,7644.95
131072,512,7610.36
131072,512,7621.63
131072,512,7639.51
131072,512,7624.38
131072,512,6817.97
524288,512,8059.51
524288,512,8137.17
131072,512,7591.3
131072,512,7669.33
131072,512,7632.5
131072,512,7649.2
131072,512,7642.51
131072,512,7683.23
131072,512,7699.55
131072,512,7644.67
524288,512,8303.93
524288,512,7412.11
131072,512,7630.11
131072,512,7674.14
131072,512,7636.66
131072,512,7634.88
131072,512,7621.34
131072,512,7466.65
131072,512,7637.49
131072,512,7663.96
524288,512,8585.63
524288,512,7382.91
131072,512,7646.92
131072,512,7646.48
131072,512,7570.59
131072,512,7494.89
524288,512,8592.31
524288,512,8120.21
131072,512,7648.16
131072,512,7686.33
131072,512,7669.94
131072,512,7648.68
524288,512,8769.38
524288,512,7461.18
131072,512,7473.05
131072,512,7604.29
131072,512,7677.95
131072,512,7693.23
524288,512,8670.1
524288,512,8068.18
131072,512,7604.03
131072,512,7624.87
131072,512,7579.19
131072,512,7657.83
524288,512,8634.74
524288,512,8109.75
131072,512,7708.14
131072,512,7589.23
131072,512,7589.34
131072,512,7628.8
524288,512,8739.25
524288,512,7524.28
131072,512,7466.53
131072,512,7398.11
131072,512,7380.11
131072,512,7403.48
524288,512,8612.94
524288,512,8083.36
131072,512,7631.25
131072,512,7632.4
131072,512,7630.62
131072,512,7593.33
104857,512,7394.53
104857,512,7404.6
104857,512,7432.84
104857,512,7397.75
419430,512,8647.84
419430,512,7286.13
104857,512,6621.05
104857,512,7494.52
104857,512,7465.71
104857,512,7411.36
104857,512,7454.44
104857,512,7475.8
104857,512,7191.97
104857,512,7497.2
419430,512,8550.1
419431,512,8035.55
104857,512,7465.62
104857,512,7455.55
104857,512,7475.13
104857,512,7446.11
104857,512,7428.32
104857,512,7387.03
104857,512,7431.26
104857,512,7393.66
419430,512,8713.58
419430,512,7529.91
104857,512,6677.91
104857,512,7414.82
104857,512,7440.81
104857,512,7454.26
104857,512,7484.77
104857,512,7407.76
104857,512,7479.95
104857,512,7392.06
419430,512,8611.77
419430,512,8032.78
104857,512,7261.92
104857,512,7421.32
104857,512,7453.16
104857,512,7511.06
104857,512,7428.15
104857,512,7453.75
104857,512,7478.26
104857,512,7456.17
419430,512,8021
419430,512,7362.56
104857,512,6699.63
104857,512,7414.95
104857,512,7479.04
104857,512,7356
104857,512,7454.37
104857,512,7380.66
104857,512,7444.43
104857,512,7422.39
419430,512,8751.98
419430,512,7304.72
104857,512,7452.9
104857,512,7413.97
104857,512,7373.27
104857,512,7407.17
419430,512,8597.53
419430,512,7326.94
104857,512,7106.68
104857,512,7324.71
104857,512,7462.08
104857,512,7418.18
419430,512,8728.92
419430,512,8041.54
104857,512,7302.54
104857,512,7351.52
104857,512,7443.54
104857,512,7415.73
419430,512,8553.19
419430,512,7991.79
104857,512,7433.1
104857,512,7433.15
104857,512,7438.58
104857,512,7382.73
419430,512,8664.19
419430,512,7994.96
104857,512,7395.3
104857,512,7360.98
104857,512,7350.87
104857,512,7289.08
419430,512,8653.2
419430,512,8045.2
104857,512,7367.22
104857,512,7281.82
104857,512,7382.37
104857,512,7410.85
419430,512,8677.21
419430,512,7351.87
104857,512,6787.67
104857,512,6753.36
104857,512,6771.61
104857,512,6738
78643,512,6669.71
78643,512,6514.21
78643,512,6547.44
78643,512,6498.07
314572,512,7883.56
314572,512,7296.8
78643,512,6479.79
78643,512,6484.99
78643,512,6517.67
78643,512,6514.48
78643,512,6614.27
78643,512,6575.46
78643,512,6536.08
78643,512,6581.93
314572,512,7824.66
314572,512,7255.2
78643,512,6510.25
78643,512,7197.46
78643,512,7169.3
78643,512,7110.46
78643,512,7189.9
78643,512,7137.53
78643,512,7128.39
78643,512,7035.05
314572,512,8611.63
314572,512,7972.27
78643,512,6490.4
78643,512,6573.18
78643,512,6510.93
78643,512,6485.15
78643,512,6495.4
78643,512,6505.18
78643,512,6498.06
78643,512,6554.44
314572,512,7826.98
314572,512,7230.83
78643,512,6285.4
78643,512,6430.62
78643,512,6438.99
78643,512,6536.23
78643,512,6504.45
78643,512,6618.49
78643,512,6533.12
78643,512,6457.63
314572,512,7841.74
314572,512,7227.53
78643,512,6314.8
78643,512,6919.88
78643,512,6817.36
78643,512,6870.92
78643,512,7017.53
78643,512,6891.23
78643,512,6805.09
78643,512,6881.8
314572,512,8293.17
314572,512,7679.2
78643,512,6963.3
78643,512,6834.31
78643,512,6940.88
78643,512,6784.6
314572,512,7810.67
314572,512,7213.28
78643,512,6294.46
78643,512,6123.04
78643,512,6404.37
78643,512,6522.9
314572,512,7818.9
314572,512,7280.48
78643,512,6456.57
78643,512,6544.57
78643,512,6433.03
78643,512,6529.01
314572,512,7828.18
314572,512,7161.22
78643,512,6581.54
78643,512,6530.28
78643,512,6467.46
78643,512,6655.28
314572,512,7831.99
314572,512,7171.92
78643,512,6533.34
78643,512,7161.45
78643,512,7168.26
78643,512,7111.01
314572,512,8454.47
314572,512,7929
78643,512,7078.2
78643,512,7118.76
78643,512,7214.65
78643,512,7155.38
314572,512,7770.29
314572,512,7203.51
78643,512,6543.84
78643,512,6442.61
78643,512,6558.29
78643,512,6527.21
52428,512,6157.42
52428,512,6123.18
52428,512,6148.74
52428,512,6122.69
209715,512,7573.86
209715,512,7058.27
52428,512,6130.84
52428,512,6100.55
52428,512,6184.77
52428,512,6172.07
52428,512,6111.16
52428,512,6119.34
52428,512,6158.18
52428,512,6123.23
209715,512,7583.28
209715,512,7036.78
52428,512,6100.25
52428,512,6077.72
52428,512,6067.72
52428,512,6126.34
52428,512,6153.16
52428,512,6162.37
52428,512,6118.43
52428,512,6173.57
209715,512,7593.4
209715,512,6992.36
52428,512,6099.98
52428,512,6072.87
52428,512,6074.31
52428,512,6132.73
52428,512,6103.55
52428,512,6060.17
52428,512,6033.23
52428,512,6163.39
209715,512,7546.53
209715,512,7020.76
52428,512,6098.23
52428,512,6197.83
52428,512,6083.08
52428,512,6099
52428,512,6169.65
52428,512,6089.78
52428,512,6137.86
52428,512,6144.27
209715,512,7557.19
209715,512,7093.62
52428,512,6212.93
52428,512,6143.34
52428,512,6189.65
52428,512,6165.51
52428,512,6116.66
52428,512,6090.87
52428,512,6133.6
52428,512,6156.06
209715,512,7583.73
209715,512,7035.6
52428,512,6146.8
52428,512,6141.71
52428,512,6167.63
52428,512,6204.27
209716,512,7609.29
209715,512,7086.97
52428,512,6179.5
52428,512,6121.11
52428,512,6150.84
52428,512,6161.53
209715,512,7617.91
209715,512,7047.14
52428,512,6199.37
52428,512,6191.92
52428,512,6269.87
52428,512,6312.96
209715,512,7641.94
209715,512,7144.38
52428,512,6288.73
52428,512,6213.83
52428,512,6241.23
52428,512,6261.64
209715,512,7696.78
209715,512,6993.01
52428,512,6328.49
52428,512,6275.75
52428,512,6452.07
52428,512,6432.1
209715,512,7768.31
209715,512,7322.76
52428,512,6411.99
52429,512,6360.64
52428,512,6303.81
52428,512,6438.68
209715,512,7910.06
209715,512,7365.51
52428,512,6061.13
52428,512,6170.78
52428,512,6093.39
52428,512,6091.17
26214,512,5329.47
26214,512,5297.2
26214,512,5330.74
26214,512,5339.07
104857,512,6944.48
104857,512,6626.05
26214,512,5341.32
26214,512,5276.31
26214,512,5369.31
26214,512,5351.57
26214,512,5312.27
26214,512,5322.34
26214,512,5327.9
26214,512,5365.32
104857,512,6914.25
104857,512,6374.43
26214,512,5206.05
26214,512,5237.22
26214,512,5317.37
26214,512,5290.04
26214,512,5350.03
26214,512,5376.13
26214,512,5260.62
26214,512,5316.8
104857,512,6938.27
104857,512,6545.88
26214,512,5364.74
26214,512,5353.06
26214,512,5299.81
26214,512,5356.65
26214,512,5328.53
26214,512,5348.54
26214,512,5332.13
26214,512,5345.32
104857,512,6892.06
104857,512,6529.66
26214,512,5351.65
26214,512,5353.83
26214,512,5357.93
26214,512,5315.41
26214,512,5296.78
26214,512,5356.93
26214,512,5373.98
26214,512,5335.21
104857,512,6925.19
104857,512,6526.77
26214,512,5305.01
26214,512,5355.6
26214,512,5308.85
26214,512,5130.63
26214,512,5164.82
26214,512,5279.61
26214,512,5257.63
26214,512,5280.53
104857,512,6909.08
104857,512,6627.44
26214,512,5295.36
26214,512,5352.95
26214,512,5354.11
26214,512,5287
104857,512,6928.24
104857,512,6516.06
26214,512,5012.61
26214,512,5117.13
26214,512,5199.06
26214,512,5247.68
104857,512,6914.5
104857,512,6453.21
26214,512,5315.16
26214,512,5368.22
26214,512,5352.21
26214,512,5280.16
104857,512,6911.59
104857,512,6616.38
26214,512,5237.18
26214,512,5361.12
26214,512,5320.83
26214,512,5304.42
104857,512,6893.38
104857,512,6545.31
26214,512,5364.23
26214,512,5317.39
26214,512,5313.83
26214,512,5393.55
104857,512,6911.32
104857,512,6679.29
26214,512,5361.68
26214,512,5311.37
26214,512,5348.13
26214,512,5381.76
104857,512,6924.56
104857,512,6491.36
26214,512,5297.43
26214,512,5278.56
26214,512,5339.5
26214,512,5304.47
13107,512,4388.54
13107,512,4345.38
13107,512,4293.09
13107,512,4341.02
52428,512,6039.97
52428,512,6026.25
13107,512,4353.53
13107,512,4370.14
13107,512,4397.14
13107,512,4390.96
13107,512,4414.44
13107,512,4340.85
13107,512,4373.56
13107,512,4415.89
52428,512,6032.09
52428,512,5943.43
13107,512,4385.71
13107,512,4351.52
13107,512,4380.69
13107,512,4347.24
13107,512,4371.65
13107,512,4429.88
13107,512,4401.73
13107,512,4374.44
52428,512,6090.46
52428,512,6075.71
13107,512,4434.63
13107,512,4399.3
13107,512,4386.13
13107,512,4412.47
13107,512,4403.37
13107,512,4460.15
13107,512,4401.24
13107,512,4415.95
52428,512,6072.95
52428,512,6013.37
13107,512,4413.1
13107,512,4509.85
13107,512,4499.33
13107,512,4449.65
13107,512,4453.73
13107,512,4444.7
13107,512,4448.27
13107,512,4355.42
52428,512,6057.56
52428,512,5926.54
13107,512,4272.45
13107,512,4383.56
13107,512,4431.43
13107,512,4371.31
13107,512,4438.88
13107,512,4313.48
13107,512,4398.47
13107,512,4254.82
52428,512,6040.24
52428,512,6048.37
13107,512,4448.44
13107,512,4468.47
13107,512,4429.97
13107,512,4438.09
52428,512,6057.98
52428,512,5993.26
13107,512,4427.61
13107,512,4407.31
13107,512,4501.83
13107,512,4368.55
52428,512,6038.1
52428,512,6043.59
13107,512,4367.72
13107,512,4398.56
13107,512,4264.42
13107,512,4450.51
52428,512,6036.65
52428,512,6085.51
13107,512,4374.35
13107,512,4347.57
13107,512,4407.57
13107,512,4355.02
52428,512,5740.29
52428,512,5957.36
13107,512,4342.23
13107,512,4364.97
13107,512,4404.79
13107,512,4413.74
52428,512,6070.06
52428,512,6068.95
13107,512,4404.21
13107,512,4398.52
13107,512,4463.45
13107,512,4438.06
52428,512,6079.29
52428,512,6067.69
13107,512,4441.85
13107,512,4435.01
13107,512,4498.75
13107,512,4485.37
5242,512,2934.25
5242,512,2902.48
5242,512,2935.98
5242,512,2840.04
20971,512,4454.05
20971,512,4981.68
5242,512,2309.02
5242,512,2605.69
5242,512,2706.59
5242,512,2893.19
5242,512,2920.17
5242,512,2889.98
5242,512,2830.22
5242,512,2868.24
20971,512,4461.19
20971,512,4991.85
5242,512,2940.36
5242,512,2888.37
5242,512,2740.86
5242,512,2820.85
5242,512,2703.2
5242,512,2825.04
5242,512,2801.45
5242,512,2777.3
20971,512,4395.93
20971,512,4992.08
5242,512,2871.77
5242,512,2883.43
5242,512,2816.77
5242,512,2819.87
5242,512,2873.28
5242,512,2839.47
5242,512,2825.54
5242,512,2885.04
20971,512,4485.38
20971,512,4928.9
5242,512,2861.82
5242,512,2727.38
5242,512,2875.19
5242,512,2872.38
5242,512,2794.01
5242,512,2872.51
5242,512,2902.61
5242,512,2845.04
20971,512,4444.76
20971,512,4943.92
5242,512,2789.54
5242,512,2864.11
5242,512,2780.12
5242,512,2901.36
5242,512,2857.1
5242,512,2803.58
5242,512,2837.19
5242,512,2748.8
20971,512,4469.85
20971,512,4987
5242,512,2960.01
5242,512,2950.41
5242,512,2855.79
5242,512,2862.64
20971,512,4475.25
20971,512,5027.14
5242,512,2959.36
5242,512,2882.81
5242,512,2887.74
5242,512,2887.59
20971,512,4445.55
20971,512,4924.13
5242,512,2874.35
5242,512,2918.61
5242,512,2939.1
5242,512,2922.52
20971,512,4393.27
20971,512,5041.82
5242,512,2910.01
5242,512,2892.82
5242,512,2846.49
5242,512,2260.09
20971,512,4291.29
20971,512,4879.64
5242,512,2818.13
5242,512,2855.52
5242,512,2882.38
5242,512,2880.87
20971,512,4413.57
20971,512,5005.51
5242,512,2856.18
5242,512,2895.19
5242,512,2867.35
5242,512,2892.13
20971,512,4498.25
20971,512,4975.88
5242,512,2864.45
5242,512,2950.64
5242,512,2901.04
5242,512,2914.21
144656,512,6087.81
145219,512,6750.27
143086,512,5967.45
134140,512,5974.38
617373,512,7929.87
511909,512,8063.6
152784,512,7092.1
177501,512,7828.76
138819,512,6829.42
175788,512,7637.05
148318,512,7126.42
146820,512,7687.28
139898,512,6887.18
135158,512,7038.11
605239,512,7992.1
498916,512,7615.27
135302,512,6982
167130,512,7746.15
127129,512,6955.64
160282,512,7586.87
137228,512,7015.27
141001,512,7695.11
127709,512,6846.68
127997,512,7491.11
614701,512,8040.92
495116,512,8070.86
141404,512,6963.1
162547,512,7793.24
133241,512,6877.88
157924,512,7475.26
140148,512,7343.29
155781,512,7713.04
131610,512,7223.25
141524,512,7550.95
622718,512,8041.16
500156,512,7934.82
145809,512,7184.1
161899,512,7803.2
134961,512,7049.7
157923,512,7461.36
144846,512,7407.03
169827,512,7799.18
137419,512,7249.63
157723,512,7747.87
638805,512,8073.78
520728,512,7751.62
138115,512,7056.04
151839,512,7710.07
128572,512,6951.88
149774,512,7438.05
147527,512,7387.9
166724,512,7542.89
145068,512,7353.43
157919,512,7755.54
662743,512,8079.56
529525,512,7702.21
123866,512,6994.3
147677,512,7467.66
110753,512,6619.22
145625,512,7497.43
485342,512,8348.62
372276,512,7286.21
137762,512,7120.23
152588,512,7359.13
124825,512,6975.71
152847,512,7271.04
472169,512,7667.32
364688,512,7726.55
105892,512,6755.61
152424,512,7557.56
96613,512,6774.36
141359,512,7155.59
498329,512,8417.69
374306,512,7738.26
111037,512,6897.01
141993,512,7377.02
105115,512,6753.64
131116,512,7009.8
521358,512,8439.06
382228,512,7780.08
112897,512,6727.59
135583,512,7378.46
105657,512,6597.85
124591,512,7139.84
524195,512,8468.79
379576,512,7610.39
123414,512,7087.17
142424,512,7519.53
114404,512,6915.67
133618,512,7244.98
518126,512,8459.36
360766,512,7426.8
127963,512,6952.9
137811,512,7466.99
119801,512,6935.66
131226,512,7068.14
110054,512,5788.59
100849,512,6535.14
69340,512,4583.13
69926,512,4820.1
520881,512,8475.54
420270,512,7543.86
176573,512,7355.76
164906,512,7611.37
119346,512,6665.73
163179,512,7030.94
131179,512,7049.77
106332,512,6780.89
80702,512,6173.06
75910,512,6083.41
434108,512,8335.36
364167,512,6020.25
115824,512,5926.08
118372,512,5949.16
73184,512,4886.99
95756,512,5871.34
132447,512,6226.77
106685,512,6188.94
85843,512,5548.87
78662,512,5552.28
451905,512,7662.01
377715,512,6188.83
131164,512,6288.27
130939,512,6984.58
81929,512,6081.19
114764,512,6944.97
133557,512,7221.71
114906,512,7238.97
86931,512,6496.96
87415,512,6856.82
480220,512,8543.43
389027,512,6968.62
144587,512,7246.7
131025,512,7086.4
92656,512,6168.73
115987,512,7218.09
144703,512,7280.64
128707,512,7605.88
97146,512,6626.07
100981,512,7208.77
519534,512,7880.65
435213,512,7021.26
151362,512,7100.15
131393,512,7364.91
95590,512,6289.77
119793,512,7124.34
145197,512,7471.98
145080,512,7653.37
101998,512,6822.79
112628,512,7257.01
562881,512,7988.44
463789,512,6958.72
130724,512,7135.9
106538,512,6801.61
68242,512,6417.65
94758,512,6776.66
464225,512,8176.67
348379,512,6642.12
157973,512,7402.9
128921,512,7385.71
96673,512,6218.98
122165,512,6873.91
225571,512,7139.83
205326,512,5661.86
65235,512,5934.06
83880,512,6860.23
37002,512,5301.48
58084,512,4947.77
281342,512,6949.89
253598,512,5599.38
84469,512,5900.3
98998,512,6331.58
45258,512,5200.93
74105,512,5151.56
291371,512,6958.51
256402,512,5692.68
109587,512,6106.63
99608,512,6385.47
60842,512,5454.34
76770,512,5400.43
301623,512,7030.33
236448,512,5335.63
116101,512,5988.38
93737,512,6300.8
69341,512,5548.15
72872,512,5083.55
266304,512,6585.35
179846,512,4762.46
118976,512,6339.43
87654,512,6587.48
69802,512,6287.57
68146,512,5973.11
69048,512,4853.99
70699,512,5870.72
55824,512,4330.17
51977,512,4335.34
440834,512,8581.89
349724,512,7543.95
142988,512,7170.15
140146,512,7504.36
102718,512,6762.23
144324,512,7003.67
90907,512,6142.68
79001,512,6771.42
71333,512,5653.22
59864,512,4725.17
350127,512,8187.87
278118,512,6849.26
77453,512,5195.66
97490,512,6007.47
58782,512,4346.86
79224,512,5723.58
72798,512,5810.37
80140,512,6409.57
60387,512,5742.47
59524,512,5696.68
377531,512,7474.98
301616,512,6946.08
85602,512,5310.34
106244,512,6682.72
64319,512,4956.53
92139,512,6502.41
80374,512,5818.49
91729,512,6764.09
68532,512,6127.42
70060,512,6315.04
413100,512,7925.96
326865,512,7684.8
100219,512,6654.75
112406,512,7353.98
76218,512,6330.2
99957,512,7077.19
89251,512,6596.04
113306,512,7390.73
75834,512,6520.9
88878,512,7116.77
454699,512,7761.71
370593,512,7528.29
99341,512,6523.35
113026,512,6790
75788,512,6310.02
103039,512,6827.1
95971,512,6842.17
126777,512,7416.01
84980,512,6762.16
99415,512,7068.1
483495,512,8473.18
392291,512,6884.02
78700,512,6414.36
89338,512,6159.5
60344,512,6514.91
81600,512,6925.17
377485,512,7881.93
263284,512,6359.4
125652,512,6897.89
98723,512,7057.06
91651,512,6221.53
101724,512,6740.26
139876,512,6566.19
104165,512,5175.91
40729,512,4789.55
59136,512,6456.58
32292,512,4907.87
38547,512,4987.43
194581,512,7047.88
150283,512,5387.58
42786,512,5100.41
66156,512,6060.74
33491,512,4875.78
47033,512,4751.39
247017,512,6864.38
179358,512,5419.89
55210,512,5227.76
68722,512,6056.83
40973,512,5315.68
52095,512,5112.2
248270,512,6957.97
172574,512,5067.69
71451,512,5350.38
73260,512,6178.34
54975,512,5354.28
59423,512,5101.33
222621,512,6480.01
136351,512,4228.02
74612,512,5724.23
68003,512,5557.13
58713,512,5811.56
55485,512,5631.36
55839,512,4415.89
47152,512,5237.06
40749,512,3658.15
31688,512,3779.95
246942,512,7015.55
187181,512,5240.83
108105,512,6001.82
107497,512,6340
65349,512,4726.39
112066,512,6121.77
53552,512,4779.74
46022,512,5143.72
38979,512,4405.81
28332,512,3546.53
181465,512,6365.36
138731,512,5086.85
44787,512,3884.9
56702,512,5040.74
30654,512,3258.07
40235,512,4770.34
49209,512,5178.33
55295,512,5216.03
37240,512,4922.85
33400,512,4861.21
209478,512,6806.29
170877,512,5629.62
59402,512,5240.81
78627,512,5782.15
40400,512,5286.33
58892,512,5562.83
51857,512,5228.54
60576,512,5569.41
42887,512,5299.56
40323,512,5429.76
249613,512,7189.46
196462,512,5830.81
65126,512,4834.52
73887,512,5853.74
44367,512,4334.36
60688,512,5929.91
60021,512,5034.19
83964,512,6532.52
47934,512,5552.87
56646,512,5905.59
302452,512,7355.32
246814,512,6061.48
65341,512,4913.8
81599,512,6037.55
45839,512,4683.07
66444,512,5821.96
63673,512,5191.91
94580,512,6518.02
54191,512,5336.22
65642,512,6113.26
343356,512,7410.07
257197,512,4984.99
41783,512,5240.05
52641,512,5478.06
29547,512,5693.94
42360,512,5805.5
216719,512,6950.84
149618,512,6441.74
81604,512,5857.81
64242,512,6551.25
43030,512,4438.61
61783,512,5723
48481,512,4218.35
38360,512,3891.39
18164,512,2841.45
29508,512,5031.18
13422,512,3449.74
18682,512,3190.52
101911,512,5377.83
82333,512,4840.57
19741,512,2580.31
38241,512,5359.71
15129,512,3224.39
25640,512,3580.31
114133,512,5564.96
85304,512,4248.65
36347,512,4350.29
44755,512,5508.33
25265,512,4721.14
30012,512,4206.35
115983,512,5474.42
83975,512,4210.96
48912,512,5301.74
44247,512,5453.2
33185,512,5107.22
27808,512,4014.03
83494,512,4734.25
48292,512,3257.43
42541,512,4347.48
43863,512,4851.46
30263,512,4746.18
31688,512,4217.79
34247,512,3120.85
19404,512,4205.14
16396,512,1741.77
11969,512,2041.2
104673,512,5468.87
81975,512,3522.57
97078,512,5636.51
69893,512,5484.08
25760,512,2608.71
69617,512,4986.84
48869,512,4489.82
21820,512,3604.57
15338,512,3098.46
10662,512,2292.62
41663,512,3823.74
36012,512,3532.96
42364,512,3465.84
32657,512,3723.18
13187,512,2278.01
17178,512,3624.77
50871,512,4965.57
27364,512,4285.47
15168,512,3572.23
13381,512,3183.26
52212,512,4366.83
48390,512,3856.99
55223,512,4412.32
42626,512,4296.57
15872,512,3131.59
24727,512,3977.56
54011,512,4780.81
38147,512,5127.4
17464,512,3930.98
16461,512,3855.2
72869,512,5114.38
71587,512,4482.43
66349,512,4930.47
49036,512,4489.09
18628,512,3627.14
30148,512,4869.22
63533,512,5019.84
47347,512,5826.61
19514,512,3685.69
23243,512,4932.82
100398,512,5667.34
85572,512,4280.67
58607,512,5124.17
37223,512,4780.22
14595,512,3100.44
23119,512,4162.11
70285,512,5127.46
56422,512,6015.4
21842,512,4224.28
27155,512,5340.12
130289,512,6072.19
90678,512,3362.08
48564,512,4735.05
26377,512,4567
9201,512,3095.01
16237,512,3644.11
58872,512,3865.55
55804,512,4067.3
69433,512,5055.96
57004,512,5119.75
12532,512,2411.43
53312,512,4703.78
19051,512,2556.64
20119,512,3701.27
10834,512,1459.92
21594,512,4636.49
3649,512,1426.65
14972,512,2836.98
19537,512,2684.78
20744,512,3883.58
32975,512,3942.3
19159,512,4338.87
8520,512,2719.89
9463,512,2163.41
21054,512,2722.16
21606,512,3917.44
19284,512,2997.45
16852,512,3970.98
5429,512,1834.44
8863,512,2134.49
20900,512,2782.09
18007,512,3113.71
29744,512,3851.15
15941,512,4095.56
7369,512,2506.85
9554,512,2259.33
16100,512,2448.3
9871,512,2436.08
32053,512,4025.18
18132,512,3798.82
7471,512,2558.89
12811,512,2902.06
17538,512,2123.12
9689,512,3164.42
9630,512,1440.07
5732,512,1377.87
49727,512,4493.2
41575,512,3296.97
60339,512,4858.34
33846,512,4550.78
10762,512,1308.04
34845,512,3900.04
27165,512,3615.27
12022,512,3457.39
7018,512,1810.06
4981,512,1733.74
18329,512,2775.17
18724,512,3306.8
20384,512,2490
20795,512,3527.78
5704,512,1455.85
9461,512,2877.1
21954,512,3706.08
12498,512,3642.82
5460,512,2243.36
4860,512,2034.92
19355,512,3033.22
20125,512,3766.29
29397,512,3977.92
26491,512,3951.51
6978,512,2513.38
12252,512,3554.87
23425,512,4095.9
20550,512,4195.07
6200,512,2806.03
7340,512,2710.17
25190,512,3430.83
29575,512,4213.04
33448,512,3878.52
35320,512,4856.55
8490,512,2004.59
16466,512,3940.67
25495,512,3629.43
36244,512,4673.31
7017,512,3010.21
11888,512,3739.54
33082,512,3981.79
44738,512,4387.21
25079,512,3578.35
31458,512,4349.13
6391,512,2347.04
14370,512,3651.59
44130,512,4403.05
37424,512,5621.34
10100,512,3195.23
15476,512,4416.66
42127,512,4351.27
29857,512,2333.35
18768,512,3021.99
14559,512,3106.23
3701,512,1733.98
9011,512,2899.72
26707,512,2743.81
26895,512,3377.59
46041,512,4086.86
39819,512,4512.44
5371,512,1404.3
35052,512,4198.42
3789,512,989.43
3298,512,1548.3
10357,512,1450.64
5954,512,2757.46
2109,512,1057.21
2920,512,1085.8
3678,512,817.458
3035,512,1742.47
3920,512,912.242
6539,512,2669.98
1294,512,597.304
3906,512,1257.27
6591,512,1521.79
6228,512,2194.73
10973,512,2236.98
10235,512,3227.53
2888,512,1053.74
6614,512,1977.91
5856,512,1366.88
5056,512,2229.04
21060,512,3396.39
9576,512,3022.27
4067,512,2000.39
4228,512,1417.42
4933,512,1219.61
2797,512,1164.99
16062,512,3181.94
8583,512,2763.99
3442,512,1776.62
6578,512,2184.8
0,512,0
929,512,840.651
0,512,0
246,512,136.208
14047,512,2534.16
20596,512,3478.08
22905,512,3060.29
27236,512,4053.6
5473,512,837.878
25435,512,3866.49
0,512,0
77,512,83.1888
0,512,0
19,512,18.0088
1932,512,556.496
1833,512,1137.71
8299,512,2104.68
20258,512,3631.01
4656,512,1400.73
6968,512,2473.03
39,512,24.7496
6,512,5.89082
8,512,7.913
20,512,17.3863
1005,512,297.466
960,512,767.905
15889,512,2675.37
26465,512,3763.58
4629,512,1805.96
9380,512,2592.07
2992,512,570.342
1844,512,1318.85
640,512,364.554
401,512,257.777
1423,512,416.265
1698,512,1224.37
13471,512,2842.58
25799,512,3590.17
5084,512,2100.02
10880,512,2200.92
10658,512,1562.71
7785,512,2349.94
5360,512,1076.84
2762,512,1105.81
1185,512,332.646
1198,512,971.025
4459,512,1055.03
4413,512,2125.33
1897,512,794.316
1883,512,914.166
30410,512,3423.69
23696,512,4521.48
14210,512,3224.41
7168,512,2434.67
1373,512,311.521
1671,512,1322.01
5531,512,948.396
2353,512,1360.47
2904,512,1075.14
743,512,458.189
0,512,0
0,512,0
9554,512,1667.54
19357,512,3466.63
5442,512,1461.64
13274,512,2204.05
0,512,0
0,512,0
1670,512,589.013
1644,512,1248.71
1203,512,406.782
301,512,193.674
159,512,43.9205
274,512,294.617
87,512,56.2701
193,512,197.462
15,512,15.4456
19,512,19.3951
0,512,0
0,512,0
0,512,0
0,512,0
0,512,0
0,512,0
0,512,0
0,512,0
0,512,0
0,512,0
0,512,0
0,512,0
0,512,0
0,512,0
0,512,0
0,512,0
0,512,0
0,512,0
