128761,512,512,512,2324.27
132877,512,512,512,3150.14
142349,512,512,512,3106.49
122501,512,512,512,3118.56
657561,2048,512,512,3953.77
587093,512,2048,512,3590.89
158760,512,512,512,3420.69
161312,512,512,512,3388.05
154701,512,512,512,3401.16
163812,512,512,512,3452.14
138452,512,512,512,3373.31
140197,512,512,512,3444.45
139415,512,512,512,3302.18
130440,512,512,512,3311.28
615379,2048,512,512,3932.5
552458,512,2048,512,3545.29
122396,512,512,512,3181.09
163814,512,512,512,3495.48
119017,512,512,512,3197.8
156550,512,512,512,3424.02
130692,512,512,512,3316.23
144385,512,512,512,3466.27
131820,512,512,512,3318.25
133155,512,512,512,3428.1
629035,2048,512,512,3938.67
550086,512,2048,512,3646.44
129969,512,512,512,3369.73
164324,512,512,512,3532.81
131426,512,512,512,3389.25
157607,512,512,512,3482.34
132401,512,512,512,3406.98
158040,512,512,512,3475.47
136023,512,512,512,3422.43
146596,512,512,512,3500.44
640824,2048,512,512,3958.48
560424,512,2048,512,3630.96
133334,512,512,512,3404.7
165516,512,512,512,3522.99
134172,512,512,512,3389.82
161231,512,512,512,3488.29
128782,512,512,512,3421.43
171580,512,512,512,3527.96
135490,512,512,512,3420.76
157572,512,512,512,3484.42
655737,2048,512,512,3946.35
588044,512,2048,512,3630.27
125661,512,512,512,3143.61
154825,512,512,512,3458.6
127452,512,512,512,3210.98
153730,512,512,512,3328.39
129316,512,512,512,3348.97
176891,512,512,512,3545.24
141501,512,512,512,3449.6
161782,512,512,512,3428.95
673253,2048,512,512,3923.78
611291,512,2048,512,3543.49
102691,512,512,512,3261.77
136832,512,512,512,3346.29
105460,512,512,512,3297.92
134494,512,512,512,3439.47
546132,2048,512,512,3836.39
478771,512,2048,512,3363.23
126309,512,512,512,3136.89
127433,512,512,512,3191.72
124950,512,512,512,3114.38
136926,512,512,512,3275.77
512834,2048,512,512,3883.38
430911,512,2048,512,3333.94
89535,512,512,512,2992.64
142150,512,512,512,3380.88
83912,512,512,512,2957.33
126151,512,512,512,3239.28
526135,2048,512,512,3901.22
434134,512,2048,512,3226.31
100634,512,512,512,3069.57
132334,512,512,512,3384.53
96583,512,512,512,3060.55
120956,512,512,512,3136.81
527460,2048,512,512,3863.23
428269,512,2048,512,3328.68
103808,512,512,512,3203.26
127274,512,512,512,3321.49
102659,512,512,512,3138.78
119034,512,512,512,3269.78
529427,2048,512,512,3874.37
424951,512,2048,512,3320.15
117377,512,512,512,3229.74
122898,512,512,512,3241.42
114955,512,512,512,3185.45
118573,512,512,512,3224.28
504860,2048,512,512,3848.18
400093,512,2048,512,3029.4
115234,512,512,512,3263.19
120376,512,512,512,3190.65
114692,512,512,512,3279.22
119087,512,512,512,3328.3
7941902,33288,512,512,3737.09
82388,512,512,512,2532.55
95040,512,512,512,2757.59
95047,512,512,512,2702.66
81972,512,512,512,2791.95
559163,2048,512,512,3926.6
479025,512,2048,512,3461.43
123005,512,512,512,3120.56
134139,512,512,512,3206.52
117970,512,512,512,3126.07
136606,512,512,512,3287.53
108827,512,512,512,3028
113602,512,512,512,3251.98
110167,512,512,512,2964.37
103331,512,512,512,3053.95
500782,2048,512,512,3867.99
433174,512,2048,512,3390.38
83660,512,512,512,2959.7
139159,512,512,512,3373.33
79680,512,512,512,2987.85
128804,512,512,512,3272.22
93269,512,512,512,3184.35
116477,512,512,512,3381.2
96336,512,512,512,3173.76
100708,512,512,512,3257.96
513866,2048,512,512,3878.37
431100,512,2048,512,3481.99
94610,512,512,512,3154.73
138919,512,512,512,3469.96
97046,512,512,512,3206.39
129913,512,512,512,3388.42
91737,512,512,512,3168.42
128003,512,512,512,3427.52
97528,512,512,512,3220.49
111611,512,512,512,3357.51
530735,2048,512,512,3913.04
446252,512,2048,512,3456.96
96734,512,512,512,3194.23
139126,512,512,512,3442.45
97673,512,512,512,3228.4
132027,512,512,512,3420.63
99926,512,512,512,3244.76
146522,512,512,512,3461.51
105672,512,512,512,3297.9
131348,512,512,512,3468.08
560299,2048,512,512,3902.97
483219,512,2048,512,3389.97
99871,512,512,512,3166.86
139835,512,512,512,3304.63
100632,512,512,512,3109.9
135476,512,512,512,3334.57
100073,512,512,512,3287.82
158983,512,512,512,3460
110849,512,512,512,3310.82
140232,512,512,512,3347.73
584554,2048,512,512,3900.73
515851,512,2048,512,3247.48
72786,512,512,512,3000.42
111169,512,512,512,3007.33
75465,512,512,512,3108.1
108697,512,512,512,3361.7
418763,2048,512,512,3704.19
331624,512,2048,512,3321.68
104724,512,512,512,3123.83
104369,512,512,512,3114.77
100685,512,512,512,3135.84
114837,512,512,512,3286.49
384080,2048,512,512,3708.17
294467,512,2048,512,3414.98
52376,512,512,512,2792.63
108226,512,512,512,3294.83
49216,512,512,512,2776.03
88225,512,512,512,2995.04
390912,2048,512,512,3704.44
292071,512,2048,512,3397.1
68275,512,512,512,2875.97
97898,512,512,512,3223.85
65237,512,512,512,2876
82951,512,512,512,3002.11
395711,2048,512,512,3727.82
291221,512,2048,512,3390.26
71474,512,512,512,2982.16
99155,512,512,512,3281.79
69597,512,512,512,2946.59
91595,512,512,512,2993.07
386282,2048,512,512,3709.39
286061,512,2048,512,3328.59
74946,512,512,512,2990.97
93347,512,512,512,3173.55
73526,512,512,512,2956.65
87577,512,512,512,3123.44
372892,2048,512,512,3679.46
268393,512,2048,512,2947.15
83966,512,512,512,3147.46
91238,512,512,512,3039.17
82765,512,512,512,3165.15
85516,512,512,512,3022.56
6970877,33288,512,512,3733.61
48820,512,512,512,2005.73
61079,512,512,512,2296.81
59699,512,512,512,2223.01
49720,512,512,512,2267.08
457008,2048,512,512,3875.08
380232,512,2048,512,3274.85
100329,512,512,512,3038.83
112503,512,512,512,3160.58
94479,512,512,512,3076.32
114846,512,512,512,3246.39
82527,512,512,512,2787.52
86541,512,512,512,3107.79
84021,512,512,512,2807.79
74658,512,512,512,2819.53
371268,2048,512,512,3712.38
296938,512,2048,512,3066.24
59207,512,512,512,2669.33
110975,512,512,512,3293.56
55989,512,512,512,2796.83
99131,512,512,512,3281.89
59373,512,512,512,2932.17
88269,512,512,512,3281.18
64712,512,512,512,2924.22
69763,512,512,512,3115.94
383955,2048,512,512,3773.51
302682,512,2048,512,3385.48
75307,512,512,512,3130.86
120987,512,512,512,3356.27
74395,512,512,512,3091.89
110489,512,512,512,3327.86
69106,512,512,512,3042.01
107546,512,512,512,3355.81
74384,512,512,512,3089.33
86780,512,512,512,3291.7
406737,2048,512,512,3798.78
316678,512,2048,512,3342.94
75207,512,512,512,3130.62
115311,512,512,512,3362.49
77122,512,512,512,3146.08
106452,512,512,512,3309.98
75019,512,512,512,3058.2
125521,512,512,512,3402.99
83525,512,512,512,3119.65
105434,512,512,512,3268.36
445126,2048,512,512,3830.29
360576,512,2048,512,3244.86
66207,512,512,512,3004.02
107436,512,512,512,3156.58
69103,512,512,512,3033.38
100659,512,512,512,3220.65
80509,512,512,512,3130.46
140067,512,512,512,3433.51
94610,512,512,512,3194.22
117697,512,512,512,3359.85
469702,2048,512,512,3892.97
393501,512,2048,512,3075.23
53044,512,512,512,2818.56
91720,512,512,512,2820.22
54347,512,512,512,2140.47
87767,512,512,512,3275.6
319674,2048,512,512,3556.24
246891,512,2048,512,3134.28
64552,512,512,512,2861.18
73664,512,512,512,2622.66
61364,512,512,512,2889.9
83434,512,512,512,3089.21
237924,2048,512,512,3456.45
152630,512,2048,512,2933.85
32419,512,512,512,2306.18
75766,512,512,512,3029.03
30510,512,512,512,2331.72
57281,512,512,512,2630.82
239685,2048,512,512,3454.88
155797,512,2048,512,2779.55
43886,512,512,512,2608.44
73089,512,512,512,3132.77
39292,512,512,512,2558.11
62094,512,512,512,2896.62
241817,2048,512,512,3314.9
154531,512,2048,512,2738.66
49628,512,512,512,2768.1
57036,512,512,512,2945.28
48540,512,512,512,2854.31
49310,512,512,512,2789.45
219154,2048,512,512,3259.33
147362,512,2048,512,2568.24
33528,512,512,512,2364.51
53373,512,512,512,2878.1
34631,512,512,512,2439.54
44365,512,512,512,2501.03
195846,2048,512,512,3098.24
120625,512,2048,512,1995.7
54241,512,512,512,2872.57
71756,512,512,512,2880.55
51254,512,512,512,2861.54
64594,512,512,512,2850.95
5924545,33288,512,512,3668.67
45935,512,512,512,2212.24
46296,512,512,512,2047.15
52919,512,512,512,2312.96
38370,512,512,512,2243.71
331367,2048,512,512,3736.23
265406,512,2048,512,2925.72
65174,512,512,512,2719.17
85635,512,512,512,2831.57
59884,512,512,512,2720.55
89665,512,512,512,3034.19
45262,512,512,512,2459.58
57303,512,512,512,2788.52
48014,512,512,512,2465.81
44781,512,512,512,2580.51
250381,2048,512,512,3517.36
189258,512,2048,512,2764.26
40322,512,512,512,2374.61
85967,512,512,512,3098.48
36932,512,512,512,2526.68
74639,512,512,512,3126.24
44052,512,512,512,2636.18
61540,512,512,512,3008.49
47508,512,512,512,2745.76
46746,512,512,512,2878.55
265383,2048,512,512,3546.16
195030,512,2048,512,3141.41
42118,512,512,512,2764.17
91334,512,512,512,3270.05
42774,512,512,512,2699.41
79227,512,512,512,3171.01
38467,512,512,512,2658.55
71031,512,512,512,3127.4
44005,512,512,512,2754.41
53746,512,512,512,2959.49
283233,2048,512,512,3625.65
202509,512,2048,512,3203.62
46461,512,512,512,2775.86
78908,512,512,512,3136.37
48194,512,512,512,2781.07
72580,512,512,512,3126.92
43854,512,512,512,2704.36
96524,512,512,512,3312
51673,512,512,512,2803.91
76538,512,512,512,3192.51
320489,2048,512,512,3663.5
247453,512,2048,512,2974.29
40847,512,512,512,2825.18
81975,512,512,512,3112.76
42541,512,512,512,2808.86
75412,512,512,512,3207.21
49860,512,512,512,2888.47
110313,512,512,512,3289.59
61547,512,512,512,3013.09
88378,512,512,512,3195.59
345592,2048,512,512,3707.09
274829,512,2048,512,2744.3
25374,512,512,512,2240.38
60536,512,512,512,2453.95
25890,512,512,512,2358.83
57422,512,512,512,2990.79
209395,2048,512,512,3358.17
151186,512,2048,512,2685.94
32695,512,512,512,2411.87
42140,512,512,512,2630.35
30524,512,512,512,2364.7
49135,512,512,512,2776.17
126254,2048,512,512,2853.7
76575,512,2048,512,2403.74
17164,512,512,512,2035.1
52044,512,512,512,2957.9
14299,512,512,512,1905.04
37690,512,512,512,2414.7
146819,2048,512,512,3118.06
84761,512,2048,512,2610.29
23183,512,512,512,2275.37
49133,512,512,512,2936.67
21266,512,512,512,2223.35
36818,512,512,512,2427.73
144374,2048,512,512,2959.36
87498,512,2048,512,2648.19
20567,512,512,512,2066.22
39685,512,512,512,2750.01
19186,512,512,512,1991.17
32050,512,512,512,2286.41
133310,2048,512,512,2966
81004,512,2048,512,2389.61
25603,512,512,512,2278.12
40168,512,512,512,2753.52
23381,512,512,512,2233.41
32959,512,512,512,2385.5
117647,2048,512,512,2739.54
69633,512,2048,512,1746.45
23953,512,512,512,2209.48
31670,512,512,512,2161.77
22904,512,512,512,2283.09
28133,512,512,512,2477.23
4045117,33288,512,512,3526.66
34335,512,512,512,2003.5
29747,512,512,512,2259.91
42332,512,512,512,2042.6
23730,512,512,512,2059.7
165318,2048,512,512,3201.58
114116,512,2048,512,3227.46
34464,512,512,512,2458.49
60724,512,512,512,3059.2
30956,512,512,512,2283.59
62144,512,512,512,2952.98
27947,512,512,512,2046.29
32084,512,512,512,2706.17
31500,512,512,512,2026.95
26063,512,512,512,2159.75
144805,2048,512,512,3145.4
93516,512,2048,512,3206.29
19984,512,512,512,1975.18
51570,512,512,512,2984.7
18956,512,512,512,2010.41
45617,512,512,512,2849.32
17384,512,512,512,2238.58
30722,512,512,512,2743.04
20613,512,512,512,2209.21
23618,512,512,512,2477.35
150601,2048,512,512,3234.52
91018,512,2048,512,3174.95
22986,512,512,512,2232.24
50560,512,512,512,2945.09
23332,512,512,512,2119.74
48332,512,512,512,2942.03
18710,512,512,512,2006.43
48771,512,512,512,2993.95
22976,512,512,512,2229.92
37207,512,512,512,2829.09
158689,2048,512,512,3251.17
91220,512,2048,512,3105.73
25803,512,512,512,2090.04
51980,512,512,512,3060.32
27000,512,512,512,2075.49
50793,512,512,512,2805.52
22110,512,512,512,2156.33
70194,512,512,512,3136.4
27829,512,512,512,2526.68
55987,512,512,512,3068.77
166966,2048,512,512,3227.32
100492,512,2048,512,3120.95
16560,512,512,512,1746.53
39864,512,512,512,2889.92
17972,512,512,512,1838.71
38720,512,512,512,2724.96
24537,512,512,512,2381.6
65081,512,512,512,3094.55
35051,512,512,512,2693.48
54980,512,512,512,3088.56
189128,2048,512,512,3423.86
109440,512,2048,512,2454.97
6244,512,512,512,1236.15
26927,512,512,512,2314.82
7420,512,512,512,1469.53
26093,512,512,512,2479.05
53227,2048,512,512,2420.4
34630,512,2048,512,2237.92
13396,512,512,512,1926.18
27558,512,512,512,2206.85
12282,512,512,512,1782.42
32402,512,512,512,2512.77
59715,2048,512,512,2179.72
31978,512,2048,512,2463.25
8006,512,512,512,1517.95
25723,512,512,512,2117.6
7531,512,512,512,1462.22
18901,512,512,512,2110
73174,2048,512,512,2418.73
37471,512,2048,512,2664.01
7276,512,512,512,1345.36
25171,512,512,512,2355.27
6459,512,512,512,1254.46
19734,512,512,512,2121.31
77994,2048,512,512,2594.7
38793,512,2048,512,2580.09
11015,512,512,512,1725.2
24419,512,512,512,2360.93
10472,512,512,512,1710.48
20582,512,512,512,2215.35
70998,2048,512,512,2424.08
35760,512,2048,512,2608.81
8285,512,512,512,1620.29
20839,512,512,512,2159.48
7826,512,512,512,1458.01
17985,512,512,512,2054.79
61917,2048,512,512,2377.53
28848,512,2048,512,1516.23
11904,512,512,512,1756.24
21574,512,512,512,1948.95
11724,512,512,512,1750.36
20289,512,512,512,2173.4
1938914,33288,512,512,3210.04
13591,512,512,512,1167.55
11834,512,512,512,1217.84
18364,512,512,512,1373.01
8842,512,512,512,1167.26
107573,2048,512,512,2997.67
80849,512,2048,512,2417.46
16771,512,512,512,1923.73
28842,512,512,512,2006.29
13807,512,512,512,1802.81
31600,512,512,512,2354.02
13156,512,512,512,1506.77
15612,512,512,512,2106.62
15414,512,512,512,1601.52
10938,512,512,512,1559.61
48981,2048,512,512,2215.43
34082,512,2048,512,1903.23
7091,512,512,512,1106.21
27698,512,512,512,2431.82
6302,512,512,512,1306.96
21599,512,512,512,2345.82
6119,512,512,512,1415.82
11183,512,512,512,1990.72
7324,512,512,512,1454.8
7750,512,512,512,1430.22
55048,2048,512,512,2330.88
35955,512,2048,512,2053.1
8454,512,512,512,1441.28
27387,512,512,512,2507.72
8560,512,512,512,1593.14
22070,512,512,512,2423.92
7508,512,512,512,1544.81
18737,512,512,512,2388.9
9838,512,512,512,1725.85
12906,512,512,512,2058.91
63204,2048,512,512,1787.57
40951,512,2048,512,2140.7
10143,512,512,512,1564.41
31538,512,512,512,2691.69
10640,512,512,512,1662.5
26736,512,512,512,2593.47
10085,512,512,512,1759.17
31635,512,512,512,2739.33
12905,512,512,512,2051.59
23675,512,512,512,2537.07
75648,2048,512,512,2648.65
51508,512,2048,512,1761.22
8793,512,512,512,1409.79
23635,512,512,512,1773.58
8673,512,512,512,1490.23
20949,512,512,512,2165.53
11498,512,512,512,1758.99
50919,512,512,512,2913.23
15955,512,512,512,2152.45
35619,512,512,512,2688.46
90763,2048,512,512,2825.38
66881,512,2048,512,1456.89
2012,512,512,512,665.124
9731,512,512,512,920.597
2143,512,512,512,655.759
8160,512,512,512,1638.27
53936,2048,512,512,2052.29
37885,512,2048,512,2018.18
4860,512,512,512,1092.23
8693,512,512,512,1655.56
4594,512,512,512,1052.88
10765,512,512,512,1566.35
19771,2048,512,512,1514.61
11460,512,2048,512,1439.6
3116,512,512,512,882.602
17085,512,512,512,2248.72
2706,512,512,512,926.241
11679,512,512,512,1624.55
21492,2048,512,512,1540.13
12675,512,2048,512,1612
3128,512,512,512,747.892
8602,512,512,512,1732.72
2649,512,512,512,820.799
5842,512,512,512,1249.31
21069,2048,512,512,1377.69
12926,512,2048,512,1204.43
3130,512,512,512,874.855
8456,512,512,512,1515.39
2888,512,512,512,816.757
5920,512,512,512,1144.91
16569,2048,512,512,1184.62
10555,512,2048,512,1151.54
3975,512,512,512,1020.25
9829,512,512,512,1774.86
3688,512,512,512,976.348
6880,512,512,512,1301.47
14652,2048,512,512,1217.79
9374,512,2048,512,677.741
2878,512,512,512,842.021
5607,512,512,512,901.798
2627,512,512,512,838.334
4187,512,512,512,994.962
1251031,33288,512,512,2996.96
7994,512,512,512,960.601
6230,512,512,512,1421.84
10825,512,512,512,1021.87
4266,512,512,512,840.009
37336,2048,512,512,2138.02
28863,512,2048,512,2065.56
5646,512,512,512,1297.93
17872,512,512,512,2368.87
4679,512,512,512,1247.34
21603,512,512,512,2195.11
5126,512,512,512,1034.41
5757,512,512,512,1415.88
6474,512,512,512,1062.54
3865,512,512,512,950.288
18332,2048,512,512,1603.62
14699,512,2048,512,2019.94
3668,512,512,512,913.521
11791,512,512,512,2020.41
3797,512,512,512,892.591
10070,512,512,512,1750.47
3401,512,512,512,948.427
5162,512,512,512,1418.19
4111,512,512,512,1101.2
3691,512,512,512,1096.04
13036,2048,512,512,1349.08
9863,512,2048,512,1773.75
4359,512,512,512,1140.19
13924,512,512,512,2181.08
4174,512,512,512,1146.01
11995,512,512,512,1948.43
3302,512,512,512,1086.24
7543,512,512,512,1702.38
4222,512,512,512,1176.1
6012,512,512,512,1452.09
12635,2048,512,512,1288.16
9668,512,2048,512,1697.42
4405,512,512,512,1104.05
10699,512,512,512,1924.09
4559,512,512,512,1137.97
9516,512,512,512,1814.19
4352,512,512,512,1203.01
15753,512,512,512,2297.35
5559,512,512,512,1365.87
12052,512,512,512,2036.37
14538,2048,512,512,1479.87
11200,512,2048,512,1169.9
2258,512,512,512,778.097
8183,512,512,512,1715.4
2408,512,512,512,794.801
6857,512,512,512,1446.31
4500,512,512,512,1226.18
23566,512,512,512,2511.09
5989,512,512,512,1462.26
17053,512,512,512,2303.85
17556,2048,512,512,1559.56
14256,512,2048,512,676.818
742,512,512,512,297.125
2728,512,512,512,797.953
806,512,512,512,342.637
2370,512,512,512,753.877
21989,2048,512,512,1640.59
16969,512,2048,512,1998.65
1040,512,512,512,410.547
6990,512,512,512,1599.86
971,512,512,512,464.541
10210,512,512,512,1787.55
4276,2048,512,512,528.768
3145,512,2048,512,677.653
1083,512,512,512,460.392
7508,512,512,512,1650.39
989,512,512,512,439.174
5246,512,512,512,1066.36
3167,2048,512,512,464.614
2309,512,2048,512,573.108
1566,512,512,512,599.336
4323,512,512,512,1176.45
1368,512,512,512,571.302
3317,512,512,512,883.797
2099,2048,512,512,367.918
1606,512,2048,512,435.065
1259,512,512,512,439.466
3983,512,512,512,1115.1
1243,512,512,512,466.034
2880,512,512,512,824.698
1483,2048,512,512,247.553
1166,512,2048,512,306.968
827,512,512,512,373.192
1872,512,512,512,654.152
712,512,512,512,331.103
1394,512,512,512,508.136
1887,2048,512,512,302.393
1200,512,2048,512,281.706
419,512,512,512,199.97
812,512,512,512,301.789
391,512,512,512,188.009
645,512,512,512,300.71
584680,33288,512,512,2503.77
131072,512,512,512,3346.21
131072,512,512,512,3074.38
131072,512,512,512,3352.66
131072,512,512,512,3374.88
524288,2048,512,512,3831.96
524288,512,2048,512,3364.56
131072,512,512,512,3259.17
131072,512,512,512,3091.66
131072,512,512,512,3265.19
131072,512,512,512,3260.59
131072,512,512,512,3294.27
131072,512,512,512,3211.47
131072,512,512,512,3308.56
131072,512,512,512,3389.58
524288,2048,512,512,3877.03
524288,512,2048,512,3389.43
131072,512,512,512,3220.84
131072,512,512,512,3237.78
131072,512,512,512,3213.07
131072,512,512,512,3228.72
131071,512,512,512,3362.88
131072,512,512,512,3253.83
131072,512,512,512,3342.91
131072,512,512,512,3284.53
524288,2048,512,512,3890.67
524288,512,2048,512,3391.54
131072,512,512,512,3331.92
131072,512,512,512,3251.43
131072,512,512,512,3317.62
131072,512,512,512,3364.76
131072,512,512,512,3388.89
131072,512,512,512,3275.26
131072,512,512,512,3355.91
131072,512,512,512,3439.75
524288,2048,512,512,3899.81
524287,512,2048,512,3423.93
131072,512,512,512,3353.33
131072,512,512,512,3212.7
131072,512,512,512,3360.65
131072,512,512,512,3249.45
131072,512,512,512,3432.85
131072,512,512,512,3205.03
131072,512,512,512,3433.03
131072,512,512,512,3391.67
524288,2048,512,512,3924.75
524288,512,2048,512,3323.66
131072,512,512,512,3415.66
131072,512,512,512,3163.66
131072,512,512,512,3412.92
131072,512,512,512,3242.57
131072,512,512,512,3439.5
131072,512,512,512,3154.86
131072,512,512,512,3430.22
131072,512,512,512,3396.61
524288,2048,512,512,3901.74
524288,512,2048,512,3318.66
131072,512,512,512,3430.92
131072,512,512,512,3122.91
131072,512,512,512,3439.61
131072,512,512,512,3340.78
524288,2048,512,512,3619.96
524288,512,2048,512,3421.32
131072,512,512,512,3031.58
131072,512,512,512,3312.71
131072,512,512,512,3064.67
131072,512,512,512,3094.26
524288,2048,512,512,3756.43
524288,512,2048,512,3333.08
131072,512,512,512,3325.32
131072,512,512,512,3215.35
131072,512,512,512,3345.41
131072,512,512,512,3297.44
524288,2048,512,512,3768.84
524288,512,2048,512,3399.83
131072,512,512,512,3322.25
131072,512,512,512,3234.94
131072,512,512,512,3322.65
131072,512,512,512,3336.39
524288,2048,512,512,3808.78
524288,512,2048,512,3418.93
131072,512,512,512,3258.34
131072,512,512,512,3161.75
131072,512,512,512,3235.19
131072,512,512,512,3329.84
524288,2048,512,512,3782.34
524288,512,2048,512,3425.93
131072,512,512,512,3304.94
131072,512,512,512,3232.7
131072,512,512,512,3335.2
131072,512,512,512,3347.34
524288,2048,512,512,3801.71
524288,512,2048,512,3353.28
131072,512,512,512,3371.53
131072,512,512,512,3131.86
131072,512,512,512,3356.89
131072,512,512,512,3296.08
8521728,33288,512,512,3850.49
104857,512,512,512,3046.61
104857,512,512,512,2908.43
104857,512,512,512,3135.1
104857,512,512,512,3128.02
419430,2048,512,512,3704.98
419430,512,2048,512,3187.12
104857,512,512,512,3167.25
104857,512,512,512,2915.45
104857,512,512,512,3196.78
104857,512,512,512,3248.86
104857,512,512,512,3234.61
104857,512,512,512,3011.14
104857,512,512,512,3258.96
104857,512,512,512,3189.6
419430,2048,512,512,3768.46
419430,512,2048,512,3190.24
104857,512,512,512,3168.97
104857,512,512,512,3060.65
104857,512,512,512,3152.3
104857,512,512,512,3206.37
104857,512,512,512,3229.63
104856,512,512,512,3054.83
104857,512,512,512,3235.35
104857,512,512,512,3094.16
419430,2048,512,512,3770.5
419430,512,2048,512,3224.44
104857,512,512,512,3198.88
104857,512,512,512,3052.71
104857,512,512,512,3206.29
104857,512,512,512,3120.42
104857,512,512,512,3308.57
104857,512,512,512,3093.41
104857,512,512,512,3344.55
104857,512,512,512,3196.52
419429,2048,512,512,3796.99
419429,512,2048,512,3221.29
104857,512,512,512,3161.28
104857,512,512,512,3056.92
104857,512,512,512,3167.96
104857,512,512,512,3215.51
104857,512,512,512,3340.35
104857,512,512,512,3033.87
104857,512,512,512,3314.2
104857,512,512,512,3258.6
419430,2048,512,512,3837.65
419430,512,2048,512,3149.42
104857,512,512,512,3305.88
104857,512,512,512,2990.57
104857,512,512,512,3282.91
104857,512,512,512,3195.26
104857,512,512,512,3312.36
104857,512,512,512,2945.74
104857,512,512,512,3312.16
104857,512,512,512,3275.5
419430,2048,512,512,3813.12
419430,512,2048,512,3138.56
104857,512,512,512,3361.64
104857,512,512,512,2885.11
104857,512,512,512,3365.31
104857,512,512,512,3296.54
419430,2048,512,512,3590.94
419430,512,2048,512,3411.26
104857,512,512,512,3091.7
104857,512,512,512,3183.14
104857,512,512,512,3119.87
104857,512,512,512,3177.22
419430,2048,512,512,3643.64
419430,512,2048,512,3308.77
104857,512,512,512,3117.34
104857,512,512,512,3176.88
104857,512,512,512,3181.14
104857,512,512,512,3196.94
419430,2048,512,512,3644.17
419430,512,2048,512,3335.61
104857,512,512,512,3271.99
104857,512,512,512,3108.67
104857,512,512,512,3265.1
104857,512,512,512,3249.57
419430,2048,512,512,3663.68
419430,512,2048,512,3336.72
104857,512,512,512,3220.87
104857,512,512,512,3152
104857,512,512,512,3226.64
104857,512,512,512,3300.39
419429,2048,512,512,3694.38
419430,512,2048,512,3355.35
104857,512,512,512,3198.92
104857,512,512,512,3129.73
104857,512,512,512,3216.9
104857,512,512,512,3175.64
419430,2048,512,512,3697.33
419430,512,2048,512,3230.05
104857,512,512,512,3176.09
104857,512,512,512,2978.43
104857,512,512,512,3157.97
104857,512,512,512,3208.44
6817381,33288,512,512,3830.82
78643,512,512,512,2942.59
78642,512,512,512,2677.67
78643,512,512,512,3014.18
78643,512,512,512,2897.78
314572,2048,512,512,3498.89
314572,512,2048,512,2968.83
78643,512,512,512,3019.51
78643,512,512,512,2698.92
78643,512,512,512,3033.07
78643,512,512,512,3057.48
78643,512,512,512,3036.36
78643,512,512,512,2697.66
78643,512,512,512,3051.64
78643,512,512,512,3105.01
314572,2048,512,512,3556.68
314571,512,2048,512,2967.31
78643,512,512,512,3075.28
78643,512,512,512,2810.33
78643,512,512,512,3067.87
78643,512,512,512,3032.29
78643,512,512,512,3175.49
78643,512,512,512,2835.62
78643,512,512,512,3172.64
78643,512,512,512,2970.38
314572,2048,512,512,3661.46
314572,512,2048,512,3030.35
78643,512,512,512,3071.38
78643,512,512,512,2858.81
78643,512,512,512,3073.59
78643,512,512,512,2938.72
78643,512,512,512,3100.71
78643,512,512,512,2895.53
78643,512,512,512,3100.85
78643,512,512,512,3195.6
314572,2048,512,512,3682.59
314572,512,2048,512,3077.18
78643,512,512,512,3161.28
78643,512,512,512,2770.15
78643,512,512,512,3163.27
78643,512,512,512,3048.27
78643,512,512,512,3170.39
78643,512,512,512,2842.91
78643,512,512,512,3167.4
78643,512,512,512,3137.19
314572,2048,512,512,3681.63
314572,512,2048,512,2972.11
78643,512,512,512,3174.09
78643,512,512,512,2719.96
78643,512,512,512,3177.24
78643,512,512,512,2952.6
78643,512,512,512,3209.41
78643,512,512,512,2697.48
78643,512,512,512,3230.11
78643,512,512,512,3147.83
314572,2048,512,512,3699.11
314572,512,2048,512,2868.08
78643,512,512,512,3229.23
78643,512,512,512,2632.06
78643,512,512,512,3233.69
78643,512,512,512,3185.29
314572,2048,512,512,3428.33
314572,512,2048,512,3323.62
78643,512,512,512,2888.96
78643,512,512,512,3051.78
78643,512,512,512,2875.84
78643,512,512,512,3037.55
314572,2048,512,512,3455.63
314572,512,2048,512,3262.94
78643,512,512,512,2995.57
78643,512,512,512,2959.33
78643,512,512,512,3003.39
78643,512,512,512,3096.61
314572,2048,512,512,3453.96
314572,512,2048,512,3275.65
78643,512,512,512,3017.43
78643,512,512,512,2913.04
78643,512,512,512,3029.15
78643,512,512,512,3012.29
314572,2048,512,512,3567.56
314571,512,2048,512,3303.72
78643,512,512,512,2988.9
78643,512,512,512,2894.7
78643,512,512,512,2994.41
78643,512,512,512,3065.26
314572,2048,512,512,3532.27
314572,512,2048,512,3216.66
78643,512,512,512,2980
78643,512,512,512,2838.9
78643,512,512,512,2993.03
78643,512,512,512,3014.09
314572,2048,512,512,3577.35
314572,512,2048,512,3003.93
78643,512,512,512,3142.87
78643,512,512,512,2783.36
78643,512,512,512,3134.11
78643,512,512,512,3115.78
5113037,33288,512,512,3754.63
52428,512,512,512,2900.02
52428,512,512,512,2078.67
52428,512,512,512,2940.75
52428,512,512,512,3021.17
209715,2048,512,512,3586.69
209715,512,2048,512,2701.68
52428,512,512,512,2833.41
52428,512,512,512,2066.61
52428,512,512,512,2841.57
52428,512,512,512,2879.55
52428,512,512,512,2932.84
52428,512,512,512,2465.7
52428,512,512,512,2956.55
52428,512,512,512,2938.11
209715,2048,512,512,3563.62
209715,512,2048,512,2862.09
52428,512,512,512,2853.65
52428,512,512,512,2476.58
52428,512,512,512,2805.92
52428,512,512,512,2815.58
52428,512,512,512,3043.44
52428,512,512,512,2601.68
52428,512,512,512,3056.68
52428,512,512,512,2859.49
209715,2048,512,512,3490.05
209715,512,2048,512,2771.17
52428,512,512,512,2913.93
52428,512,512,512,2872.71
52428,512,512,512,2871.97
52428,512,512,512,2944.55
52428,512,512,512,3084
52428,512,512,512,2687.43
52428,512,512,512,3085.06
52428,512,512,512,2991.41
209715,2048,512,512,3495.18
209715,512,2048,512,2876.69
52428,512,512,512,2968.65
52428,512,512,512,2693.42
52428,512,512,512,2933.74
52428,512,512,512,2985.42
52428,512,512,512,3046.06
52428,512,512,512,2670.11
52428,512,512,512,3044.34
52428,512,512,512,3086.62
209715,2048,512,512,3531.34
209715,512,2048,512,2756.86
52428,512,512,512,2975.76
52428,512,512,512,2422.45
52428,512,512,512,2954.86
52428,512,512,512,2883.2
52428,512,512,512,3042.54
52428,512,512,512,2653.48
52428,512,512,512,3100.96
52428,512,512,512,3078.34
209715,2048,512,512,3586.52
209715,512,2048,512,2411.64
52428,512,512,512,3091.82
52428,512,512,512,2161
52428,512,512,512,3063.94
52428,512,512,512,2975.89
209715,2048,512,512,3595.1
209715,512,2048,512,2872.85
52428,512,512,512,2800.07
52428,512,512,512,2511.94
52428,512,512,512,2807.74
52428,512,512,512,2370.88
209715,2048,512,512,3519.17
209715,512,2048,512,2913.91
52428,512,512,512,2957.79
52428,512,512,512,2613.95
52428,512,512,512,2895.07
52428,512,512,512,2963.67
209715,2048,512,512,3430.33
209715,512,2048,512,2874.13
52428,512,512,512,3027.51
52428,512,512,512,2525.08
52428,512,512,512,3007.3
52428,512,512,512,2964.72
209715,2048,512,512,3104.54
209715,512,2048,512,2872.06
52428,512,512,512,2937.91
52428,512,512,512,2535.1
52428,512,512,512,2892.58
52428,512,512,512,2932.39
209715,2048,512,512,3263.41
209715,512,2048,512,2754.2
52428,512,512,512,2949.86
52428,512,512,512,2484
52428,512,512,512,2947.01
52428,512,512,512,2918.11
209715,2048,512,512,3432.19
209715,512,2048,512,2569.54
52428,512,512,512,2958.44
52428,512,512,512,2333.9
52428,512,512,512,2936.95
52428,512,512,512,3001.31
3408691,33288,512,512,3636.91
26214,512,512,512,2520.39
26214,512,512,512,1347.52
26214,512,512,512,2520.1
26214,512,512,512,2521.33
104857,2048,512,512,2754.95
104857,512,2048,512,2366.2
26214,512,512,512,2586.74
26214,512,512,512,1440.36
26214,512,512,512,2469.38
26214,512,512,512,2635.19
26214,512,512,512,2634.68
26214,512,512,512,1949.39
26214,512,512,512,2672.87
26214,512,512,512,2514.91
104857,2048,512,512,3076.96
104857,512,2048,512,2632.32
26214,512,512,512,2463.31
26214,512,512,512,2144.71
26214,512,512,512,2395.6
26214,512,512,512,2481.89
26214,512,512,512,2547.37
26214,512,512,512,1526.91
26214,512,512,512,2598.36
26214,512,512,512,2536.1
104857,2048,512,512,3072.59
104857,512,2048,512,2473.95
26214,512,512,512,2513.12
26214,512,512,512,2231.35
26214,512,512,512,2493.42
26214,512,512,512,2352.1
26214,512,512,512,2513.59
26214,512,512,512,2054.3
26214,512,512,512,2491.94
26214,512,512,512,2675.11
104857,2048,512,512,3087.61
104857,512,2048,512,2349.04
26214,512,512,512,2657
26214,512,512,512,2115.97
26214,512,512,512,2632.4
26214,512,512,512,2331.75
26214,512,512,512,2647.98
26214,512,512,512,2200.83
26214,512,512,512,2634.16
26214,512,512,512,2662.16
104857,2048,512,512,3080.81
104857,512,2048,512,2577.06
26214,512,512,512,2633.75
26214,512,512,512,1816.52
26214,512,512,512,2633.13
26214,512,512,512,2459.96
26214,512,512,512,2640.79
26214,512,512,512,2113.57
26214,512,512,512,2626.84
26214,512,512,512,2624.06
104857,2048,512,512,3157.79
104857,512,2048,512,1778.47
26214,512,512,512,2661
26214,512,512,512,1699.45
26214,512,512,512,2685.6
26214,512,512,512,2579.88
104857,2048,512,512,3179.03
104857,512,2048,512,2256.75
26214,512,512,512,2246.74
26214,512,512,512,1943.18
26214,512,512,512,2468.29
26214,512,512,512,1872.32
104857,2048,512,512,3032.43
104857,512,2048,512,2258.63
26214,512,512,512,2631.06
26214,512,512,512,1891.27
26214,512,512,512,2659.42
26214,512,512,512,2594.84
104857,2048,512,512,2833.58
104857,512,2048,512,2430.39
26214,512,512,512,2540.91
26214,512,512,512,1975.62
26214,512,512,512,2546.21
26214,512,512,512,2567.25
104857,2048,512,512,2480.26
104857,512,2048,512,2312.17
26214,512,512,512,2520.1
26214,512,512,512,1836.31
26214,512,512,512,2493.79
26214,512,512,512,2534.86
104857,2048,512,512,2590.14
104857,512,2048,512,2289.28
26214,512,512,512,2609.17
26214,512,512,512,1791.93
26214,512,512,512,2620.99
26214,512,512,512,2578.59
104857,2048,512,512,3005.17
104857,512,2048,512,2105.5
26214,512,512,512,2621.91
26214,512,512,512,1689.4
26214,512,512,512,2622.63
26214,512,512,512,2638.61
1704346,33288,512,512,3355.02
13107,512,512,512,2118.57
13107,512,512,512,874.939
13107,512,512,512,2095.94
13107,512,512,512,2002.74
52428,2048,512,512,2051.91
52428,512,2048,512,1933.53
13107,512,512,512,2093.33
13107,512,512,512,918.455
13107,512,512,512,2096.07
13107,512,512,512,1901.72
13107,512,512,512,2080.73
13107,512,512,512,1234.42
13107,512,512,512,2039.13
13107,512,512,512,1977.72
52428,2048,512,512,2544.08
52428,512,2048,512,1867.58
13107,512,512,512,2155.45
13107,512,512,512,1384.07
13107,512,512,512,2075.07
13107,512,512,512,1949.79
13107,512,512,512,2141.42
13107,512,512,512,1371.73
13107,512,512,512,2155.17
13107,512,512,512,2079.32
52428,2048,512,512,2569.85
52428,512,2048,512,1938.83
13107,512,512,512,1938.41
13107,512,512,512,1622.37
13107,512,512,512,1946.17
13107,512,512,512,1868.26
13107,512,512,512,2060.55
13107,512,512,512,1511.85
13107,512,512,512,2087.34
13107,512,512,512,2162.82
52428,2048,512,512,2429.86
52427,512,2048,512,1787.46
13107,512,512,512,2159.89
13107,512,512,512,1368.26
13107,512,512,512,2089.16
13107,512,512,512,2125.95
13107,512,512,512,2139.51
13107,512,512,512,1426.07
13107,512,512,512,2161.14
13107,512,512,512,2198.96
52428,2048,512,512,2468.74
52428,512,2048,512,1902.37
13107,512,512,512,2158.36
13107,512,512,512,1135.88
13107,512,512,512,2160.17
13107,512,512,512,2143.34
13107,512,512,512,2188.77
13107,512,512,512,1574.41
13107,512,512,512,2067.91
13107,512,512,512,2161.7
52428,2048,512,512,2664.97
52428,512,2048,512,1253.8
13107,512,512,512,2201.99
13107,512,512,512,1048.56
13107,512,512,512,2193.78
13107,512,512,512,2183.65
52428,2048,512,512,2532.18
52428,512,2048,512,2059.09
13107,512,512,512,1737.91
13107,512,512,512,1238.93
13107,512,512,512,1797.6
13107,512,512,512,1162.44
52428,2048,512,512,2195.11
52427,512,2048,512,1971.43
13107,512,512,512,2093.33
13107,512,512,512,1330.87
13107,512,512,512,2120.85
13107,512,512,512,2087.08
52427,2048,512,512,1861
52428,512,2048,512,1896.45
13107,512,512,512,2160.59
13107,512,512,512,1370.11
13107,512,512,512,2084.61
13107,512,512,512,2055.75
52428,2048,512,512,1803.05
52428,512,2048,512,1842.91
13107,512,512,512,1905.5
13107,512,512,512,1365.92
13107,512,512,512,1902.58
13107,512,512,512,2006.69
52428,2048,512,512,2298.76
52428,512,2048,512,1966.99
13107,512,512,512,2031.48
13107,512,512,512,1238.47
13107,512,512,512,1979.58
13107,512,512,512,2073.66
52428,2048,512,512,2516.09
52428,512,2048,512,1852.81
13107,512,512,512,1906.8
13107,512,512,512,1284.26
13107,512,512,512,1917.81
13107,512,512,512,2146.63
852171,33288,512,512,2995.23
5242,512,512,512,1409.17
5242,512,512,512,484.704
5242,512,512,512,1413.18
5242,512,512,512,1435.86
20971,2048,512,512,1422.82
20971,512,2048,512,1451.16
5242,512,512,512,1369.62
5242,512,512,512,724.01
5242,512,512,512,1423.37
5242,512,512,512,1266.11
5242,512,512,512,1348.56
5242,512,512,512,856.219
5242,512,512,512,1362.66
5242,512,512,512,1303.12
20971,2048,512,512,1863.31
20971,512,2048,512,1484.88
5242,512,512,512,1341.28
5242,512,512,512,982.108
5242,512,512,512,1360.18
5242,512,512,512,1329.19
5242,512,512,512,1447.94
5242,512,512,512,899.432
5242,512,512,512,1407.4
5242,512,512,512,1470.63
20971,2048,512,512,1815.36
20971,512,2048,512,1483.03
5242,512,512,512,1354
5242,512,512,512,1147.85
5242,512,512,512,1375.66
5242,512,512,512,1323.29
5242,512,512,512,1516.16
5242,512,512,512,1066.31
5242,512,512,512,1497.21
5242,512,512,512,1406.07
20971,2048,512,512,1751.46
20971,512,2048,512,1378.01
5242,512,512,512,1457.22
5242,512,512,512,1072.19
5242,512,512,512,1464.37
5242,512,512,512,1488.41
5242,512,512,512,1459.6
5242,512,512,512,1074.68
5242,512,512,512,1497.38
5242,512,512,512,1485.94
20971,2048,512,512,1873.19
20971,512,2048,512,1532
5242,512,512,512,1466.61
5242,512,512,512,859.674
5242,512,512,512,1462.62
5242,512,512,512,1481.18
5242,512,512,512,1503.59
5242,512,512,512,1074.77
5242,512,512,512,1495.21
5242,512,512,512,1494.55
20971,2048,512,512,2005.74
20971,512,2048,512,1006.65
5242,512,512,512,1504.94
5242,512,512,512,508.894
5242,512,512,512,1426.55
5242,512,512,512,1386.74
20971,2048,512,512,2021.91
20971,512,2048,512,1740.22
5242,512,512,512,1169.05
5242,512,512,512,875.319
5242,512,512,512,1364.74
5242,512,512,512,766.436
20971,2048,512,512,1676.27
20971,512,2048,512,1662.46
5242,512,512,512,1351.14
5242,512,512,512,705.103
5242,512,512,512,1368.36
5242,512,512,512,1329.85
20971,2048,512,512,1406.79
20971,512,2048,512,1587.4
5242,512,512,512,1381.6
5242,512,512,512,791.385
5242,512,512,512,1384.17
5242,512,512,512,1482.16
20971,2048,512,512,1205.34
20971,512,2048,512,1303.56
5242,512,512,512,1361.14
5242,512,512,512,758.122
5242,512,512,512,1407.99
5242,512,512,512,1365.3
20970,2048,512,512,1202.9
20971,512,2048,512,1271.81
5242,512,512,512,1396.41
5242,512,512,512,903.671
5242,512,512,512,1370.6
5242,512,512,512,1491.55
20971,2048,512,512,1682.36
20971,512,2048,512,1173.23
5242,512,512,512,1330.38
5242,512,512,512,664.004
5242,512,512,512,1302.11
5242,512,512,512,1246.94
340867,33288,512,512,2163.12
131072,512,512,512,3455.98
131072,512,512,512,3461.75
131072,512,512,512,3462.9
131072,512,512,512,3466.8
524288,2048,512,512,3971.63
524288,512,2048,512,3654.04
131072,512,512,512,3452.95
131072,512,512,512,3476.96
131072,512,512,512,3467.76
131072,512,512,512,3471.17
131072,512,512,512,3466.22
131072,512,512,512,3475.23
131072,512,512,512,3451.6
131072,512,512,512,3454.16
524288,2048,512,512,3959.11
524288,512,2048,512,3673.91
131072,512,512,512,3462.47
131072,512,512,512,3466.51
131072,512,512,512,3472.93
131072,512,512,512,3447.24
131072,512,512,512,3462.54
131072,512,512,512,3426.68
131072,512,512,512,3461.4
131072,512,512,512,3451.43
524288,2048,512,512,3961.54
524288,512,2048,512,3671.01
131072,512,512,512,3455.59
131072,512,512,512,3474.77
131072,512,512,512,3469.99
131072,512,512,512,3453.24
131072,512,512,512,3459.36
131072,512,512,512,3420.78
131072,512,512,512,3469.74
131072,512,512,512,3460.68
524288,2048,512,512,3965.2
524288,512,2048,512,3662.2
131072,512,512,512,3456.37
131072,512,512,512,3439.4
131072,512,512,512,3448.8
131072,512,512,512,3462.04
131072,512,512,512,3472.5
131072,512,512,512,3480.97
131072,512,512,512,3495.8
131072,512,512,512,3403.81
524288,2048,512,512,3966.36
524288,512,2048,512,3663.95
131072,512,512,512,3478.8
131072,512,512,512,3460.61
131072,512,512,512,3474.16
131072,512,512,512,3459.15
131072,512,512,512,3434.96
131072,512,512,512,2465.84
131072,512,512,512,3456.58
131072,512,512,512,3449.94
524288,2048,512,512,3970.53
524288,512,2048,512,3667
131072,512,512,512,3470.49
131072,512,512,512,3453.95
131072,512,512,512,3436.23
131072,512,512,512,3446.32
524288,2048,512,512,3966.13
524288,512,2048,512,3664.27
131072,512,512,512,3462.58
131072,512,512,512,3473.58
131072,512,512,512,3452.24
131072,512,512,512,3460.9
524288,2048,512,512,3966.74
524288,512,2048,512,3667.86
131072,512,512,512,3465.36
131072,512,512,512,3466.15
131072,512,512,512,3461.97
131072,512,512,512,3464.94
524288,2048,512,512,3972.63
524288,512,2048,512,3646.3
131072,512,512,512,3451.6
131072,512,512,512,2556.86
131072,512,512,512,3444.7
131072,512,512,512,3466.98
524288,2048,512,512,3967.41
524288,512,2048,512,3658.9
131072,512,512,512,3466.65
131072,512,512,512,3459.43
131072,512,512,512,3444.48
131072,512,512,512,3479.02
524288,2048,512,512,3967.75
524288,512,2048,512,3649.61
131072,512,512,512,3467.44
131072,512,512,512,3461.65
131072,512,512,512,3455.41
131072,512,512,512,3447.63
524288,2048,512,512,3976.42
524288,512,2048,512,3673.18
131072,512,512,512,3463.61
131072,512,512,512,3456.94
131072,512,512,512,3451.92
131072,512,512,512,3449.76
8521728,33288,512,512,3984.52
104857,512,512,512,3349.6
104857,512,512,512,3365.98
104857,512,512,512,3383.04
104857,512,512,512,3343.35
419430,2048,512,512,3918.69
419430,512,2048,512,3627.77
104857,512,512,512,3364.04
104857,512,512,512,3382.23
104857,512,512,512,3373.34
104857,512,512,512,3318.51
104857,512,512,512,3367.42
104857,512,512,512,3368.56
104857,512,512,512,3336.16
104857,512,512,512,3382.36
419430,2048,512,512,3920.45
419431,512,2048,512,3636.98
104857,512,512,512,3364.68
104857,512,512,512,3336.7
104857,512,512,512,3368.9
104857,512,512,512,3364.72
104857,512,512,512,3342.51
104857,512,512,512,3373.05
104857,512,512,512,3367.04
104857,512,512,512,3294.6
419430,2048,512,512,3920.61
419430,512,2048,512,3627.65
104857,512,512,512,3361.18
104857,512,512,512,3350.69
104857,512,512,512,3374.4
104857,512,512,512,3360.89
104857,512,512,512,3372.79
104857,512,512,512,3364.42
104857,512,512,512,3374.57
104857,512,512,512,3376.53
419430,2048,512,512,3920.26
419430,512,2048,512,3641.79
104857,512,512,512,3367.08
104857,512,512,512,3383.51
104857,512,512,512,3379.08
104857,512,512,512,3377.8
104857,512,512,512,3368.39
104857,512,512,512,3359.41
104857,512,512,512,3361.73
104857,512,512,512,3390.47
419430,2048,512,512,3923.32
419430,512,2048,512,3629.1
104857,512,512,512,3336.07
104857,512,512,512,3342.1
104857,512,512,512,3388.38
104857,512,512,512,3358.32
104857,512,512,512,3352.07
104857,512,512,512,3381.84
104857,512,512,512,2416.97
104857,512,512,512,3351.23
419430,2048,512,512,3920.16
419430,512,2048,512,3611.54
104857,512,512,512,3377.04
104857,512,512,512,3331.31
104857,512,512,512,3359.92
104857,512,512,512,3360.59
419430,2048,512,512,3920.58
419430,512,2048,512,3638.49
104857,512,512,512,3377.08
104857,512,512,512,3372.88
104857,512,512,512,3343.22
104857,512,512,512,3351.15
419430,2048,512,512,3916.78
419430,512,2048,512,3611.3
104857,512,512,512,3365.52
104857,512,512,512,3370.08
104857,512,512,512,3363.03
104857,512,512,512,3372.16
419430,2048,512,512,3918.79
419430,512,2048,512,3627.15
104857,512,512,512,3368.69
104857,512,512,512,3358.36
104857,512,512,512,3382.4
104857,512,512,512,3366.45
419430,2048,512,512,3911.44
419430,512,2048,512,3625.02
104857,512,512,512,3322.04
104857,512,512,512,3372.45
104857,512,512,512,3351.74
104857,512,512,512,3358.36
419430,2048,512,512,3921.62
419430,512,2048,512,3621.35
104857,512,512,512,3361.1
104857,512,512,512,3354.63
104857,512,512,512,3359.41
104857,512,512,512,3343.35
419430,2048,512,512,3918.81
419430,512,2048,512,3626.27
104857,512,512,512,3376.65
104857,512,512,512,3360.76
104857,512,512,512,3366.36
104857,512,512,512,3338.19
6817382,33288,512,512,3974.17
78643,512,512,512,3218.44
78643,512,512,512,3267.8
78643,512,512,512,3240.09
78643,512,512,512,3243.32
314572,2048,512,512,3844.1
314572,512,2048,512,3593.14
78643,512,512,512,3226.53
78643,512,512,512,3248.77
78643,512,512,512,3241.03
78643,512,512,512,3250.71
78643,512,512,512,2347.28
78643,512,512,512,3249.82
78643,512,512,512,3250.39
78643,512,512,512,3252.7
314572,2048,512,512,3831.7
314572,512,2048,512,3591
78643,512,512,512,3262.88
78643,512,512,512,3253.91
78643,512,512,512,3240.14
78643,512,512,512,3215.82
78643,512,512,512,3230.83
78643,512,512,512,3242.54
78643,512,512,512,3233.69
78643,512,512,512,3250.6
314572,2048,512,512,3847.53
314572,512,2048,512,3608.3
78643,512,512,512,3240.09
78643,512,512,512,3258.18
78643,512,512,512,3248.71
78643,512,512,512,3232.7
78643,512,512,512,3246.1
78643,512,512,512,3161.38
78643,512,512,512,3200.78
78643,512,512,512,3247.88
314572,2048,512,512,3838.07
314572,512,2048,512,3542.34
78643,512,512,512,3232.13
78643,512,512,512,3257.02
78643,512,512,512,3249.24
78643,512,512,512,3252.44
78643,512,512,512,3267.22
78643,512,512,512,3255.28
78643,512,512,512,3250.24
78643,512,512,512,3246.51
314572,2048,512,512,3840.01
314572,512,2048,512,3594.13
78643,512,512,512,3221.58
78643,512,512,512,3239.1
78643,512,512,512,3225.86
78643,512,512,512,3247.82
78643,512,512,512,3256.12
78643,512,512,512,3257.44
78643,512,512,512,3230.63
78643,512,512,512,3245.99
314572,2048,512,512,3415.37
314572,512,2048,512,3583.96
78643,512,512,512,3244.84
78643,512,512,512,3238.11
78643,512,512,512,3248.77
78643,512,512,512,3256.12
314572,2048,512,512,3841.68
314572,512,2048,512,3594.35
78643,512,512,512,3254.7
78643,512,512,512,3266.58
78643,512,512,512,3237.85
78643,512,512,512,3253.18
314572,2048,512,512,3831.88
314572,512,2048,512,3611.12
78643,512,512,512,3233.48
78643,512,512,512,3241.24
78643,512,512,512,3227.88
78643,512,512,512,3265.05
314572,2048,512,512,3840.96
314572,512,2048,512,3583.78
78643,512,512,512,3249.24
78643,512,512,512,3229.12
78643,512,512,512,3237.64
78643,512,512,512,3265.68
314572,2048,512,512,3796.44
314572,512,2048,512,3556.57
78643,512,512,512,3265.37
78643,512,512,512,3239.15
78643,512,512,512,3239.41
78643,512,512,512,3233.89
314572,2048,512,512,3838.93
314572,512,2048,512,3590.38
78643,512,512,512,3250.55
78643,512,512,512,3231.77
78643,512,512,512,3255.81
78643,512,512,512,3240.4
314572,2048,512,512,3834.33
314572,512,2048,512,3580.55
78643,512,512,512,3266.64
78643,512,512,512,3234.93
78643,512,512,512,3236.34
78643,512,512,512,3241.55
5113038,33288,512,512,3919.74
52428,512,512,512,3016.69
52428,512,512,512,3045.3
52428,512,512,512,3078.2
52428,512,512,512,3050.15
209715,2048,512,512,3652.33
209715,512,2048,512,3515.67
52428,512,512,512,3052.78
52428,512,512,512,3028.54
52428,512,512,512,3041.71
52428,512,512,512,3087.55
52428,512,512,512,3032.44
52428,512,512,512,3020.02
52428,512,512,512,3073.48
52428,512,512,512,3067.93
209715,2048,512,512,3690.14
209715,512,2048,512,3520.85
52428,512,512,512,3057.72
52428,512,512,512,3059.33
52428,512,512,512,3071.72
52428,512,512,512,3047.03
52428,512,512,512,3067.02
52428,512,512,512,3075.87
52428,512,512,512,3041.51
52428,512,512,512,3075.24
209715,2048,512,512,3703.14
209715,512,2048,512,3517.3
52428,512,512,512,3063.73
52428,512,512,512,3061.63
52428,512,512,512,3044.89
52428,512,512,512,3049.18
52428,512,512,512,3054.1
52428,512,512,512,3075.31
52428,512,512,512,3041.92
52428,512,512,512,3073.06
209715,2048,512,512,3705.62
209715,512,2048,512,3520
52428,512,512,512,3062.26
52428,512,512,512,3065.19
52428,512,512,512,3068.98
52428,512,512,512,3050.22
52428,512,512,512,3076.3
52428,512,512,512,3058.28
52428,512,512,512,3061.84
52428,512,512,512,3088.68
209715,2048,512,512,3709.77
209715,512,2048,512,3512.63
52428,512,512,512,3050.29
52428,512,512,512,3064.15
52428,512,512,512,3057.24
52428,512,512,512,3073.2
52428,512,512,512,3034.15
52428,512,512,512,3072.21
52428,512,512,512,3084
52428,512,512,512,3088.19
209715,2048,512,512,3709.28
209715,512,2048,512,3510.17
52428,512,512,512,3081.8
52428,512,512,512,3055.56
52428,512,512,512,3076.79
52428,512,512,512,3095.45
209716,2048,512,512,3693.68
209715,512,2048,512,3513.66
52428,512,512,512,3030.66
52428,512,512,512,3051.4
52428,512,512,512,3059.6
52428,512,512,512,3089.82
209715,2048,512,512,3714.31
209715,512,2048,512,3506.23
52428,512,512,512,3084.35
52428,512,512,512,3089.96
52428,512,512,512,3060.16
52428,512,512,512,3104.11
209715,2048,512,512,3715.62
209715,512,2048,512,3505.22
52428,512,512,512,3077.14
52428,512,512,512,3083.58
52428,512,512,512,3098.02
52428,512,512,512,3065.61
209715,2048,512,512,3708.77
209715,512,2048,512,3488.32
52428,512,512,512,3084.64
52428,512,512,512,3026.62
52428,512,512,512,3083.58
52428,512,512,512,3075.31
209715,2048,512,512,3701.58
209715,512,2048,512,3492.11
52428,512,512,512,3087.69
52429,512,512,512,3062.6
52428,512,512,512,3049.46
52428,512,512,512,3075.66
209715,2048,512,512,3709.62
209715,512,2048,512,3507.24
52428,512,512,512,3043.16
52428,512,512,512,3090.18
52428,512,512,512,3090.39
52428,512,512,512,3048.28
3408692,33288,512,512,3849.57
26214,512,512,512,2608.87
26214,512,512,512,2618.33
26214,512,512,512,2622.22
26214,512,512,512,2672.02
104857,2048,512,512,3299.38
104857,512,2048,512,3300.07
26214,512,512,512,2664.91
26214,512,512,512,2638.3
26214,512,512,512,2653.32
26214,512,512,512,2629.82
26214,512,512,512,2639.65
26214,512,512,512,2649.76
26214,512,512,512,2645.79
26214,512,512,512,2643.08
104857,2048,512,512,3311.01
104857,512,2048,512,3294.64
26214,512,512,512,2627.87
26214,512,512,512,2639.44
26214,512,512,512,2635.4
26214,512,512,512,2653.32
26214,512,512,512,2650.91
26214,512,512,512,2657.21
26214,512,512,512,2648.82
26214,512,512,512,2666.5
104857,2048,512,512,3298.93
104857,512,2048,512,3297.19
26214,512,512,512,2653.85
26214,512,512,512,2650.07
26214,512,512,512,2639.86
26214,512,512,512,2648.71
26214,512,512,512,2642.67
26214,512,512,512,2652.69
26214,512,512,512,2663.01
26214,512,512,512,2638.09
104857,2048,512,512,3304.78
104857,512,2048,512,3281.19
26214,512,512,512,2635.92
26214,512,512,512,2644.23
26214,512,512,512,2653.85
26214,512,512,512,2625.91
26214,512,512,512,2641.31
26214,512,512,512,2634.68
26214,512,512,512,2668.73
26214,512,512,512,2661.74
104857,2048,512,512,3316.09
104857,512,2048,512,3271.67
26214,512,512,512,2640.69
26214,512,512,512,2637.06
26214,512,512,512,2659.63
26214,512,512,512,2659.84
26214,512,512,512,2622.12
26214,512,512,512,2629.72
26214,512,512,512,2653.11
26214,512,512,512,2637.16
104857,2048,512,512,3318.34
104857,512,2048,512,3301.4
26214,512,512,512,2652.06
26214,512,512,512,2652.59
26214,512,512,512,2671.6
26214,512,512,512,2641.31
104857,2048,512,512,3318.63
104857,512,2048,512,3313.84
26214,512,512,512,2630.24
26214,512,512,512,2674.68
26214,512,512,512,2653.85
26214,512,512,512,2654.79
104857,2048,512,512,3313.1
104857,512,2048,512,3319.65
26214,512,512,512,2659
26214,512,512,512,2648.92
26214,512,512,512,2656.68
26214,512,512,512,2663.33
104857,2048,512,512,3317.07
104857,512,2048,512,3318.71
26214,512,512,512,2556.68
26214,512,512,512,2671.06
26214,512,512,512,2669.68
26214,512,512,512,2653.22
104857,2048,512,512,3303.72
104857,512,2048,512,3292.46
26214,512,512,512,2642.46
26214,512,512,512,2608.26
26214,512,512,512,2676.18
26214,512,512,512,2651.44
104857,2048,512,512,3311.26
104857,512,2048,512,3281.75
26214,512,512,512,2656.37
26214,512,512,512,2635.19
26214,512,512,512,2651.96
26214,512,512,512,2669.58
104857,2048,512,512,3317.27
104857,512,2048,512,3306.61
26214,512,512,512,2624.27
26214,512,512,512,2501.78
26214,512,512,512,2588.94
26214,512,512,512,2574.04
1704346,33288,512,512,3509.5
13107,512,512,512,2154.21
13107,512,512,512,2142.79
13107,512,512,512,2133.39
13107,512,512,512,2156.14
52428,2048,512,512,2821.91
52428,512,2048,512,3023.08
13107,512,512,512,2166.17
13107,512,512,512,2168.97
13107,512,512,512,2159.89
13107,512,512,512,2197.66
13107,512,512,512,2169.67
13107,512,512,512,2132.85
13107,512,512,512,2168.55
13107,512,512,512,2171.49
52428,2048,512,512,2822.98
52428,512,2048,512,3003.53
13107,512,512,512,2177.84
13107,512,512,512,2167.57
13107,512,512,512,2123.67
13107,512,512,512,2145.8
13107,512,512,512,2160.45
13107,512,512,512,2174.73
13107,512,512,512,2141.83
13107,512,512,512,2144.57
52428,2048,512,512,2840.54
52428,512,2048,512,3035.18
13107,512,512,512,2129.73
13107,512,512,512,2162.82
13107,512,512,512,2143.2
13107,512,512,512,2147.18
13107,512,512,512,2125.68
13107,512,512,512,2147.45
13107,512,512,512,2172.48
13107,512,512,512,2149.79
52428,2048,512,512,2835.14
52428,512,2048,512,3040.41
13107,512,512,512,2143.47
13107,512,512,512,2173.32
13107,512,512,512,2181.66
13107,512,512,512,2163.93
13107,512,512,512,2176.42
13107,512,512,512,2156.42
13107,512,512,512,2171.21
13107,512,512,512,2134.34
52428,2048,512,512,2823.39
52428,512,2048,512,3058.63
13107,512,512,512,2185.5
13107,512,512,512,2176.85
13107,512,512,512,2180.95
13107,512,512,512,2157.25
13107,512,512,512,2155.45
13107,512,512,512,2115.63
13107,512,512,512,2156.98
13107,512,512,512,2134.88
52428,2048,512,512,2831.73
52428,512,2048,512,3028.06
13107,512,512,512,2167.57
13107,512,512,512,2189.92
13107,512,512,512,2179.53
13107,512,512,512,2174.45
52428,2048,512,512,2826.66
52428,512,2048,512,3040.34
13107,512,512,512,2172.76
13107,512,512,512,2169.39
13107,512,512,512,2187.63
13107,512,512,512,2148
52428,2048,512,512,2821.26
52428,512,2048,512,3043.23
13107,512,512,512,2144.57
13107,512,512,512,2170.93
13107,512,512,512,2121.65
13107,512,512,512,2192.06
52428,2048,512,512,2834.31
52428,512,2048,512,3036.83
13107,512,512,512,2161.28
13107,512,512,512,2152.96
13107,512,512,512,2180.1
13107,512,512,512,2140.19
52428,2048,512,512,2725.97
52428,512,2048,512,2993.55
13107,512,512,512,2166.73
13107,512,512,512,2166.17
13107,512,512,512,2175.44
13107,512,512,512,2172.34
52428,2048,512,512,2849.41
52428,512,2048,512,3048.42
13107,512,512,512,2170.09
13107,512,512,512,2155.04
13107,512,512,512,2168.69
13107,512,512,512,2157.81
52428,2048,512,512,2835.14
52428,512,2048,512,3025.06
13107,512,512,512,2169.53
13107,512,512,512,2153.38
13107,512,512,512,2195.65
13107,512,512,512,2169.67
852173,33288,512,512,3026.28
5242,512,512,512,1461.5
5242,512,512,512,1467.1
5242,512,512,512,1462.78
5242,512,512,512,1433.56
20971,2048,512,512,2094.16
20971,512,2048,512,2479.02
5242,512,512,512,1462.62
5242,512,512,512,1470.15
5242,512,512,512,1444.2
5242,512,512,512,1465.65
5242,512,512,512,1505.27
5242,512,512,512,1458.8
5242,512,512,512,1440.79
5242,512,512,512,1454.69
20971,2048,512,512,2095.3
20971,512,2048,512,2508.21
5242,512,512,512,1484.79
5242,512,512,512,1471.12
5242,512,512,512,1437.86
5242,512,512,512,942.912
5242,512,512,512,1372.7
5242,512,512,512,1469.02
5242,512,512,512,1493.55
5242,512,512,512,1456.43
20971,2048,512,512,2101.94
20971,512,2048,512,2518.57
5242,512,512,512,1473.38
5242,512,512,512,1475
5242,512,512,512,1445.29
5242,512,512,512,1466.13
5242,512,512,512,1470.31
5242,512,512,512,1458.17
5242,512,512,512,1463.26
5242,512,512,512,1483.31
20971,2048,512,512,2114.61
20971,512,2048,512,2495.97
5242,512,512,512,1469.83
5242,512,512,512,1441.25
5242,512,512,512,1494.05
5242,512,512,512,1468.22
5242,512,512,512,1438.94
5242,512,512,512,1446.54
5242,512,512,512,1464.53
5242,512,512,512,1473.54
20971,2048,512,512,2101.62
20971,512,2048,512,2519.63
5242,512,512,512,1416.16
5242,512,512,512,1463.42
5242,512,512,512,1427.91
5242,512,512,512,1465.65
5242,512,512,512,1458.64
5242,512,512,512,1444.51
5242,512,512,512,1439.86
5242,512,512,512,1412.14
20971,2048,512,512,2099.07
20971,512,2048,512,2495.27
5242,512,512,512,1492.55
5242,512,512,512,1476.29
5242,512,512,512,1452.64
5242,512,512,512,1451.7
20971,2048,512,512,2101.7
20971,512,2048,512,2532.23
5242,512,512,512,1489.57
5242,512,512,512,1464.85
5242,512,512,512,1467.58
5242,512,512,512,1461.66
20971,2048,512,512,2097.92
20971,512,2048,512,2492.03
5242,512,512,512,1460.55
5242,512,512,512,1483.31
5242,512,512,512,1517.53
5242,512,512,512,1474.67
20971,2048,512,512,2083.43
20971,512,2048,512,2528.53
5242,512,512,512,1477.11
5242,512,512,512,1470.47
5242,512,512,512,1436.47
5242,512,512,512,1466.29
20971,2048,512,512,2126.34
20971,512,2048,512,2523.66
5242,512,512,512,1482
5242,512,512,512,1466.13
5242,512,512,512,1465.97
5242,512,512,512,1468.54
20971,2048,512,512,2108.38
20971,512,2048,512,2525.44
5242,512,512,512,1457.22
5242,512,512,512,1461.66
5242,512,512,512,1441.41
5242,512,512,512,1469.18
20971,2048,512,512,2112.7
20971,512,2048,512,2508.45
5242,512,512,512,1456.9
5242,512,512,512,1480.69
5242,512,512,512,1473.22
5242,512,512,512,1480.86
340868,33288,512,512,2189.45
144656,512,512,512,3174.24
145219,512,512,512,3452.84
143086,512,512,512,3099.48
134140,512,512,512,3167.77
617373,2048,512,512,3906.44
511909,512,2048,512,3635.65
152784,512,512,512,3297.06
177501,512,512,512,3546.31
138819,512,512,512,3233.52
175788,512,512,512,3395.05
148318,512,512,512,3305.22
146820,512,512,512,3492.04
139898,512,512,512,3227.09
135158,512,512,512,2300.97
605239,2048,512,512,3897.11
498916,512,2048,512,3641.85
135302,512,512,512,3229.86
167130,512,512,512,3523.19
127129,512,512,512,3229.89
160282,512,512,512,3392.16
137228,512,512,512,3257.67
141001,512,512,512,3438.39
127709,512,512,512,3203.74
127997,512,512,512,3438.18
614701,2048,512,512,3911.53
495116,512,2048,512,3618.38
141404,512,512,512,3216.55
162547,512,512,512,3480.37
133241,512,512,512,3214.14
157924,512,512,512,3395.96
140148,512,512,512,3356.81
155781,512,512,512,3472.65
131610,512,512,512,3321.81
141524,512,512,512,3456.51
622718,2048,512,512,3927.58
500156,512,2048,512,3573.85
145809,512,512,512,3322.69
161899,512,512,512,3529.79
134961,512,512,512,3296.07
157923,512,512,512,3457.68
144846,512,512,512,3368.73
169827,512,512,512,3518.79
137419,512,512,512,3308.69
157723,512,512,512,3510.96
638805,2048,512,512,3941.93
520728,512,2048,512,3612.54
138115,512,512,512,3282.5
151839,512,512,512,3496.93
128572,512,512,512,3257.79
149774,512,512,512,3452.23
147527,512,512,512,3373.28
166724,512,512,512,3502.09
145068,512,512,512,3366.18
157919,512,512,512,3506.69
662743,2048,512,512,3951.48
529525,512,2048,512,3510.68
123866,512,512,512,3253.31
147677,512,512,512,3412.4
110753,512,512,512,3126.34
145625,512,512,512,3394.55
485342,2048,512,512,3797.85
372276,512,2048,512,3362.62
137762,512,512,512,3297.53
152588,512,512,512,3382.95
124825,512,512,512,3267.27
152847,512,512,512,3344.69
472169,2048,512,512,3685.95
364688,512,2048,512,3503.96
105892,512,512,512,3129.39
152424,512,512,512,3489.65
96613,512,512,512,3102.09
141359,512,512,512,3348.9
498329,2048,512,512,3766.81
374306,512,2048,512,3523.76
111037,512,512,512,3190.65
141993,512,512,512,3392.43
105115,512,512,512,3145.5
131116,512,512,512,3266.61
521358,2048,512,512,3793.52
382228,512,2048,512,3536.95
112897,512,512,512,3181.63
135583,512,512,512,3405.5
105657,512,512,512,3123.6
124591,512,512,512,3292.62
524195,2048,512,512,3816.08
379576,512,2048,512,3538.8
123414,512,512,512,3217.21
142424,512,512,512,3422.79
114404,512,512,512,3161.8
133618,512,512,512,3335.95
518126,2048,512,512,3835.1
360766,512,2048,512,3415.28
127963,512,512,512,3226.33
137811,512,512,512,3396.09
119801,512,512,512,3189.58
131226,512,512,512,3291.58
8449349,33288,512,512,3855.06
110054,512,512,512,2680.75
100849,512,512,512,3055.63
69340,512,512,512,2255.19
69926,512,512,512,2302.65
520881,2048,512,512,3859.08
420270,512,2048,512,3425.47
176573,512,512,512,3344.33
164906,512,512,512,3454.86
119346,512,512,512,3099.27
163179,512,512,512,3248.73
131179,512,512,512,3275
106332,512,512,512,3127.84
80702,512,512,512,2900.54
75910,512,512,512,2892.37
434108,2048,512,512,3755.79
364167,512,2048,512,3073.68
115824,512,512,512,3024.22
118372,512,512,512,3055.78
73184,512,512,512,2660.03
95756,512,512,512,3034.15
132447,512,512,512,3196.04
106685,512,512,512,3140.1
85843,512,512,512,2889.5
78662,512,512,512,2813.16
451905,2048,512,512,3775.79
377715,512,2048,512,2363.77
131164,512,512,512,3178.44
130939,512,512,512,3182.26
81929,512,512,512,2825.33
114764,512,512,512,3190
133557,512,512,512,3303.44
114906,512,512,512,3271.24
86931,512,512,512,3042.16
87415,512,512,512,3138.96
480220,2048,512,512,3821.76
389027,512,2048,512,3215.33
144587,512,512,512,3325.06
131025,512,512,512,3226.04
92656,512,512,512,2926.15
115987,512,512,512,3291.43
144703,512,512,512,3362.5
128707,512,512,512,3428.94
97146,512,512,512,3092.09
100981,512,512,512,3289.62
519534,2048,512,512,3886.07
435213,512,2048,512,3479.42
151362,512,512,512,3294.98
131393,512,512,512,3380.6
95590,512,512,512,2979.95
119793,512,512,512,3263.25
145197,512,512,512,3407.26
145080,512,512,512,3473.87
101998,512,512,512,3105.85
112628,512,512,512,3311.9
562881,2048,512,512,3874.33
463789,512,2048,512,3225.79
130724,512,512,512,3334.63
106538,512,512,512,3132.68
68242,512,512,512,2958.35
94758,512,512,512,3135.94
464225,2048,512,512,3659.74
348379,512,2048,512,3122.81
157973,512,512,512,3319.52
128921,512,512,512,3352.17
96673,512,512,512,3045.91
122165,512,512,512,3192.65
225571,2048,512,512,3139.35
205326,512,2048,512,2748.46
65235,512,512,512,2903.01
83880,512,512,512,3164.91
37002,512,512,512,2502.84
58084,512,512,512,2379.96
281342,2048,512,512,3338.91
253598,512,2048,512,2945.38
84469,512,512,512,3003.22
98998,512,512,512,3254.46
45258,512,512,512,2679.23
74105,512,512,512,2639.83
291371,2048,512,512,3345.1
256402,512,2048,512,2936.36
109587,512,512,512,3131.27
99608,512,512,512,3266
60842,512,512,512,2807.87
76770,512,512,512,2817.85
301623,2048,512,512,3400.65
236448,512,2048,512,2828.85
116101,512,512,512,3103.82
93737,512,512,512,3217.96
69341,512,512,512,2068.77
72872,512,512,512,2642.46
266304,2048,512,512,3206.9
179846,512,2048,512,2567.31
118976,512,512,512,3225.03
87654,512,512,512,3056.77
69802,512,512,512,2944.16
68146,512,512,512,2814.36
8099792,33288,512,512,3824.62
69048,512,512,512,2275.58
70699,512,512,512,2807.52
55824,512,512,512,2099.2
51977,512,512,512,2183.16
440834,2048,512,512,3837.9
349724,512,2048,512,3455.68
142988,512,512,512,3288.38
140146,512,512,512,3458.36
102718,512,512,512,3118.46
144324,512,512,512,3264.24
90907,512,512,512,2907.03
79001,512,512,512,3113.72
71333,512,512,512,2708.94
59864,512,512,512,2496.81
350127,2048,512,512,3665.64
278118,512,2048,512,3309.1
77453,512,512,512,2712.96
97490,512,512,512,3110.89
58782,512,512,512,2386.37
79224,512,512,512,2963.03
72798,512,512,512,2981.95
80140,512,512,512,3217.21
60387,512,512,512,2906.39
59524,512,512,512,2892.64
377531,2048,512,512,3678.07
301616,512,2048,512,3390.46
85602,512,512,512,2730.49
106244,512,512,512,3287.02
64319,512,512,512,2524.09
92139,512,512,512,3158.61
80374,512,512,512,3065.93
91729,512,512,512,3284.15
68532,512,512,512,3020.38
70060,512,512,512,3121.53
413100,2048,512,512,3770.17
326865,512,2048,512,3499.87
100219,512,512,512,3079.74
112406,512,512,512,3337.77
76218,512,512,512,3000.85
99957,512,512,512,3260.45
89251,512,512,512,3111.36
113306,512,512,512,3368.09
75834,512,512,512,3051.33
88878,512,512,512,3248.54
454699,2048,512,512,3833.42
370593,512,2048,512,3179.94
99341,512,512,512,3092.82
113026,512,512,512,3179.84
75788,512,512,512,2978.33
103039,512,512,512,3217.53
95971,512,512,512,3157.23
126777,512,512,512,3404.69
84980,512,512,512,3133.35
99415,512,512,512,3240.09
483495,2048,512,512,3854.36
392291,512,2048,512,3205.21
78700,512,512,512,3023.02
89338,512,512,512,2897.9
60344,512,512,512,2991.55
81600,512,512,512,3158.82
377485,2048,512,512,3523.06
263284,512,2048,512,2959.25
125652,512,512,512,3191.35
98723,512,512,512,3254.07
91651,512,512,512,2881.29
101724,512,512,512,3107.45
139876,2048,512,512,2829.89
104165,512,2048,512,2507.85
40729,512,512,512,2325.97
59136,512,512,512,2955.82
32292,512,512,512,2322.38
38547,512,512,512,2429.23
194581,2048,512,512,3091.25
150283,512,2048,512,2821.04
42786,512,512,512,2610.64
66156,512,512,512,3053.5
33491,512,512,512,2532.03
47033,512,512,512,2486.93
247017,2048,512,512,3347.79
179358,512,2048,512,2821.79
55210,512,512,512,1893.84
68722,512,512,512,3073.04
40973,512,512,512,2672.11
52095,512,512,512,2663.16
248270,2048,512,512,3381.49
172574,512,2048,512,2657.08
71451,512,512,512,2836.02
73260,512,512,512,3143.36
54975,512,512,512,2789.17
59423,512,512,512,2716.92
222621,2048,512,512,3159.99
136351,512,2048,512,2277.04
74612,512,512,512,3012.77
68003,512,512,512,2874.54
58713,512,512,512,2965.48
55485,512,512,512,2898.75
5628498,33288,512,512,3674.51
55839,512,512,512,2333.23
47152,512,512,512,2681.17
40749,512,512,512,1987.19
31688,512,512,512,1957.7
246942,2048,512,512,3434.74
187181,512,2048,512,2723.99
108105,512,512,512,3037.72
107497,512,512,512,3243.78
65349,512,512,512,2487.41
112066,512,512,512,3130.68
53552,512,512,512,2513.99
46022,512,512,512,2641.21
38979,512,512,512,2304
28332,512,512,512,1897.35
181465,2048,512,512,3085.87
138731,512,2048,512,2693.85
44787,512,512,512,2107.04
56702,512,512,512,2642.54
30654,512,512,512,1792.3
40235,512,512,512,2488.92
49209,512,512,512,2643.7
55295,512,512,512,2701.07
37240,512,512,512,2524.08
33400,512,512,512,2502.39
209478,2048,512,512,3284.82
170877,512,2048,512,2933.71
59402,512,512,512,2770.79
78627,512,512,512,2946.99
40400,512,512,512,2750.13
58892,512,512,512,2850.03
51857,512,512,512,2676.98
60576,512,512,512,2853.36
42887,512,512,512,2674.89
40323,512,512,512,2735.28
249613,2048,512,512,3494.68
196462,512,2048,512,3015.3
65126,512,512,512,2576.74
73887,512,512,512,2971.27
44367,512,512,512,2331.08
60688,512,512,512,3020.89
60021,512,512,512,2655.25
83964,512,512,512,3259.01
47934,512,512,512,2843.5
56646,512,512,512,2969.28
302452,2048,512,512,3614.17
246814,512,2048,512,3144.44
65341,512,512,512,2594.42
81599,512,512,512,3088.68
45839,512,512,512,2510.87
66444,512,512,512,3040.1
63673,512,512,512,2728.17
94580,512,512,512,3285.81
54191,512,512,512,2750.54
65642,512,512,512,3031.47
343356,2048,512,512,3674.5
257197,512,2048,512,2683.61
41783,512,512,512,2499.35
52641,512,512,512,2623.9
29547,512,512,512,2640.98
42360,512,512,512,2713.89
216719,2048,512,512,3075.51
149618,512,2048,512,3067.93
81604,512,512,512,2808.11
64242,512,512,512,2186.29
43030,512,512,512,2196.28
61783,512,512,512,2780.57
48481,2048,512,512,1881.05
38360,512,2048,512,2138.44
18164,512,512,512,1548.14
29508,512,512,512,2562.69
13422,512,512,512,1786.99
18682,512,512,512,1692.95
101911,2048,512,512,2586.98
82333,512,2048,512,2591.95
19741,512,512,512,1351.51
38241,512,512,512,2698
15129,512,512,512,1707.38
25640,512,512,512,1865.84
114133,2048,512,512,2666.95
85304,512,2048,512,2344.25
36347,512,512,512,2266.32
44755,512,512,512,2792.48
25265,512,512,512,2386.22
30012,512,512,512,2245
115983,2048,512,512,2610.51
83975,512,2048,512,2343.96
48912,512,512,512,2689.9
44247,512,512,512,2766.79
33185,512,512,512,2610.5
27808,512,512,512,2112.42
83494,2048,512,512,2283.28
48292,512,2048,512,1793.11
42541,512,512,512,2300.44
43863,512,512,512,2489.56
30263,512,512,512,2492.22
31688,512,512,512,2271.35
4570384,33288,512,512,3638.35
34247,512,512,512,1633
19404,512,512,512,2184.06
16396,512,512,512,1018.06
11969,512,512,512,1161.11
104673,2048,512,512,2620.82
81975,512,2048,512,1946.17
97078,512,512,512,2957.05
69893,512,512,512,2867.91
25760,512,512,512,1454.44
69617,512,512,512,2644.01
48869,512,512,512,2312.77
21820,512,512,512,1923.33
15338,512,512,512,1626.9
10662,512,512,512,1271.83
41663,2048,512,512,1839.9
36012,512,2048,512,1952.24
42364,512,512,512,1900.5
32657,512,512,512,2006.53
13187,512,512,512,1232.79
17178,512,512,512,1910.41
50871,512,512,512,2604.28
27364,512,512,512,2257.7
15168,512,512,512,1891.29
13381,512,512,512,1691.29
52212,2048,512,512,2090.01
48390,512,2048,512,2118.92
55223,512,512,512,2366.59
42626,512,512,512,2294.03
15872,512,512,512,1179.36
24727,512,512,512,2101.56
54011,512,512,512,2518.59
38147,512,512,512,2642.5
17464,512,512,512,2012.87
16461,512,512,512,1984.75
72869,2048,512,512,2414.1
71587,512,2048,512,2456.97
66349,512,512,512,2673.34
49036,512,512,512,2400.69
18628,512,512,512,1978.41
30148,512,512,512,2537.53
63533,512,512,512,2649.28
47347,512,512,512,2948.61
19514,512,512,512,1958.98
23243,512,512,512,2462.12
100398,2048,512,512,2676.69
85572,512,2048,512,2332.28
58607,512,512,512,2690.81
37223,512,512,512,2478.31
14595,512,512,512,1658.08
23119,512,512,512,2176.31
70285,512,512,512,2705.75
56422,512,512,512,3034.27
21842,512,512,512,2191.48
27155,512,512,512,2652.91
130289,2048,512,512,2899.49
90678,512,2048,512,1863.53
48564,512,512,512,2508.96
26377,512,512,512,2351.48
9201,512,512,512,1601.92
16237,512,512,512,1920.56
58872,2048,512,512,1922.92
55804,512,2048,512,2216.02
69433,512,512,512,2744.94
57004,512,512,512,2675.85
12532,512,512,512,1456.81
53312,512,512,512,2601.23
19051,2048,512,512,1289.89
20119,512,2048,512,1970.34
10834,512,512,512,932.27
21594,512,512,512,2363.63
3649,512,512,512,794.003
14972,512,512,512,1502.89
19537,2048,512,512,1314
20744,512,2048,512,2048.55
32975,512,512,512,2054.37
19159,512,512,512,1674.59
8520,512,512,512,1416.5
9463,512,512,512,1184.61
21054,2048,512,512,1329.77
21606,512,2048,512,2060.78
19284,512,512,512,1621.99
16852,512,512,512,2105.37
5429,512,512,512,1008.95
8863,512,512,512,1149.99
20900,2048,512,512,1352.14
18007,512,2048,512,1695.4
29744,512,512,512,2074.05
15941,512,512,512,2095.24
7369,512,512,512,1317.64
9554,512,512,512,1219.68
16100,2048,512,512,1204.3
9871,512,2048,512,1318.47
32053,512,512,512,2196.23
18132,512,512,512,2016.33
7471,512,512,512,1373.09
12811,512,512,512,1488.23
2802367,33288,512,512,3470.6
17538,512,512,512,1200.59
9689,512,512,512,1632.58
9630,512,512,512,868.76
5732,512,512,512,782.526
49727,2048,512,512,2155.86
41575,512,2048,512,1842.53
60339,512,512,512,2597.41
33846,512,512,512,2367.24
10762,512,512,512,778.335
34845,512,512,512,2076.42
27165,512,512,512,1949.71
12022,512,512,512,1783.2
7018,512,512,512,1130.94
4981,512,512,512,995.189
18329,2048,512,512,1358.77
18724,512,2048,512,1799.44
20384,512,512,512,1387.4
20795,512,512,512,1879.84
5704,512,512,512,804.62
9461,512,512,512,1499.14
21954,512,512,512,1958.27
12498,512,512,512,1885.05
5460,512,512,512,1197.64
4860,512,512,512,1065.3
19355,2048,512,512,1450.41
20125,512,2048,512,2000
29397,512,512,512,2101.13
26491,512,512,512,2117.03
6978,512,512,512,1365.41
12252,512,512,512,1856.69
23425,512,512,512,2112.59
20550,512,512,512,2165.47
6200,512,512,512,1460.03
7340,512,512,512,1424.49
25190,2048,512,512,1661.29
29575,512,2048,512,2236.49
33448,512,512,512,2070.78
35320,512,512,512,2489.86
8490,512,512,512,1097.59
16466,512,512,512,2032.64
25495,512,512,512,1928.93
36244,512,512,512,2440.55
7017,512,512,512,1550.58
11888,512,512,512,1884.3
33082,2048,512,512,1883.59
44738,512,2048,512,2303.11
25079,512,512,512,1900.71
31458,512,512,512,2264.12
6391,512,512,512,870.773
14370,512,512,512,1896.44
44130,512,512,512,2340.34
37424,512,512,512,2820.38
10100,512,512,512,1631.09
15476,512,512,512,2253.1
42127,2048,512,512,2058.39
29857,512,2048,512,1318.05
18768,512,512,512,1651.69
14559,512,512,512,1655.02
3701,512,512,512,1022.95
9011,512,512,512,1528.3
26707,2048,512,512,1370.03
26895,512,2048,512,1759.78
46041,512,512,512,2225.17
39819,512,512,512,2351.97
5371,512,512,512,774.853
35052,512,512,512,2152.18
3789,2048,512,512,502.192
3298,512,2048,512,823.696
10357,512,512,512,872.14
5954,512,512,512,1403.26
2109,512,512,512,571.932
2920,512,512,512,669.101
3678,2048,512,512,430.746
3035,512,2048,512,927.381
3920,512,512,512,536.699
6539,512,512,512,1400
1294,512,512,512,342.25
3906,512,512,512,712.104
6591,2048,512,512,762.482
6228,512,2048,512,1161.65
10973,512,512,512,1195.1
10235,512,512,512,1670.27
2888,512,512,512,598.162
6614,512,512,512,1119.46
5856,2048,512,512,696.689
5056,512,2048,512,1201.91
21060,512,512,512,1839.43
9576,512,512,512,1582.4
4067,512,512,512,1057.87
4228,512,512,512,761.695
4933,2048,512,512,622.737
2797,512,2048,512,660.912
16062,512,512,512,1671.83
8583,512,512,512,1491.78
3442,512,512,512,952.803
6578,512,512,512,1171.7
1362291,33288,512,512,3111.12
0,512,512,512,0
929,512,512,512,464.682
0,512,512,512,0
246,512,512,512,78.7298
14047,2048,512,512,1238.94
20596,512,2048,512,1869.31
22905,512,512,512,1633.75
27236,512,512,512,2125.61
5473,512,512,512,498.501
25435,512,512,512,1983.54
0,512,512,512,0
77,512,512,512,47.3618
0,512,512,512,0
19,512,512,512,10.2056
1932,2048,512,512,292.849
1833,512,2048,512,629.863
8299,512,512,512,1168.81
20258,512,512,512,1921.47
4656,512,512,512,869.709
6968,512,512,512,1418.54
39,512,512,512,15.2684
6,512,512,512,3.61242
8,512,512,512,4.87619
20,512,512,512,10.7971
1005,2048,512,512,164.249
960,512,2048,512,439.328
15889,512,512,512,1412.8
26465,512,512,512,1983.67
4629,512,512,512,963.121
9380,512,512,512,1411.52
2992,512,512,512,375.375
1844,512,512,512,722.363
640,512,512,512,207.919
401,512,512,512,147.962
1423,2048,512,512,220.74
1698,512,2048,512,663.038
13471,512,512,512,1430.89
25799,512,512,512,1881.74
5084,512,512,512,1088.4
10880,512,512,512,1153.18
10658,512,512,512,931.497
7785,512,512,512,1605.54
5360,512,512,512,640.837
2762,512,512,512,645.374
1185,2048,512,512,180.164
1198,512,2048,512,535.7
4459,512,512,512,622.854
4413,512,512,512,1131.31
1897,512,512,512,457.022
1883,512,512,512,508.973
30410,512,512,512,1894.8
23696,512,512,512,2316.04
14210,512,512,512,1756.18
7168,512,512,512,1290.99
1373,2048,512,512,173.121
1671,512,2048,512,708.238
5531,512,512,512,613.677
2353,512,512,512,754.28
2904,512,512,512,603.674
743,512,512,512,259.493
0,2048,512,512,0
0,512,2048,512,0
9554,512,512,512,1083.23
19357,512,512,512,1900.22
5442,512,512,512,828.665
13274,512,512,512,1218.58
0,2048,512,512,0
0,512,2048,512,0
1670,512,512,512,349.567
1644,512,512,512,688.136
1203,512,512,512,251.649
301,512,512,512,111.176
159,2048,512,512,24.6751
274,512,2048,512,164.503
87,512,512,512,32.806
193,512,512,512,110.656
15,512,512,512,8.55806
19,512,512,512,7.83379
0,2048,512,512,0
0,512,2048,512,0
0,512,512,512,0
0,512,512,512,0
0,512,512,512,0
0,512,512,512,0
0,2048,512,512,0
0,512,2048,512,0
0,512,512,512,0
0,512,512,512,0
0,512,512,512,0
0,512,512,512,0
0,2048,512,512,0
0,512,2048,512,0
0,512,512,512,0
0,512,512,512,0
0,512,512,512,0
0,512,512,512,0
850094,33288,512,512,2829.65
