128761,64,512,512,3820.73
132877,64,512,512,5970.15
142349,64,512,512,6392.32
122501,64,512,512,5495.32
657561,256,512,512,12798.4
587093,64,2048,512,8844.51
158760,64,512,512,7123.77
161312,64,512,512,7250.89
154701,64,512,512,6983.06
163812,64,512,512,7364.82
138452,64,512,512,6273.4
140197,64,512,512,6305.95
139415,64,512,512,6318.55
130440,64,512,512,5802.25
615379,256,512,512,12054.5
552458,64,2048,512,8330.74
122396,64,512,512,5601.32
163814,64,512,512,7342.63
119017,64,512,512,5427.52
156550,64,512,512,7040.99
130692,64,512,512,5844.66
144385,64,512,512,6480.2
131820,64,512,512,5907.9
133155,64,512,512,5923.35
629035,256,512,512,12297.1
550086,64,2048,512,8304.71
129969,64,512,512,5837.37
164324,64,512,512,7379.64
131426,64,512,512,5855.55
157607,64,512,512,7099.11
132401,64,512,512,5867.46
158040,64,512,512,7108.31
136023,64,512,512,6106.19
146596,64,512,512,6607.14
640824,256,512,512,12538.4
560424,64,2048,512,8447.36
133334,64,512,512,6029.12
165516,64,512,512,7414.45
134172,64,512,512,6026.9
161231,64,512,512,7220.88
128782,64,512,512,5728.9
171580,64,512,512,7674.92
135490,64,512,512,6076.12
157572,64,512,512,7122.8
655737,256,512,512,12795.8
588044,64,2048,512,8893.46
125661,64,512,512,5374.44
154825,64,512,512,6894.61
127452,64,512,512,5731.24
153730,64,512,512,6931.21
129316,64,512,512,5793.81
176891,64,512,512,7889.44
141501,64,512,512,6399.41
161782,64,512,512,7196.51
673253,256,512,512,13172.2
611291,64,2048,512,9200.09
102691,64,512,512,4686.81
136832,64,512,512,6173.6
105460,64,512,512,4837.33
134494,64,512,512,6019.23
546132,256,512,512,10716.7
478771,64,2048,512,7542.3
126309,64,512,512,5741.15
127433,64,512,512,5706.17
124950,64,512,512,5669.48
136926,64,512,512,6099.41
512834,256,512,512,10128.6
430911,64,2048,512,6713.71
89535,64,512,512,4143.82
142150,64,512,512,6407.75
83912,64,512,512,3957.53
126151,64,512,512,5701.82
526135,256,512,512,10365.4
434134,64,2048,512,6729.95
100634,64,512,512,4653.46
132334,64,512,512,5995.59
96583,64,512,512,4468.46
120956,64,512,512,5305.6
527460,256,512,512,10397.3
428269,64,2048,512,6600.5
103808,64,512,512,4657.09
127274,64,512,512,5762.02
102659,64,512,512,4697.41
119034,64,512,512,5440.39
529427,256,512,512,10443
424951,64,2048,512,6671.49
117377,64,512,512,5341.39
122898,64,512,512,5573.52
114955,64,512,512,5251.41
118573,64,512,512,5423.73
504860,256,512,512,9923.48
400093,64,2048,512,6352.36
115234,64,512,512,5231.14
120376,64,512,512,5491.29
114692,64,512,512,5277.59
119087,64,512,512,5381.02
7941902,4161,512,512,11224.9
82388,64,512,512,3862.71
95040,64,512,512,4463.28
95047,64,512,512,4404.53
81972,64,512,512,3828.06
559163,256,512,512,11008.1
479025,64,2048,512,7354.66
123005,64,512,512,5586.37
134139,64,512,512,6042.13
117970,64,512,512,5373.95
136606,64,512,512,6156.28
108827,64,512,512,4908.68
113602,64,512,512,5206.99
110167,64,512,512,4992.98
103331,64,512,512,4722.28
500782,256,512,512,9848.4
433174,64,2048,512,6704.64
83660,64,512,512,3925.85
139159,64,512,512,6248.98
79680,64,512,512,3790
128804,64,512,512,5761.59
93269,64,512,512,4361.36
116477,64,512,512,5320.71
96336,64,512,512,4430.19
100708,64,512,512,4623.08
513866,256,512,512,10131.4
431100,64,2048,512,6715.8
94610,64,512,512,4387.71
138919,64,512,512,6255.85
97046,64,512,512,4462.72
129913,64,512,512,5849.79
91737,64,512,512,4303.24
128003,64,512,512,5733.86
97528,64,512,512,4474.21
111611,64,512,512,5116.1
530735,256,512,512,10445.5
446252,64,2048,512,6920.28
96734,64,512,512,4484.65
139126,64,512,512,6311.71
97673,64,512,512,4517.58
132027,64,512,512,5861.93
99926,64,512,512,4556
146522,64,512,512,6556.43
105672,64,512,512,4751.57
131348,64,512,512,5852.08
560299,256,512,512,11024.7
483219,64,2048,512,7408.28
99871,64,512,512,4581.3
139835,64,512,512,6313.89
100632,64,512,512,4603.93
135476,64,512,512,6085.99
100073,64,512,512,4563.87
158983,64,512,512,7126.19
110849,64,512,512,5061.02
140232,64,512,512,6274.18
584554,256,512,512,11502.8
515851,64,2048,512,7832.99
72786,64,512,512,3560.2
111169,64,512,512,5090.23
75465,64,512,512,3595.55
108697,64,512,512,5000.65
418763,256,512,512,8317.61
331624,64,2048,512,5539.01
104724,64,512,512,4733.49
104369,64,512,512,4730.74
100685,64,512,512,4614.8
114837,64,512,512,5239.73
384080,256,512,512,7846.83
294467,64,2048,512,4990.88
52376,64,512,512,2557.81
108226,64,512,512,4913.15
49216,64,512,512,2559.37
88225,64,512,512,4049.45
390912,256,512,512,7845.46
292071,64,2048,512,4996.51
68275,64,512,512,3255.84
97898,64,512,512,4498.79
65237,64,512,512,3168.91
82951,64,512,512,3848.9
395711,256,512,512,7916.85
291221,64,2048,512,4925.77
71474,64,512,512,3420.63
99155,64,512,512,4608.37
69597,64,512,512,3382.91
91595,64,512,512,4154.97
386282,256,512,512,7723.18
286061,64,2048,512,4941.14
74946,64,512,512,3605.23
93347,64,512,512,4342.79
73526,64,512,512,3538.46
87577,64,512,512,4072.64
372892,256,512,512,7509.8
268393,64,2048,512,4685.76
83966,64,512,512,3919.18
91238,64,512,512,4129.64
82765,64,512,512,3897.29
85516,64,512,512,3977.49
6970877,4161,512,512,9994.58
48820,64,512,512,2372.6
61079,64,512,512,3218.28
59699,64,512,512,2868.76
49720,64,512,512,2446.89
457008,256,512,512,9011.8
380232,64,2048,512,6010.03
100329,64,512,512,4566.37
112503,64,512,512,5144.02
94479,64,512,512,4358.2
114846,64,512,512,5270.2
82527,64,512,512,3944.41
86541,64,512,512,4144.37
84021,64,512,512,3911.25
74658,64,512,512,3612.34
371268,256,512,512,7469.34
296938,64,2048,512,4992.62
59207,64,512,512,2963.96
110975,64,512,512,5089.72
55989,64,512,512,2838.7
99131,64,512,512,4582.04
59373,64,512,512,2940.98
88269,64,512,512,4137.65
64712,64,512,512,3184.45
69763,64,512,512,3406.45
383955,256,512,512,7697.29
302682,64,2048,512,5047.41
75307,64,512,512,3528.34
120987,64,512,512,5463.55
74395,64,512,512,3635.45
110489,64,512,512,5033.52
69106,64,512,512,3200.46
107546,64,512,512,4878.96
74384,64,512,512,3583.2
86780,64,512,512,4106.23
406737,256,512,512,8093.47
316678,64,2048,512,5223.53
75207,64,512,512,3624.54
115311,64,512,512,5271.88
77122,64,512,512,3659.41
106452,64,512,512,4853.76
75019,64,512,512,3609.23
125521,64,512,512,5609.56
83525,64,512,512,3911.89
105434,64,512,512,4801.59
445126,256,512,512,8806.75
360576,64,2048,512,5766.8
66207,64,512,512,3268.22
107436,64,512,512,4908.13
69103,64,512,512,3357.72
100659,64,512,512,4590.21
80509,64,512,512,3777.49
140067,64,512,512,6349.99
94610,64,512,512,4379.46
117697,64,512,512,5433.13
469702,256,512,512,9261.66
393501,64,2048,512,6215.62
53044,64,512,512,2652.7
91720,64,512,512,4264.56
54347,64,512,512,2762.32
87767,64,512,512,4070.12
319674,256,512,512,6665.57
246891,64,2048,512,4537.11
64552,64,512,512,3159.71
73664,64,512,512,3540.95
61364,64,512,512,3051.42
83434,64,512,512,3919.56
237924,256,512,512,5362.42
152630,64,2048,512,2336.9
32419,64,512,512,1888.6
75766,64,512,512,3803.57
30510,64,512,512,1774.48
57281,64,512,512,2819.64
239685,256,512,512,5360.46
155797,64,2048,512,3411.55
43886,64,512,512,2313.29
73089,64,512,512,3725.46
39292,64,512,512,2073.01
62094,64,512,512,2967.94
241817,256,512,512,5298.65
154531,64,2048,512,3213.87
49628,64,512,512,2571.19
57036,64,512,512,2984.76
48540,64,512,512,2467.79
49310,64,512,512,2490.95
219154,256,512,512,4905.34
147362,64,2048,512,3255.65
33528,64,512,512,1875.49
53373,64,512,512,2876.91
34631,64,512,512,1968.72
44365,64,512,512,2281.09
195846,256,512,512,4495.97
120625,64,2048,512,2617.36
54241,64,512,512,2777.14
71756,64,512,512,3542.57
51254,64,512,512,2690.01
64594,64,512,512,3198.12
5924545,4161,512,512,8780.93
45935,64,512,512,2170.46
46296,64,512,512,2468.38
52919,64,512,512,2633.73
38370,64,512,512,1857.86
331367,256,512,512,6815.76
265406,64,2048,512,4613.62
65174,64,512,512,3113.99
85635,64,512,512,4086.55
59884,64,512,512,2951.95
89665,64,512,512,4154.34
45262,64,512,512,2251.14
57303,64,512,512,3006.11
48014,64,512,512,2393.78
44781,64,512,512,2225.31
250381,256,512,512,5489.91
189258,64,2048,512,3740.49
40322,64,512,512,2146.96
85967,64,512,512,4038.38
36932,64,512,512,2056.24
74639,64,512,512,3508.04
44052,64,512,512,2338.49
61540,64,512,512,3073.54
47508,64,512,512,2491
46746,64,512,512,2534.17
265383,256,512,512,5755.09
195030,64,2048,512,3793.37
42118,64,512,512,2340.21
91334,64,512,512,4228.97
42774,64,512,512,2275.59
79227,64,512,512,3767.44
38467,64,512,512,2175.31
71031,64,512,512,3471.59
44005,64,512,512,2394.54
53746,64,512,512,2815.17
283233,256,512,512,5991.1
202509,64,2048,512,3904.26
46461,64,512,512,2472.4
78908,64,512,512,3779
48194,64,512,512,2575.8
72580,64,512,512,3539.14
43854,64,512,512,2409.77
96524,64,512,512,4451.31
51673,64,512,512,2705.61
76538,64,512,512,3692.3
320489,256,512,512,6655.07
247453,64,2048,512,4365.84
40847,64,512,512,2267.19
81975,64,512,512,3863.16
42541,64,512,512,2341.11
75412,64,512,512,3627.32
49860,64,512,512,2670.95
110313,64,512,512,5031.23
61547,64,512,512,3099.58
88378,64,512,512,4189.58
345592,256,512,512,7036.7
274829,64,2048,512,4715.41
25374,64,512,512,1454.57
60536,64,512,512,3009.87
25890,64,512,512,1536.78
57422,64,512,512,2856.73
209395,256,512,512,4830.05
151186,64,2048,512,3241.21
32695,64,512,512,1808.54
42140,64,512,512,2356.04
30524,64,512,512,1681.85
49135,64,512,512,2519.66
126254,256,512,512,3473.31
76575,64,2048,512,2346.63
17164,64,512,512,1215.85
52044,64,512,512,2845.58
14299,64,512,512,1068.84
37690,64,512,512,1969.14
146819,256,512,512,3827.24
84761,64,2048,512,2339.4
23183,64,512,512,1439.83
49133,64,512,512,2804.54
21266,64,512,512,1355.63
36818,64,512,512,1911.04
144374,256,512,512,3692.43
87498,64,2048,512,2472.5
20567,64,512,512,1272.73
39685,64,512,512,2397.3
19186,64,512,512,1296.27
32050,64,512,512,1735.57
133310,256,512,512,3535.54
81004,64,2048,512,2323.99
25603,64,512,512,1527.23
40168,64,512,512,2331.41
23381,64,512,512,1414.94
32959,64,512,512,1794.17
117647,256,512,512,3235.67
69633,64,2048,512,1824.91
23953,64,512,512,1432.06
31670,64,512,512,1881.51
22904,64,512,512,1441.69
28133,64,512,512,1622.96
4045117,4161,512,512,6821.13
34335,64,512,512,1699.12
29747,64,512,512,1924.44
42332,64,512,512,2048.86
23730,64,512,512,1376.72
165318,256,512,512,4137.67
114116,64,2048,512,2869.08
34464,64,512,512,1892.13
60724,64,512,512,3097.67
30956,64,512,512,1723.19
62144,64,512,512,2957.96
27947,64,512,512,1507.21
32084,64,512,512,2054.65
31500,64,512,512,1619.17
26063,64,512,512,1371.08
144805,256,512,512,3726.08
93516,64,2048,512,2678.27
19984,64,512,512,1320.6
51570,64,512,512,2728.79
18956,64,512,512,1203.77
45617,64,512,512,2369.17
17384,64,512,512,1314.02
30722,64,512,512,1921.03
20613,64,512,512,1382.18
23618,64,512,512,1570.93
150601,256,512,512,3847.2
91018,64,2048,512,2618.77
22986,64,512,512,1470.96
50560,64,512,512,2661.66
23332,64,512,512,1442.03
48332,64,512,512,2554.37
18710,64,512,512,1250.15
48771,64,512,512,2585.39
22976,64,512,512,1427.69
37207,64,512,512,2191.51
158689,256,512,512,4031.7
91220,64,2048,512,2624.35
25803,64,512,512,1518.69
51980,64,512,512,2720.26
27000,64,512,512,1581.72
50793,64,512,512,2653.02
22110,64,512,512,1525.26
70194,64,512,512,3396.81
27829,64,512,512,1721.96
55987,64,512,512,3021.42
166966,256,512,512,4182.38
100492,64,2048,512,2727.45
16560,64,512,512,1086.55
39864,64,512,512,2295.73
17972,64,512,512,1166.92
38720,64,512,512,2148.98
24537,64,512,512,1543.87
65081,64,512,512,3225.37
35051,64,512,512,1995.25
54980,64,512,512,2959.44
189128,256,512,512,4561.14
109440,64,2048,512,2779.58
6244,64,512,512,582.615
26927,64,512,512,1635.87
7420,64,512,512,621.832
26093,64,512,512,1604.09
53227,256,512,512,2245.22
34630,64,2048,512,1776.07
13396,64,512,512,963.027
27558,64,512,512,1674.53
12282,64,512,512,908.874
32402,64,512,512,1831.95
59715,256,512,512,2206.69
31978,64,2048,512,1316.87
8006,64,512,512,714.841
25723,64,512,512,1528.68
7531,64,512,512,683.452
18901,64,512,512,1223.07
73174,256,512,512,2530.03
37471,64,2048,512,1731.81
7276,64,512,512,604.602
25171,64,512,512,1650.15
6459,64,512,512,528.587
19734,64,512,512,1208.38
77994,256,512,512,2577.68
38793,64,2048,512,1784.12
11015,64,512,512,904.956
24419,64,512,512,1540.48
10472,64,512,512,876.433
20582,64,512,512,1386.87
70998,256,512,512,2464.03
35760,64,2048,512,1702.73
8285,64,512,512,790.836
20839,64,512,512,1317.78
7826,64,512,512,732.814
17985,64,512,512,1196.88
61917,256,512,512,2271.69
28848,64,2048,512,1291.51
11904,64,512,512,919.295
21574,64,512,512,1420.16
11724,64,512,512,874.416
20289,64,512,512,1281.68
1938914,4161,512,512,4853.41
13591,64,512,512,785.905
11834,64,512,512,985.321
18364,64,512,512,964.732
8842,64,512,512,566.375
107573,256,512,512,3225.55
80849,64,2048,512,2334.76
16771,64,512,512,1066.94
28842,64,512,512,1693.78
13807,64,512,512,953.955
31600,64,512,512,1621.86
13156,64,512,512,816.382
15612,64,512,512,1277.12
15414,64,512,512,945.97
10938,64,512,512,747.914
48981,256,512,512,1977.66
34082,64,2048,512,1435
7091,64,512,512,503.22
27698,64,512,512,1774.2
6302,64,512,512,560.162
21599,64,512,512,1438.61
6119,64,512,512,621.533
11183,64,512,512,959.786
7324,64,512,512,654.056
7750,64,512,512,720.825
55048,256,512,512,2156.63
35955,64,2048,512,1653.44
8454,64,512,512,696.699
27387,64,512,512,1774.02
8560,64,512,512,744.307
22070,64,512,512,1500.05
7508,64,512,512,681.036
18737,64,512,512,1406.98
9838,64,512,512,847.738
12906,64,512,512,1030.14
63204,256,512,512,2296.92
40951,64,2048,512,1737.75
10143,64,512,512,802.414
31538,64,512,512,1946.94
10640,64,512,512,854.834
26736,64,512,512,1724.66
10085,64,512,512,888.253
31635,64,512,512,1976.42
12905,64,512,512,1046.21
23675,64,512,512,1572.21
75648,256,512,512,2513.93
51508,64,2048,512,1712.58
8793,64,512,512,698.516
23635,64,512,512,1482.54
8673,64,512,512,675.139
20949,64,512,512,1341.25
11498,64,512,512,958.467
50919,64,512,512,2710.8
15955,64,512,512,1170.61
35619,64,512,512,2097.12
90763,256,512,512,2868.3
66881,64,2048,512,1674.99
2012,64,512,512,243.068
9731,64,512,512,674.096
2143,64,512,512,246.163
8160,64,512,512,721.366
53936,256,512,512,2056.81
37885,64,2048,512,1708.26
4860,64,512,512,419.35
8693,64,512,512,781.349
4594,64,512,512,370.428
10765,64,512,512,734.86
19771,256,512,512,1154.07
11460,64,2048,512,824.813
3116,64,512,512,357.634
17085,64,512,512,1369.23
2706,64,512,512,330
11679,64,512,512,838.839
21492,256,512,512,1184.62
12675,64,2048,512,983.107
3128,64,512,512,306.085
8602,64,512,512,796.55
2649,64,512,512,285.674
5842,64,512,512,506.802
21069,256,512,512,1134.53
12926,64,2048,512,833.482
3130,64,512,512,336.231
8456,64,512,512,814.373
2888,64,512,512,306.429
5920,64,512,512,459.015
16569,256,512,512,898.946
10555,64,2048,512,716.383
3975,64,512,512,372.824
9829,64,512,512,875.854
3688,64,512,512,371.376
6880,64,512,512,521.571
14652,256,512,512,900.086
9374,64,2048,512,531.17
2878,64,512,512,315.548
5607,64,512,512,519.031
2627,64,512,512,294.3
4187,64,512,512,386.845
1251031,4161,512,512,4128.4
7994,64,512,512,511.749
6230,64,512,512,679.621
10825,64,512,512,643.22
4266,64,512,512,346.548
37336,256,512,512,1796.89
28863,64,2048,512,1515.46
5646,64,512,512,522.158
17872,64,512,512,1379.01
4679,64,512,512,454.713
21603,64,512,512,1298.55
5126,64,512,512,385.169
5757,64,512,512,614.674
6474,64,512,512,461.327
3865,64,512,512,338.358
18332,256,512,512,1156.75
14699,64,2048,512,1110.56
3668,64,512,512,363.765
11791,64,512,512,1031.05
3797,64,512,512,355.576
10070,64,512,512,794.106
3401,64,512,512,366.154
5162,64,512,512,552.528
4111,64,512,512,404.352
3691,64,512,512,392.177
13036,256,512,512,900.801
9863,64,2048,512,844.955
4359,64,512,512,424.246
13924,64,512,512,1132.87
4174,64,512,512,436.896
11995,64,512,512,942.448
3302,64,512,512,375.494
7543,64,512,512,739.94
4222,64,512,512,453.08
6012,64,512,512,609.929
12635,256,512,512,889.907
9668,64,2048,512,812.694
4405,64,512,512,449.275
10699,64,512,512,917.803
4559,64,512,512,466.647
9516,64,512,512,839.732
4352,64,512,512,480.95
15753,64,512,512,1232.72
5559,64,512,512,542.308
12052,64,512,512,997.116
14538,256,512,512,993.839
11200,64,2048,512,770.753
2258,64,512,512,261.437
8183,64,512,512,806.753
2408,64,512,512,267.286
6857,64,512,512,602.449
4500,64,512,512,477.01
23566,64,512,512,1596.65
5989,64,512,512,594.165
17053,64,512,512,1298.63
17556,256,512,512,1076.66
14256,64,2048,512,647.2
742,64,512,512,95.6417
2728,64,512,512,286.16
806,64,512,512,107.655
2370,64,512,512,272.159
21989,256,512,512,1292.35
16969,64,2048,512,1152.61
1040,64,512,512,128.182
6990,64,512,512,688.373
971,64,512,512,126.716
10210,64,512,512,785.933
4276,256,512,512,362.517
3145,64,2048,512,333.543
1083,64,512,512,144.046
7508,64,512,512,753.791
989,64,512,512,134.753
5246,64,512,512,453.377
3167,256,512,512,283.702
2309,64,2048,512,256.85
1566,64,512,512,194.248
4323,64,512,512,457.793
1368,64,512,512,172.823
3317,64,512,512,312.823
2099,256,512,512,203.428
1606,64,2048,512,198.486
1259,64,512,512,152.913
3983,64,512,512,425.576
1243,64,512,512,155.345
2880,64,512,512,291.599
1483,256,512,512,143.649
1166,64,2048,512,131.593
827,64,512,512,111.662
1872,64,512,512,218.206
712,64,512,512,98.0928
1394,64,512,512,163.777
1887,256,512,512,176.216
1200,64,2048,512,117.752
419,64,512,512,57.1867
812,64,512,512,95.5715
391,64,512,512,53.5456
645,64,512,512,59.1709
584680,4161,512,512,3277.59
131072,64,512,512,5819.28
131072,64,512,512,5869.36
131072,64,512,512,5890.63
131072,64,512,512,5917.22
524288,256,512,512,10337.4
524288,64,2048,512,7934.93
131072,64,512,512,5926.92
131072,64,512,512,5881.05
131072,64,512,512,5880.06
131072,64,512,512,5987.75
131072,64,512,512,5865.34
131072,64,512,512,5859.85
131072,64,512,512,5826.31
131072,64,512,512,5902.15
524288,256,512,512,10349.2
524288,64,2048,512,8036.49
131072,64,512,512,5823.8
131072,64,512,512,5871.17
131072,64,512,512,5869.36
131072,64,512,512,5882.03
131071,64,512,512,5877.95
131072,64,512,512,5868.7
131072,64,512,512,5881.54
131072,64,512,512,5929.01
524288,256,512,512,10320.3
524288,64,2048,512,7964.46
131072,64,512,512,5888.89
131072,64,512,512,5858.78
131072,64,512,512,5870.51
131072,64,512,512,5896.42
131072,64,512,512,5882.04
131072,64,512,512,5839.7
131072,64,512,512,5881.46
131072,64,512,512,5944.39
524288,256,512,512,10346.3
524287,64,2048,512,7978.61
131072,64,512,512,5902.48
131072,64,512,512,5873.22
131072,64,512,512,5893.69
131072,64,512,512,5857.06
131072,64,512,512,5868.29
131072,64,512,512,5878.16
131072,64,512,512,5869.85
131072,64,512,512,5950.12
524288,256,512,512,10348.4
524288,64,2048,512,7946.5
131072,64,512,512,5880.14
131072,64,512,512,5855.02
131072,64,512,512,5938.33
131072,64,512,512,5887.73
131072,64,512,512,5867.39
131072,64,512,512,5831.5
131072,64,512,512,5896.59
131072,64,512,512,5980.33
524288,256,512,512,10333
524288,64,2048,512,7938.87
131072,64,512,512,5882.94
131072,64,512,512,5925.91
131072,64,512,512,5858.95
131072,64,512,512,5861.24
524288,256,512,512,10455.6
524288,64,2048,512,7996.77
131072,64,512,512,5988.87
131072,64,512,512,6037.92
131072,64,512,512,5906.3
131072,64,512,512,5966.63
524288,256,512,512,10388.4
524288,64,2048,512,8209.28
131072,64,512,512,5874.21
131072,64,512,512,6012.73
131072,64,512,512,5880.71
131072,64,512,512,5835.47
524288,256,512,512,10375.1
524288,64,2048,512,8234.14
131072,64,512,512,5852.73
131072,64,512,512,4237.53
131072,64,512,512,5806.95
131072,64,512,512,5914.88
524288,256,512,512,10301.4
524288,64,2048,512,8114.74
131072,64,512,512,5850.77
131072,64,512,512,5848.09
131072,64,512,512,5875.53
131072,64,512,512,5895.93
524288,256,512,512,10374.7
524288,64,2048,512,8082.53
131072,64,512,512,5866.57
131072,64,512,512,5930.1
131072,64,512,512,5862.71
131072,64,512,512,5864.19
524288,256,512,512,10342.1
524288,64,2048,512,8111.44
131072,64,512,512,5853.63
131072,64,512,512,5930.86
131072,64,512,512,5829.31
131072,64,512,512,5876.84
8521728,4161,512,512,12161.4
104857,64,512,512,4829.75
104857,64,512,512,4734.42
104857,64,512,512,4834.97
104857,64,512,512,4782.6
419430,256,512,512,8319.4
419430,64,2048,512,6632.65
104857,64,512,512,4817.41
104857,64,512,512,4770.56
104857,64,512,512,4779.74
104857,64,512,512,4829.27
104857,64,512,512,4767.38
104857,64,512,512,4777.08
104857,64,512,512,4812.02
104857,64,512,512,4850.7
419430,256,512,512,8324.92
419430,64,2048,512,6630.33
104857,64,512,512,4784.03
104857,64,512,512,4797.5
104857,64,512,512,4728.54
104857,64,512,512,4791.13
104857,64,512,512,4763.72
104856,64,512,512,4749.85
104857,64,512,512,4791.54
104857,64,512,512,4786.55
419430,256,512,512,8330.6
419430,64,2048,512,6618.46
104857,64,512,512,4292.58
104857,64,512,512,4753.87
104857,64,512,512,4751.98
104857,64,512,512,4797.92
104857,64,512,512,4728.81
104857,64,512,512,4774.97
104857,64,512,512,4786.49
104857,64,512,512,4799.36
419429,256,512,512,8327.22
419429,64,2048,512,6566.92
104857,64,512,512,4802.79
104857,64,512,512,4781.17
104857,64,512,512,4776.95
104857,64,512,512,4788.54
104857,64,512,512,4740.64
104857,64,512,512,4782.8
104857,64,512,512,4773.07
104857,64,512,512,4860.04
419430,256,512,512,8314.81
419430,64,2048,512,6505.69
104857,64,512,512,4763.86
104857,64,512,512,4741.98
104857,64,512,512,4803.62
104857,64,512,512,4772.26
104857,64,512,512,4771.31
104857,64,512,512,4754.47
104857,64,512,512,4742.78
104857,64,512,512,4853.08
419430,256,512,512,8331.28
419430,64,2048,512,6273.64
104857,64,512,512,4696.77
104857,64,512,512,4829.13
104857,64,512,512,4783.62
104857,64,512,512,4782.26
419430,256,512,512,8571.5
419430,64,2048,512,6621.43
104857,64,512,512,4818.45
104857,64,512,512,4883.53
104857,64,512,512,3172.41
104857,64,512,512,4836.37
419430,256,512,512,8363.3
419430,64,2048,512,6775.42
104857,64,512,512,4880.47
104857,64,512,512,4696.97
104857,64,512,512,4825.65
104857,64,512,512,4834.07
419430,256,512,512,8393.69
419430,64,2048,512,6761.93
104857,64,512,512,4788.81
104857,64,512,512,4764.67
104857,64,512,512,4760.48
104857,64,512,512,4833.86
419430,256,512,512,8357.58
419430,64,2048,512,6676.97
104857,64,512,512,4783.48
104857,64,512,512,4846.28
104857,64,512,512,4765.89
104857,64,512,512,4771.58
419429,256,512,512,8336.12
419430,64,2048,512,6715.72
104857,64,512,512,4790.04
104857,64,512,512,4820.8
104857,64,512,512,4787.03
104857,64,512,512,4811.47
419430,256,512,512,8362.37
419430,64,2048,512,6663.08
104857,64,512,512,4793.8
104857,64,512,512,4766.5
104857,64,512,512,4798.6
104857,64,512,512,4763.25
6817381,4161,512,512,10172.4
78643,64,512,512,3629.85
78642,64,512,512,3758.28
78643,64,512,512,3688.48
78643,64,512,512,3675.17
314572,256,512,512,6556.28
314572,64,2048,512,5152.43
78643,64,512,512,3709.46
78643,64,512,512,3678.45
78643,64,512,512,3711.38
78643,64,512,512,3801.59
78643,64,512,512,3676.89
78643,64,512,512,3749.98
78643,64,512,512,3671.47
78643,64,512,512,3791.96
314572,256,512,512,6494.81
314571,64,2048,512,5187.57
78643,64,512,512,3645.36
78643,64,512,512,3809.93
78643,64,512,512,3720.16
78643,64,512,512,3677.21
78643,64,512,512,3767.55
78643,64,512,512,2644.18
78643,64,512,512,3725.44
78643,64,512,512,3787.46
314572,256,512,512,6499.3
314572,64,2048,512,5289.64
78643,64,512,512,3687.4
78643,64,512,512,3743.84
78643,64,512,512,3645.89
78643,64,512,512,3751.88
78643,64,512,512,3737.89
78643,64,512,512,3690.91
78643,64,512,512,3763.5
78643,64,512,512,3818.43
314572,256,512,512,6499.34
314572,64,2048,512,5216.62
78643,64,512,512,3742.06
78643,64,512,512,3772.3
78643,64,512,512,3718.51
78643,64,512,512,3726.33
78643,64,512,512,3749.7
78643,64,512,512,3660.1
78643,64,512,512,3733.96
78643,64,512,512,3785.46
314572,256,512,512,6492.55
314572,64,2048,512,5182.49
78643,64,512,512,3770.21
78643,64,512,512,3721.26
78643,64,512,512,3754.62
78643,64,512,512,3788.94
78643,64,512,512,3764.12
78643,64,512,512,3651.81
78643,64,512,512,3750.65
78643,64,512,512,3850.86
314572,256,512,512,6559.74
314572,64,2048,512,5176.06
78643,64,512,512,3747.52
78643,64,512,512,3777.56
78643,64,512,512,3757.37
78643,64,512,512,3790.42
314572,256,512,512,6734.26
314572,64,2048,512,5066.92
78643,64,512,512,3726.33
78643,64,512,512,3639.03
78643,64,512,512,3692.65
78643,64,512,512,3838.64
314572,256,512,512,6708.82
314572,64,2048,512,5291.98
78643,64,512,512,3702.86
78643,64,512,512,3687.07
78643,64,512,512,3667.89
78643,64,512,512,3775.3
314572,256,512,512,6572.33
314572,64,2048,512,5346.14
78643,64,512,512,3762.65
78643,64,512,512,3707.82
78643,64,512,512,3673.56
78643,64,512,512,3806.65
314572,256,512,512,6509.72
314571,64,2048,512,5274.72
78643,64,512,512,3673.19
78643,64,512,512,3700.68
78643,64,512,512,3695.74
78643,64,512,512,3710.28
314572,256,512,512,6527.28
314572,64,2048,512,5265.88
78643,64,512,512,3617.74
78643,64,512,512,3718.18
78643,64,512,512,3672.92
78643,64,512,512,3731.52
314572,256,512,512,6526.86
314572,64,2048,512,5185.13
78643,64,512,512,3697.37
78643,64,512,512,3684.97
78643,64,512,512,3677.37
78643,64,512,512,3791.91
5113037,4161,512,512,8299.55
52428,64,512,512,2730.09
52428,64,512,512,2540
52428,64,512,512,2651.73
52428,64,512,512,2740.12
209715,256,512,512,4888.74
209715,64,2048,512,3799.61
52428,64,512,512,2649.68
52428,64,512,512,2696.3
52428,64,512,512,2682.51
52428,64,512,512,2738.38
52428,64,512,512,2713.84
52428,64,512,512,2722.16
52428,64,512,512,2689.43
52428,64,512,512,2732.85
209715,256,512,512,4858.48
209715,64,2048,512,3894.59
52428,64,512,512,2649.13
52428,64,512,512,2721.14
52428,64,512,512,2637.3
52428,64,512,512,2720.13
52428,64,512,512,2710.55
52428,64,512,512,2771.12
52428,64,512,512,2760.41
52428,64,512,512,2725.48
209715,256,512,512,4887.82
209715,64,2048,512,3776.05
52428,64,512,512,2740.08
52428,64,512,512,2786.87
52428,64,512,512,2750.41
52428,64,512,512,2622.59
52428,64,512,512,2768.11
52428,64,512,512,2739.63
52428,64,512,512,2751.99
52428,64,512,512,2774.15
209715,256,512,512,4884.51
209715,64,2048,512,3884.74
52428,64,512,512,2753.25
52428,64,512,512,2719.34
52428,64,512,512,2762.32
52428,64,512,512,2753.52
52428,64,512,512,2710.72
52428,64,512,512,2698.56
52428,64,512,512,2751.58
52428,64,512,512,2790.58
209715,256,512,512,4825.47
209715,64,2048,512,3940.16
52428,64,512,512,2744.74
52428,64,512,512,2705.26
52428,64,512,512,2730.44
52428,64,512,512,2638.55
52428,64,512,512,2779.57
52428,64,512,512,2726.1
52428,64,512,512,2739.45
52428,64,512,512,2794.76
209715,256,512,512,4901.7
209715,64,2048,512,3640.88
52428,64,512,512,2768.43
52428,64,512,512,2684.96
52428,64,512,512,2735.12
52428,64,512,512,2755.56
209715,256,512,512,4959.56
209715,64,2048,512,3963.22
52428,64,512,512,2767.83
52428,64,512,512,2726.72
52428,64,512,512,2830.31
52428,64,512,512,2727.69
209715,256,512,512,4898.52
209715,64,2048,512,3920.5
52428,64,512,512,2760.73
52428,64,512,512,2711.86
52428,64,512,512,2748.7
52428,64,512,512,2763.91
209715,256,512,512,4855.81
209715,64,2048,512,3907.24
52428,64,512,512,2709.19
52428,64,512,512,2656.6
52428,64,512,512,2663.81
52428,64,512,512,2793.27
209715,256,512,512,4788.04
209715,64,2048,512,3923.21
52428,64,512,512,2658.32
52428,64,512,512,2758.14
52428,64,512,512,2675.49
52428,64,512,512,2711.95
209715,256,512,512,4801.85
209715,64,2048,512,3825.39
52428,64,512,512,2754.88
52428,64,512,512,2681.27
52428,64,512,512,2737.84
52428,64,512,512,2753.21
209715,256,512,512,4799.31
209715,64,2048,512,3740.78
52428,64,512,512,2754.07
52428,64,512,512,2648.09
52428,64,512,512,2681.01
52428,64,512,512,2747.35
3408691,4161,512,512,5957.94
26214,64,512,512,1604.99
26214,64,512,512,1413.13
26214,64,512,512,1589.66
26214,64,512,512,1656.95
104857,256,512,512,3221.01
104857,64,2048,512,2411.25
26214,64,512,512,1670.18
26214,64,512,512,1437.69
26214,64,512,512,1634.77
26214,64,512,512,1619.02
26214,64,512,512,1668.62
26214,64,512,512,1569.76
26214,64,512,512,1621.87
26214,64,512,512,1643.9
104857,256,512,512,3243.99
104857,64,2048,512,2606.5
26214,64,512,512,1606.53
26214,64,512,512,1654.4
26214,64,512,512,1550.12
26214,64,512,512,1562.27
26214,64,512,512,1692.59
26214,64,512,512,1606.77
26214,64,512,512,1708.34
26214,64,512,512,1621.68
104857,256,512,512,3224.85
104857,64,2048,512,2637.41
26214,64,512,512,1618.49
26214,64,512,512,1707.23
26214,64,512,512,1658.79
26214,64,512,512,1539.96
26214,64,512,512,1692.73
26214,64,512,512,1577.79
26214,64,512,512,1665.93
26214,64,512,512,1690.92
104857,256,512,512,3197.86
104857,64,2048,512,2601.24
26214,64,512,512,1696.87
26214,64,512,512,1622.03
26214,64,512,512,1713.93
26214,64,512,512,1481.54
26214,64,512,512,1727.34
26214,64,512,512,1611.62
26214,64,512,512,1716.88
26214,64,512,512,1697.15
104857,256,512,512,3207.74
104857,64,2048,512,2529
26214,64,512,512,1696.8
26214,64,512,512,1548.23
26214,64,512,512,1679.54
26214,64,512,512,1563.73
26214,64,512,512,1739.77
26214,64,512,512,1540.58
26214,64,512,512,1745.38
26214,64,512,512,1692.25
104857,256,512,512,3330.15
104857,64,2048,512,2212.55
26214,64,512,512,1739.16
26214,64,512,512,1555.52
26214,64,512,512,1732.51
26214,64,512,512,1687.52
104857,256,512,512,3365.35
104857,64,2048,512,2521.55
26214,64,512,512,1580.85
26214,64,512,512,1361.01
26214,64,512,512,1730.4
26214,64,512,512,1559.25
104857,256,512,512,3275.69
104857,64,2048,512,2436.32
26214,64,512,512,1674.01
26214,64,512,512,1545.01
26214,64,512,512,1708.8
26214,64,512,512,1718.6
104857,256,512,512,3116.42
104857,64,2048,512,2628.94
26214,64,512,512,1708.45
26214,64,512,512,1573.79
26214,64,512,512,1700.17
26214,64,512,512,1716.42
104857,256,512,512,3042.75
104857,64,2048,512,2502.78
26214,64,512,512,1690.07
26214,64,512,512,1519.65
26214,64,512,512,1653.78
26214,64,512,512,1662.63
104857,256,512,512,3068.26
104857,64,2048,512,2481.51
26214,64,512,512,1629.18
26214,64,512,512,1568.5
26214,64,512,512,1629.08
26214,64,512,512,1681.87
104857,256,512,512,3143.08
104857,64,2048,512,2204.49
26214,64,512,512,1715.26
26214,64,512,512,1465.36
26214,64,512,512,1684.3
26214,64,512,512,1722.2
1704346,4161,512,512,4350.09
13107,64,512,512,1054.92
13107,64,512,512,819.139
13107,64,512,512,1019.31
13107,64,512,512,1049.3
52428,256,512,512,2109.7
52428,64,2048,512,1678.3
13107,64,512,512,997.632
13107,64,512,512,852.02
13107,64,512,512,988.579
13107,64,512,512,986.185
13107,64,512,512,1027.3
13107,64,512,512,937.764
13107,64,512,512,988.812
13107,64,512,512,991.055
52428,256,512,512,2221.32
52428,64,2048,512,1772.36
13107,64,512,512,1023.24
13107,64,512,512,961.343
13107,64,512,512,1007.12
13107,64,512,512,1015.31
13107,64,512,512,1064.88
13107,64,512,512,994.981
13107,64,512,512,1088.23
13107,64,512,512,1059.77
52428,256,512,512,2223.62
52428,64,2048,512,1867.59
13107,64,512,512,988.905
13107,64,512,512,987.88
13107,64,512,512,985.582
13107,64,512,512,934.567
13107,64,512,512,1103.46
13107,64,512,512,957.153
13107,64,512,512,1069.03
13107,64,512,512,1071.24
52428,256,512,512,2114.59
52427,64,2048,512,1738.1
13107,64,512,512,1079.91
13107,64,512,512,1010.44
13107,64,512,512,1048.67
13107,64,512,512,855.217
13107,64,512,512,1073.38
13107,64,512,512,1015.97
13107,64,512,512,1110.18
13107,64,512,512,1102.5
52428,256,512,512,2138.69
52428,64,2048,512,1768.84
13107,64,512,512,1098.2
13107,64,512,512,713.099
13107,64,512,512,1009.01
13107,64,512,512,1092.28
13107,64,512,512,1120.98
13107,64,512,512,957
13107,64,512,512,1088.14
13107,64,512,512,1088.28
52428,256,512,512,2294.63
52428,64,2048,512,1224.07
13107,64,512,512,1090.35
13107,64,512,512,800.718
13107,64,512,512,1095.7
13107,64,512,512,1100.07
52428,256,512,512,2183.59
52428,64,2048,512,1851.44
13107,64,512,512,911.812
13107,64,512,512,914.815
13107,64,512,512,1025.81
13107,64,512,512,811.218
52428,256,512,512,2102.69
52427,64,2048,512,1738.64
13107,64,512,512,1064.34
13107,64,512,512,892.62
13107,64,512,512,1071.87
13107,64,512,512,1043.53
52427,256,512,512,2028.25
52428,64,2048,512,1733.34
13107,64,512,512,1091.94
13107,64,512,512,625.95
13107,64,512,512,1066.13
13107,64,512,512,1071.14
52428,256,512,512,2027.97
52428,64,2048,512,1715.54
13107,64,512,512,996.163
13107,64,512,512,936.8
13107,64,512,512,966.482
13107,64,512,512,1028.81
52428,256,512,512,2080.66
52428,64,2048,512,1733.48
13107,64,512,512,1049.24
13107,64,512,512,863.617
13107,64,512,512,1034.21
13107,64,512,512,1072.4
52428,256,512,512,2147.78
52428,64,2048,512,1370.76
13107,64,512,512,999.82
13107,64,512,512,825.28
13107,64,512,512,943.523
13107,64,512,512,1070.42
852171,4161,512,512,3581.04
5242,64,512,512,536.454
5242,64,512,512,365.607
5242,64,512,512,540.412
5242,64,512,512,563.807
20971,256,512,512,1230.06
20971,64,2048,512,1060.14
5242,64,512,512,536.42
5242,64,512,512,448.01
5242,64,512,512,517.728
5242,64,512,512,521.819
5242,64,512,512,510.496
5242,64,512,512,471.946
5242,64,512,512,521.559
5242,64,512,512,512.336
20971,256,512,512,1292.04
20971,64,2048,512,1164.19
5242,64,512,512,509.504
5242,64,512,512,488.779
5242,64,512,512,485.961
5242,64,512,512,529.361
5242,64,512,512,539.526
5242,64,512,512,511.524
5242,64,512,512,563.163
5242,64,512,512,560.735
20971,256,512,512,1304.22
20971,64,2048,512,1049.01
5242,64,512,512,536.969
5242,64,512,512,545.739
5242,64,512,512,523.807
5242,64,512,512,513.214
5242,64,512,512,569.337
5242,64,512,512,522.844
5242,64,512,512,565.823
5242,64,512,512,549.242
20971,256,512,512,1259.19
20971,64,2048,512,1083.63
5242,64,512,512,543.546
5242,64,512,512,515.834
5242,64,512,512,552.371
5242,64,512,512,557.678
5242,64,512,512,573.758
5242,64,512,512,513.591
5242,64,512,512,552.007
5242,64,512,512,565.899
20971,256,512,512,1323.8
20971,64,2048,512,992.299
5242,64,512,512,551.916
5242,64,512,512,440.516
5242,64,512,512,559.725
5242,64,512,512,562.465
5242,64,512,512,567.776
5242,64,512,512,472.705
5242,64,512,512,564.414
5242,64,512,512,562.201
20971,256,512,512,1419.96
20971,64,2048,512,872.327
5242,64,512,512,570.034
5242,64,512,512,344.876
5242,64,512,512,511.57
5242,64,512,512,545.81
20971,256,512,512,1475.79
20971,64,2048,512,1179.72
5242,64,512,512,513.528
5242,64,512,512,466.954
5242,64,512,512,561.26
5242,64,512,512,406.613
20971,256,512,512,1236.54
20971,64,2048,512,1153.14
5242,64,512,512,538.469
5242,64,512,512,442.025
5242,64,512,512,536.66
5242,64,512,512,564.357
20971,256,512,512,1200.57
20971,64,2048,512,1212.44
5242,64,512,512,533.723
5242,64,512,512,482.855
5242,64,512,512,527.845
5242,64,512,512,545.917
20971,256,512,512,1169.3
20971,64,2048,512,1124.56
5242,64,512,512,535.256
5242,64,512,512,447.771
5242,64,512,512,535.205
5242,64,512,512,545.207
20970,256,512,512,1110.26
20971,64,2048,512,1068.45
5242,64,512,512,535.068
5242,64,512,512,451.24
5242,64,512,512,533.231
5242,64,512,512,559.277
20971,256,512,512,1263.69
20971,64,2048,512,809.184
5242,64,512,512,535.051
5242,64,512,512,377.819
5242,64,512,512,513.858
5242,64,512,512,513.607
340867,4161,512,512,2901.39
131072,64,512,512,5868.95
131072,64,512,512,5885.34
131072,64,512,512,5854.69
131072,64,512,512,5913.3
524288,256,512,512,10288.5
524288,64,2048,512,7923.12
131072,64,512,512,5874.79
131072,64,512,512,5871.74
131072,64,512,512,5935.05
131072,64,512,512,5910.13
131072,64,512,512,5871.41
131072,64,512,512,5907.97
131072,64,512,512,5913.55
131072,64,512,512,5907.13
524288,256,512,512,10042.5
524288,64,2048,512,7921.63
131072,64,512,512,5894.27
131072,64,512,512,5854.94
131072,64,512,512,5823.4
131072,64,512,512,5890.05
131072,64,512,512,5856.74
131072,64,512,512,5855.51
131072,64,512,512,5888.23
131072,64,512,512,5895.84
524288,256,512,512,10318.2
524288,64,2048,512,7933.99
131072,64,512,512,5866.57
131072,64,512,512,5911.71
131072,64,512,512,5893.94
131072,64,512,512,5886.58
131072,64,512,512,5908.8
131072,64,512,512,5601.37
131072,64,512,512,5915.97
131072,64,512,512,5895.93
524288,256,512,512,10343.6
524288,64,2048,512,7819
131072,64,512,512,5895.26
131072,64,512,512,5871
131072,64,512,512,5881.54
131072,64,512,512,5886.58
131072,64,512,512,5902.23
131072,64,512,512,5888.56
131072,64,512,512,5912.55
131072,64,512,512,5881.95
524288,256,512,512,10331.8
524288,64,2048,512,7959.02
131072,64,512,512,5912.88
131072,64,512,512,5874.29
131072,64,512,512,5911.21
131072,64,512,512,5886.74
131072,64,512,512,5933.71
131072,64,512,512,5875.69
131072,64,512,512,5888.81
131072,64,512,512,5861.32
524288,256,512,512,10312.7
524288,64,2048,512,7928.67
131072,64,512,512,5881.62
131072,64,512,512,5872.15
131072,64,512,512,5882.37
131072,64,512,512,5875.36
524288,256,512,512,10298.6
524288,64,2048,512,7915.98
131072,64,512,512,5921.4
131072,64,512,512,5874.46
131072,64,512,512,5882.61
131072,64,512,512,5867.14
524288,256,512,512,9706.29
524288,64,2048,512,7895.49
131072,64,512,512,5904.81
131072,64,512,512,5886.24
131072,64,512,512,5848.82
131072,64,512,512,5919.64
524288,256,512,512,10319.1
524288,64,2048,512,7969.04
131072,64,512,512,5882.37
131072,64,512,512,5914.13
131072,64,512,512,5899.33
131072,64,512,512,5876.76
524288,256,512,512,10318.3
524288,64,2048,512,7956.38
131072,64,512,512,5894.52
131072,64,512,512,5855.84
131072,64,512,512,5901.48
131072,64,512,512,5881.29
524288,256,512,512,10334.6
524288,64,2048,512,7932.56
131072,64,512,512,5856.25
131072,64,512,512,5901.65
131072,64,512,512,5842.22
131072,64,512,512,5895.51
524288,256,512,512,10327.5
524288,64,2048,512,7538.83
131072,64,512,512,5883.36
131072,64,512,512,5882.53
131072,64,512,512,5901.65
131072,64,512,512,5877.09
8521728,4161,512,512,11832.7
104857,64,512,512,4799.15
104857,64,512,512,4768.93
104857,64,512,512,4503.51
104857,64,512,512,4751.18
419430,256,512,512,8302.16
419430,64,2048,512,6477.53
104857,64,512,512,4754.61
104857,64,512,512,4784.92
104857,64,512,512,4764.33
104857,64,512,512,4789.56
104857,64,512,512,4767.65
104857,64,512,512,4773.55
104857,64,512,512,4792.78
104857,64,512,512,4805.68
419430,256,512,512,8310.79
419431,64,2048,512,6516.19
104857,64,512,512,4789.63
104857,64,512,512,4771.1
104857,64,512,512,4778.71
104857,64,512,512,4774.7
104857,64,512,512,4746.27
104857,64,512,512,4770.29
104857,64,512,512,4802.52
104857,64,512,512,4785.6
419430,256,512,512,8319.4
419430,64,2048,512,6459.95
104857,64,512,512,4801.35
104857,64,512,512,4780.08
104857,64,512,512,4795.93
104857,64,512,512,4771.65
104857,64,512,512,4749.36
104857,64,512,512,4752.18
104857,64,512,512,4794.01
104857,64,512,512,4738.83
419430,256,512,512,8296.92
419430,64,2048,512,6498.42
104857,64,512,512,4762.98
104857,64,512,512,4792.3
104857,64,512,512,4792.16
104857,64,512,512,4795.93
104857,64,512,512,4798.46
104857,64,512,512,4785.26
104857,64,512,512,4768.73
104857,64,512,512,4791.2
419430,256,512,512,8310.9
419430,64,2048,512,6500.4
104857,64,512,512,4792.37
104857,64,512,512,4780.69
104857,64,512,512,4792.84
104857,64,512,512,4745.06
104857,64,512,512,4794.49
104857,64,512,512,4751.31
104857,64,512,512,4767.99
104857,64,512,512,4782.05
419430,256,512,512,8316.67
419430,64,2048,512,6491.97
104857,64,512,512,4775.93
104857,64,512,512,4775.38
104857,64,512,512,4779.4
104857,64,512,512,4806.99
419430,256,512,512,8311.98
419430,64,2048,512,6476.25
104857,64,512,512,4763.72
104857,64,512,512,4789.42
104857,64,512,512,4609.04
104857,64,512,512,4754.81
419430,256,512,512,8286.62
419430,64,2048,512,6508.94
104857,64,512,512,4780.14
104857,64,512,512,4798.74
104857,64,512,512,4795.65
104857,64,512,512,4641.29
419430,256,512,512,8287.04
419430,64,2048,512,6495.3
104857,64,512,512,4761.15
104857,64,512,512,4785.53
104857,64,512,512,4796.13
104857,64,512,512,4773.75
419430,256,512,512,8300.67
419430,64,2048,512,6514.69
104857,64,512,512,4803.82
104857,64,512,512,4789.7
104857,64,512,512,4783.28
104857,64,512,512,4774.91
419430,256,512,512,8300
419430,64,2048,512,6498.67
104857,64,512,512,4774.16
104857,64,512,512,4787.58
104857,64,512,512,4742.11
104857,64,512,512,4754.47
419430,256,512,512,8309.71
419430,64,2048,512,6475.28
104857,64,512,512,4781.23
104857,64,512,512,4798.05
104857,64,512,512,4775.04
104857,64,512,512,4809.12
6817382,4161,512,512,9466.8
78643,64,512,512,3717.08
78643,64,512,512,3741.4
78643,64,512,512,3744.46
78643,64,512,512,3775.3
314572,256,512,512,6580.84
314572,64,2048,512,5142.77
78643,64,512,512,3756.59
78643,64,512,512,3752.39
78643,64,512,512,3764.12
78643,64,512,512,3718.62
78643,64,512,512,3753.17
78643,64,512,512,3753.28
78643,64,512,512,3722.96
78643,64,512,512,3751.83
314572,256,512,512,6570.53
314572,64,2048,512,5170.67
78643,64,512,512,3793.62
78643,64,512,512,3752.61
78643,64,512,512,3758.04
78643,64,512,512,3771.34
78643,64,512,512,3733.4
78643,64,512,512,3766.09
78643,64,512,512,3703.9
78643,64,512,512,3666.71
314572,256,512,512,6575.21
314572,64,2048,512,5151.22
78643,64,512,512,3745.35
78643,64,512,512,3769.53
78643,64,512,512,3743.68
78643,64,512,512,3748.81
78643,64,512,512,3732.96
78643,64,512,512,3349.32
78643,64,512,512,3702.97
78643,64,512,512,3784.66
314572,256,512,512,6563.38
314572,64,2048,512,5100.38
78643,64,512,512,3783.13
78643,64,512,512,3714.01
78643,64,512,512,3767.21
78643,64,512,512,3729.92
78643,64,512,512,3754.68
78643,64,512,512,3803.25
78643,64,512,512,3747.41
78643,64,512,512,3762.71
314572,256,512,512,6556.79
314572,64,2048,512,5125.13
78643,64,512,512,3777.68
78643,64,512,512,3726.16
78643,64,512,512,3751.88
78643,64,512,512,3760.52
78643,64,512,512,3735.01
78643,64,512,512,3750.65
78643,64,512,512,3729.53
78643,64,512,512,3734.73
314572,256,512,512,6550.22
314572,64,2048,512,5166.26
78643,64,512,512,3764.85
78643,64,512,512,3781.08
78643,64,512,512,3761.19
78643,64,512,512,3770.26
314572,256,512,512,6576.45
314572,64,2048,512,5164.46
78643,64,512,512,3755.75
78643,64,512,512,3752.94
78643,64,512,512,3694.11
78643,64,512,512,3749.98
314572,256,512,512,6573.79
314572,64,2048,512,5152.22
78643,64,512,512,3775.81
78643,64,512,512,3775.58
78643,64,512,512,3735.84
78643,64,512,512,3751.83
314572,256,512,512,6565.39
314572,64,2048,512,5166.21
78643,64,512,512,3714.72
78643,64,512,512,3746.69
78643,64,512,512,3764.45
78643,64,512,512,3720.98
314572,256,512,512,6559.87
314572,64,2048,512,5154.2
78643,64,512,512,3748.98
78643,64,512,512,3757.09
78643,64,512,512,2776.97
78643,64,512,512,3751.88
314572,256,512,512,6581.7
314572,64,2048,512,5183.1
78643,64,512,512,3760.4
78643,64,512,512,3748.31
78643,64,512,512,3779.04
78643,64,512,512,3755.35
314572,256,512,512,6576.19
314572,64,2048,512,5175.27
78643,64,512,512,3755.8
78643,64,512,512,3755.02
78643,64,512,512,3758.38
78643,64,512,512,3767.61
5113038,4161,512,512,7534.4
52428,64,512,512,2734.49
52428,64,512,512,2737.62
52428,64,512,512,2788.77
52428,64,512,512,2795.74
209715,256,512,512,4965.65
209715,64,2048,512,3884.6
52428,64,512,512,2742.68
52428,64,512,512,2790.53
52428,64,512,512,2729.47
52428,64,512,512,2760
52428,64,512,512,2784.46
52428,64,512,512,2774.75
52428,64,512,512,2766.42
52428,64,512,512,2753.34
209715,256,512,512,4939.73
209715,64,2048,512,3937.36
52428,64,512,512,2779.3
52428,64,512,512,2776.9
52428,64,512,512,2795.92
52428,64,512,512,2734.67
52428,64,512,512,2754.16
52428,64,512,512,2783.49
52428,64,512,512,2759.41
52428,64,512,512,2774.84
209715,256,512,512,4951.32
209715,64,2048,512,3920.27
52428,64,512,512,2753.03
52428,64,512,512,2775.2
52428,64,512,512,2771.31
52428,64,512,512,2649.05
52428,64,512,512,2776.95
52428,64,512,512,2768.66
52428,64,512,512,2772.45
52428,64,512,512,2787.01
209715,256,512,512,4937.63
209715,64,2048,512,3943.98
52428,64,512,512,2775.94
52428,64,512,512,2788.35
52428,64,512,512,2764.5
52428,64,512,512,2728.54
52428,64,512,512,2768.56
52428,64,512,512,2790.11
52428,64,512,512,2743.84
52428,64,512,512,2768.93
209715,256,512,512,4931.75
209715,64,2048,512,3926.35
52428,64,512,512,2777.46
52428,64,512,512,2776.4
52428,64,512,512,2758
52428,64,512,512,2755.02
52428,64,512,512,2747.03
52428,64,512,512,2760.5
52428,64,512,512,2754.74
52428,64,512,512,2775.8
209715,256,512,512,4925.74
209715,64,2048,512,3946.55
52428,64,512,512,2724.81
52428,64,512,512,2781.69
52428,64,512,512,2752.35
52428,64,512,512,2774.97
209716,256,512,512,4926.74
209715,64,2048,512,3940.18
52428,64,512,512,2691.76
52428,64,512,512,2765.64
52428,64,512,512,2796.81
52428,64,512,512,2795.64
209715,256,512,512,4938.39
209715,64,2048,512,3923.11
52428,64,512,512,2776.95
52428,64,512,512,2743.35
52428,64,512,512,2744.6
52428,64,512,512,2758.96
209715,256,512,512,3531.76
209715,64,2048,512,3928.12
52428,64,512,512,2786.45
52428,64,512,512,2761.27
52428,64,512,512,2769.8
52428,64,512,512,2770.21
209715,256,512,512,4936.97
209715,64,2048,512,3914.74
52428,64,512,512,2797.42
52428,64,512,512,2728.58
52428,64,512,512,2756.33
52428,64,512,512,2777.18
209715,256,512,512,4928.6
209715,64,2048,512,3943.31
52428,64,512,512,2750.95
52429,64,512,512,2762.69
52428,64,512,512,2753.84
52428,64,512,512,2744.51
209715,256,512,512,4941.84
209715,64,2048,512,3955.44
52428,64,512,512,2749.55
52428,64,512,512,2801.95
52428,64,512,512,2785.25
52428,64,512,512,2773.14
3408692,4161,512,512,5743.18
26214,64,512,512,1731.76
26214,64,512,512,1658.82
26214,64,512,512,1660.13
26214,64,512,512,1736.6
104857,256,512,512,3382.96
104857,64,2048,512,2784.23
26214,64,512,512,1716.14
26214,64,512,512,1724.43
26214,64,512,512,1679.21
26214,64,512,512,1684.6
26214,64,512,512,1720.57
26214,64,512,512,1727.48
26214,64,512,512,1730.48
26214,64,512,512,1721.67
104857,256,512,512,3397.62
104857,64,2048,512,2754.52
26214,64,512,512,1692.66
26214,64,512,512,1708.55
26214,64,512,512,1724.11
26214,64,512,512,1705.91
26214,64,512,512,1473.81
26214,64,512,512,1721.81
26214,64,512,512,1707.13
26214,64,512,512,1699.41
104857,256,512,512,3394.22
104857,64,2048,512,2751.18
26214,64,512,512,1733.12
26214,64,512,512,1715.82
26214,64,512,512,1684.97
26214,64,512,512,1701.38
26214,64,512,512,1684.33
26214,64,512,512,1723.33
26214,64,512,512,1707.44
26214,64,512,512,1725.99
104857,256,512,512,3400.34
104857,64,2048,512,2769.41
26214,64,512,512,1719.97
26214,64,512,512,1707.47
26214,64,512,512,1720.36
26214,64,512,512,1714.03
26214,64,512,512,1722.69
26214,64,512,512,1713.54
26214,64,512,512,1712.98
26214,64,512,512,1719.09
104857,256,512,512,3380.27
104857,64,2048,512,2771.36
26214,64,512,512,1739.59
26214,64,512,512,1734.91
26214,64,512,512,1732.19
26214,64,512,512,1725.95
26214,64,512,512,1724.92
26214,64,512,512,1720.61
26214,64,512,512,1717.19
26214,64,512,512,1725.49
104857,256,512,512,3398.24
104857,64,2048,512,2758.24
26214,64,512,512,1672.84
26214,64,512,512,1677.49
26214,64,512,512,1709.95
26214,64,512,512,1722.23
104857,256,512,512,3392.26
104857,64,2048,512,2795.51
26214,64,512,512,1681.16
26214,64,512,512,1699.55
26214,64,512,512,1723.08
26214,64,512,512,1729.51
104857,256,512,512,2888.5
104857,64,2048,512,2791.51
26214,64,512,512,1728.76
26214,64,512,512,1675.58
26214,64,512,512,1732.01
26214,64,512,512,1720.15
104857,256,512,512,3386.31
104857,64,2048,512,2778.47
26214,64,512,512,1669.08
26214,64,512,512,1666.66
26214,64,512,512,1720.36
26214,64,512,512,1704.63
104857,256,512,512,3407.46
104857,64,2048,512,2759.64
26214,64,512,512,1702.55
26214,64,512,512,1716.31
26214,64,512,512,1701.14
26214,64,512,512,1704.98
104857,256,512,512,3384.22
104857,64,2048,512,2761.87
26214,64,512,512,1732.58
26214,64,512,512,1707.75
26214,64,512,512,1716.31
26214,64,512,512,1737.72
104857,256,512,512,3385.42
104857,64,2048,512,2781.26
26214,64,512,512,1713.05
26214,64,512,512,1702.1
26214,64,512,512,1721.14
26214,64,512,512,1726.81
1704346,4161,512,512,4253.29
13107,64,512,512,1088.23
13107,64,512,512,1092.82
13107,64,512,512,1092.45
13107,64,512,512,1092.76
52428,256,512,512,2386.65
52428,64,2048,512,2025.86
13107,64,512,512,1109.91
13107,64,512,512,1089.61
13107,64,512,512,1092.14
13107,64,512,512,1097.34
13107,64,512,512,1096.48
13107,64,512,512,1091.4
13107,64,512,512,1111.5
13107,64,512,512,1113.51
52428,256,512,512,2376.44
52428,64,2048,512,2039.43
13107,64,512,512,1088.65
13107,64,512,512,1092.08
13107,64,512,512,1100.56
13107,64,512,512,1072.4
13107,64,512,512,1087.63
13107,64,512,512,1100.53
13107,64,512,512,1098.72
13107,64,512,512,1091.74
52428,256,512,512,2372.54
52428,64,2048,512,2027.43
13107,64,512,512,1102.04
13107,64,512,512,1088.37
13107,64,512,512,1088.79
13107,64,512,512,1089.81
13107,64,512,512,1088.85
13107,64,512,512,1104.48
13107,64,512,512,1098.49
13107,64,512,512,1076.47
52428,256,512,512,2385.46
52428,64,2048,512,2066.33
13107,64,512,512,1079.52
13107,64,512,512,1092.71
13107,64,512,512,1103.43
13107,64,512,512,1083.34
13107,64,512,512,1098.11
13107,64,512,512,1089.05
13107,64,512,512,1084.23
13107,64,512,512,1117.45
52428,256,512,512,2407.09
52428,64,2048,512,2077.93
13107,64,512,512,1087.94
13107,64,512,512,1099.12
13107,64,512,512,1116.35
13107,64,512,512,1091.23
13107,64,512,512,1084.82
13107,64,512,512,1085.58
13107,64,512,512,1091.03
13107,64,512,512,1046.39
52428,256,512,512,1704.66
52428,64,2048,512,2049.75
13107,64,512,512,1062.18
13107,64,512,512,1080.46
13107,64,512,512,1083.28
13107,64,512,512,1091.37
52428,256,512,512,2397.74
52428,64,2048,512,2060.37
13107,64,512,512,1078.38
13107,64,512,512,1097.94
13107,64,512,512,1079.41
13107,64,512,512,1109.32
52428,256,512,512,2376.14
52428,64,2048,512,2060.04
13107,64,512,512,1096.33
13107,64,512,512,1105.84
13107,64,512,512,1085.69
13107,64,512,512,1091.85
52428,256,512,512,2380.28
52428,64,2048,512,2066
13107,64,512,512,1090.55
13107,64,512,512,1096.71
13107,64,512,512,1066.97
13107,64,512,512,1085.69
52428,256,512,512,2379.78
52428,64,2048,512,2066.31
13107,64,512,512,1075.14
13107,64,512,512,1087.86
13107,64,512,512,1095.3
13107,64,512,512,1088.45
52428,256,512,512,2397.87
52428,64,2048,512,2065.88
13107,64,512,512,1089.92
13107,64,512,512,1101.23
13107,64,512,512,1102.62
13107,64,512,512,1097.05
52428,256,512,512,2374.79
52428,64,2048,512,2067.66
13107,64,512,512,1081.69
13107,64,512,512,1096.65
13107,64,512,512,1083.31
13107,64,512,512,1074.02
852173,4161,512,512,3523.73
5242,64,512,512,565.823
5242,64,512,512,558.439
5242,64,512,512,565.804
5242,64,512,512,562.408
20971,256,512,512,1451.66
20971,64,2048,512,1328.15
5242,64,512,512,561.994
5242,64,512,512,562.635
5242,64,512,512,569.589
5242,64,512,512,564.908
5242,64,512,512,567.488
5242,64,512,512,565.175
5242,64,512,512,564.832
5242,64,512,512,561.336
20971,256,512,512,1458.47
20971,64,2048,512,1316.34
5242,64,512,512,562.54
5242,64,512,512,564.984
5242,64,512,512,550.973
5242,64,512,512,568.354
5242,64,512,512,564.756
5242,64,512,512,554.727
5242,64,512,512,563.391
5242,64,512,512,566.99
20971,256,512,512,1464.23
20971,64,2048,512,1316.5
5242,64,512,512,556.291
5242,64,512,512,565.594
5242,64,512,512,562.352
5242,64,512,512,565.67
5242,64,512,512,556.937
5242,64,512,512,560.155
5242,64,512,512,566.301
5242,64,512,512,563.731
20971,256,512,512,1419.06
20971,64,2048,512,1321.74
5242,64,512,512,557.381
5242,64,512,512,562.993
5242,64,512,512,565.27
5242,64,512,512,559.314
5242,64,512,512,539.092
5242,64,512,512,566.167
5242,64,512,512,560.66
5242,64,512,512,568.431
20971,256,512,512,1439.76
20971,64,2048,512,1340.32
5242,64,512,512,561.975
5242,64,512,512,562.502
5242,64,512,512,565.023
5242,64,512,512,557.233
5242,64,512,512,561.242
5242,64,512,512,567.949
5242,64,512,512,567.047
5242,64,512,512,556.125
20971,256,512,512,1447.93
20971,64,2048,512,1332.34
5242,64,512,512,565.861
5242,64,512,512,569.918
5242,64,512,512,448.07
5242,64,512,512,515.39
20971,256,512,512,1444.22
20971,64,2048,512,1337.41
5242,64,512,512,557.344
5242,64,512,512,561.542
5242,64,512,512,559.072
5242,64,512,512,570.829
20971,256,512,512,1468.4
20971,64,2048,512,1307.27
5242,64,512,512,568.18
5242,64,512,512,565.232
5242,64,512,512,560.267
5242,64,512,512,561.373
20971,256,512,512,1461.9
20971,64,2048,512,1316.47
5242,64,512,512,567.239
5242,64,512,512,561.148
5242,64,512,512,561.9
5242,64,512,512,563.069
20971,256,512,512,1462.6
20971,64,2048,512,1328.91
5242,64,512,512,563.012
5242,64,512,512,570.325
5242,64,512,512,561.354
5242,64,512,512,558.495
20971,256,512,512,1446.68
20971,64,2048,512,1297.11
5242,64,512,512,564.016
5242,64,512,512,554.305
5242,64,512,512,568.643
5242,64,512,512,564.186
20971,256,512,512,1456.29
20971,64,2048,512,1321.76
5242,64,512,512,563.315
5242,64,512,512,571.101
5242,64,512,512,562.918
5242,64,512,512,558.979
340868,4161,512,512,2841.99
144656,64,512,512,6430.49
145219,64,512,512,6574.52
143086,64,512,512,6454.85
134140,64,512,512,5962.44
617373,256,512,512,12108.8
511909,64,2048,512,7790.62
152784,64,512,512,6864.67
177501,64,512,512,7952.89
138819,64,512,512,6209.84
175788,64,512,512,7811.93
148318,64,512,512,6724.05
146820,64,512,512,6628.81
139898,64,512,512,6274.51
135158,64,512,512,6036.87
605239,256,512,512,11829.3
498916,64,2048,512,7582.81
135302,64,512,512,6071.18
167130,64,512,512,7524.03
127129,64,512,512,5740.59
160282,64,512,512,7217.57
137228,64,512,512,6219.26
141001,64,512,512,6327.17
127709,64,512,512,5711.57
127997,64,512,512,5737.84
614701,256,512,512,12029.4
495116,64,2048,512,7563.14
141404,64,512,512,6367.04
162547,64,512,512,7283.69
133241,64,512,512,5968.66
157924,64,512,512,7098.8
140148,64,512,512,6349.98
155781,64,512,512,6998.64
131610,64,512,512,5865.95
141524,64,512,512,6329.25
622718,256,512,512,12201.3
500156,64,2048,512,7634.04
145809,64,512,512,6627.59
161899,64,512,512,7223.8
134961,64,512,512,6048.84
157923,64,512,512,7104.64
144846,64,512,512,6534.99
169827,64,512,512,7558.78
137419,64,512,512,6166.09
157723,64,512,512,7095.85
638805,256,512,512,12512.7
520728,64,2048,512,7866.39
138115,64,512,512,6202.1
151839,64,512,512,6803.58
128572,64,512,512,5774.95
149774,64,512,512,6493.04
147527,64,512,512,6683.46
166724,64,512,512,7404.4
145068,64,512,512,6555.72
157919,64,512,512,7099.97
662743,256,512,512,12959.5
529525,64,2048,512,8084.55
123866,64,512,512,5548.54
147677,64,512,512,6658.3
110753,64,512,512,5103.01
145625,64,512,512,6602.53
485342,256,512,512,9164.86
372276,64,2048,512,6006.48
137762,64,512,512,6209.43
152588,64,512,512,6893.9
124825,64,512,512,5628.21
152847,64,512,512,6918.4
472169,256,512,512,9354.52
364688,64,2048,512,6112.42
105892,64,512,512,4849.78
152424,64,512,512,6897.4
96613,64,512,512,4427.72
141359,64,512,512,6363.31
498329,256,512,512,9863.75
374306,64,2048,512,6236.29
111037,64,512,512,5062.81
141993,64,512,512,6390.77
105115,64,512,512,4780.67
131116,64,512,512,5837.59
521358,256,512,512,9788.57
382228,64,2048,512,6143.57
112897,64,512,512,5139.56
135583,64,512,512,6103.47
105657,64,512,512,4788.44
124591,64,512,512,5578.67
524195,256,512,512,10300.1
379576,64,2048,512,6116.77
123414,64,512,512,5614.99
142424,64,512,512,6440.97
114404,64,512,512,5209.73
133618,64,512,512,5961.76
518126,256,512,512,10208.1
360766,64,2048,512,5821.42
127963,64,512,512,5759.96
137811,64,512,512,6148.42
119801,64,512,512,5458.6
131226,64,512,512,5873.79
8449349,4161,512,512,11791
110054,64,512,512,5094.5
100849,64,512,512,4816.74
69340,64,512,512,3262.43
69926,64,512,512,3366.33
520881,256,512,512,10265.2
420270,64,2048,512,6567.78
176573,64,512,512,7933.63
164906,64,512,512,7420.67
119346,64,512,512,5446.87
163179,64,512,512,6334.44
131179,64,512,512,5873.9
106332,64,512,512,4827.1
80702,64,512,512,3734.96
75910,64,512,512,3581.03
434108,256,512,512,8615.18
364167,64,2048,512,5874.17
115824,64,512,512,5281.68
118372,64,512,512,5335.75
73184,64,512,512,3538.5
95756,64,512,512,4398.28
132447,64,512,512,5946.99
106685,64,512,512,4840.31
85843,64,512,512,4065.32
78662,64,512,512,3750.1
451905,256,512,512,8933.75
377715,64,2048,512,5990.13
131164,64,512,512,5892.94
130939,64,512,512,5890.94
81929,64,512,512,3809.65
114764,64,512,512,5245.23
133557,64,512,512,6032.3
114906,64,512,512,5246.17
86931,64,512,512,3656.7
87415,64,512,512,4093.3
480220,256,512,512,9447.69
389027,64,2048,512,6168.64
144587,64,512,512,6472.84
131025,64,512,512,5814.61
92656,64,512,512,4290.37
115987,64,512,512,5307.11
144703,64,512,512,6518.61
128707,64,512,512,5768.86
97146,64,512,512,4441.91
100981,64,512,512,4621.69
519534,256,512,512,10239.7
435213,64,2048,512,6739.62
151362,64,512,512,6847.7
131393,64,512,512,5820.21
95590,64,512,512,4424.5
119793,64,512,512,5403
145197,64,512,512,6550.55
145080,64,512,512,6539.09
101998,64,512,512,4670.44
112628,64,512,512,5101.84
562881,256,512,512,11069.5
463789,64,2048,512,7183.81
130724,64,512,512,5900.76
106538,64,512,512,4850.35
68242,64,512,512,3345.19
94758,64,512,512,4379.15
464225,256,512,512,9195.88
348379,64,2048,512,5986.41
157973,64,512,512,7128.54
128921,64,512,512,5833.53
96673,64,512,512,4465.33
122165,64,512,512,5581.41
225571,256,512,512,5165.42
205326,64,2048,512,4511.85
65235,64,512,512,3154.26
83880,64,512,512,4227.55
37002,64,512,512,2064.05
58084,64,512,512,2838.51
281342,256,512,512,6061.53
253598,64,2048,512,4846.62
84469,64,512,512,3931.53
98998,64,512,512,4699.29
45258,64,512,512,2420.25
74105,64,512,512,3492.12
291371,256,512,512,6201.04
256402,64,2048,512,4803.11
109587,64,512,512,4982.36
99608,64,512,512,4677.53
60842,64,512,512,2997.42
76770,64,512,512,3650.01
301623,256,512,512,6292.05
236448,64,2048,512,4431.31
116101,64,512,512,5283.02
93737,64,512,512,4452.14
69341,64,512,512,3358.88
72872,64,512,512,3380.35
266304,256,512,512,4210.86
179846,64,2048,512,3796.73
118976,64,512,512,5464.03
87654,64,512,512,4128.23
69802,64,512,512,3357.83
68146,64,512,512,3287.31
8099792,4161,512,512,11307.9
69048,64,512,512,2797.42
70699,64,512,512,3615.79
55824,64,512,512,2713.69
51977,64,512,512,2491.74
440834,256,512,512,8734.69
349724,64,2048,512,5663.12
142988,64,512,512,6424.26
140146,64,512,512,6267.18
102718,64,512,512,4647.87
144324,64,512,512,6531.51
90907,64,512,512,4238.95
79001,64,512,512,3857.59
71333,64,512,512,3394.79
59864,64,512,512,2881.28
350127,256,512,512,7170.74
278118,64,2048,512,4756.85
77453,64,512,512,3656.89
97490,64,512,512,4464.72
58782,64,512,512,2886.73
79224,64,512,512,3735.82
72798,64,512,512,3426.84
80140,64,512,512,3850.92
60387,64,512,512,2978.9
59524,64,512,512,2993.32
377531,256,512,512,7620.25
301616,64,2048,512,5045.3
85602,64,512,512,3950.37
106244,64,512,512,4807.21
64319,64,512,512,3121.95
92139,64,512,512,4253.51
80374,64,512,512,3787.65
91729,64,512,512,4299.14
68532,64,512,512,3357.76
70060,64,512,512,3425.86
413100,256,512,512,8207.63
326865,64,2048,512,5374.69
100219,64,512,512,4576.99
112406,64,512,512,5135.48
76218,64,512,512,3657.51
99957,64,512,512,4559.75
89251,64,512,512,4144.46
113306,64,512,512,5172.53
75834,64,512,512,3581.56
88878,64,512,512,4141.08
454699,256,512,512,8979.44
370593,64,2048,512,5902.58
99341,64,512,512,4546.56
113026,64,512,512,5122.92
75788,64,512,512,3575.59
103039,64,512,512,4640.09
95971,64,512,512,4402.72
126777,64,512,512,5695.68
84980,64,512,512,3995.12
99415,64,512,512,4636.89
483495,256,512,512,9513.23
392291,64,2048,512,6189.33
78700,64,512,512,3697.82
89338,64,512,512,4121.35
60344,64,512,512,3041.19
81600,64,512,512,3837.68
377485,256,512,512,7550.08
263284,64,2048,512,4770.37
125652,64,512,512,5701.17
98723,64,512,512,4534.69
91651,64,512,512,4238.38
101724,64,512,512,4612.87
139876,256,512,512,3739.47
104165,64,2048,512,3042.23
40729,64,512,512,2173.99
59136,64,512,512,3087.64
32292,64,512,512,1898.83
38547,64,512,512,2041.92
194581,256,512,512,4696.69
150283,64,2048,512,3606.01
42786,64,512,512,2337.79
66156,64,512,512,2454.97
33491,64,512,512,1886.75
47033,64,512,512,2346.26
247017,256,512,512,5511.88
179358,64,2048,512,3751.31
55210,64,512,512,2830.15
68722,64,512,512,3456.46
40973,64,512,512,2302.14
52095,64,512,512,2600.77
248270,256,512,512,5476.57
172574,64,2048,512,3733.58
71451,64,512,512,3417.58
73260,64,512,512,3570.99
54975,64,512,512,2786.19
59423,64,512,512,2923.01
222621,256,512,512,4936.37
136351,64,2048,512,3098.71
74612,64,512,512,3570.06
68003,64,512,512,3399.62
58713,64,512,512,2957.79
55485,64,512,512,2866.28
5628498,4161,512,512,8391.26
55839,64,512,512,2688.32
47152,64,512,512,2934.05
40749,64,512,512,1977.51
31688,64,512,512,1633.74
246942,256,512,512,5439.4
187181,64,2048,512,3748
108105,64,512,512,4942.58
107497,64,512,512,4848.28
65349,64,512,512,3211
112066,64,512,512,5123.53
53552,64,512,512,2672.59
46022,64,512,512,2703.99
38979,64,512,512,1967.08
28332,64,512,512,1440.55
181465,256,512,512,4271.3
138731,64,2048,512,3173.37
44787,64,512,512,2236.13
56702,64,512,512,3050.03
30654,64,512,512,1685.88
40235,64,512,512,2176.89
49209,64,512,512,2521.6
55295,64,512,512,2896.35
37240,64,512,512,2109.13
33400,64,512,512,1920.95
209478,256,512,512,4744.55
170877,64,2048,512,3594.34
59402,64,512,512,2960.66
78627,64,512,512,3799.55
40400,64,512,512,2275.01
58892,64,512,512,3006.7
51857,64,512,512,2693.74
60576,64,512,512,3069.52
42887,64,512,512,2334.22
40323,64,512,512,2250.83
249613,256,512,512,5420.85
196462,64,2048,512,3765.62
65126,64,512,512,3174.12
73887,64,512,512,3549.38
44367,64,512,512,2332.88
60688,64,512,512,2982.81
60021,64,512,512,3062.64
83964,64,512,512,4013.87
47934,64,512,512,2573.76
56646,64,512,512,2936.93
302452,256,512,512,6337.27
246814,64,2048,512,4358.6
65341,64,512,512,3159.43
81599,64,512,512,3870.92
45839,64,512,512,2456.62
66444,64,512,512,3318.46
63673,64,512,512,3155.69
94580,64,512,512,4336.04
54191,64,512,512,2759.04
65642,64,512,512,3340.56
343356,256,512,512,7030.63
257197,64,2048,512,4506.74
41783,64,512,512,2280.22
52641,64,512,512,2726.32
29547,64,512,512,1839.57
42360,64,512,512,2308.21
216719,256,512,512,4860.83
149618,64,2048,512,3461.8
81604,64,512,512,3838.72
64242,64,512,512,3262.26
43030,64,512,512,2202.89
61783,64,512,512,2988.97
48481,256,512,512,2006.51
38360,64,2048,512,2068.72
18164,64,512,512,1130.35
29508,64,512,512,2109.98
13422,64,512,512,916.158
18682,64,512,512,1089.09
101911,256,512,512,3142.91
82333,64,2048,512,2756.67
19741,64,512,512,1134.64
38241,64,512,512,2402.54
15129,64,512,512,1015.84
25640,64,512,512,1401.59
114133,256,512,512,3338.93
85304,64,2048,512,2772.99
36347,64,512,512,2061.51
44755,64,512,512,2605.3
25265,64,512,512,1153.21
30012,64,512,512,1641.2
115983,256,512,512,3327.79
83975,64,2048,512,2633.01
48912,64,512,512,2555.98
44247,64,512,512,2498.81
33185,64,512,512,1946.33
27808,64,512,512,1578.32
83494,256,512,512,2654.74
48292,64,2048,512,1935.58
42541,64,512,512,2295.09
43863,64,512,512,2478.09
30263,64,512,512,1530.95
31688,64,512,512,1675.75
4570384,4161,512,512,7158.36
34247,64,512,512,1772.56
19404,64,512,512,1796.15
16396,64,512,512,925.935
11969,64,512,512,718.158
104673,256,512,512,3161.04
81975,64,2048,512,2479.58
97078,64,512,512,4444.71
69893,64,512,512,3562.05
25760,64,512,512,1389.8
69617,64,512,512,3300.75
48869,64,512,512,1901.87
21820,64,512,512,1664.7
15338,64,512,512,958.569
10662,64,512,512,676.281
41663,256,512,512,1776.46
36012,64,2048,512,1981.95
42364,64,512,512,2186.92
32657,64,512,512,2042.18
13187,64,512,512,821.956
17178,64,512,512,1100.78
50871,64,512,512,2630.94
27364,64,512,512,1892.8
15168,64,512,512,1107.56
13381,64,512,512,935.673
52212,256,512,512,2126.63
48390,64,2048,512,2330.19
55223,64,512,512,2712.53
42626,64,512,512,2374.62
15872,64,512,512,1062.65
24727,64,512,512,1515.11
54011,64,512,512,2701.6
38147,64,512,512,2239.74
17464,64,512,512,1196.19
16461,64,512,512,1167.81
72869,256,512,512,2545.89
71587,64,2048,512,2652.14
66349,64,512,512,3305.98
49036,64,512,512,2599.05
18628,64,512,512,1022.04
30148,64,512,512,1720.9
63533,64,512,512,3079.92
47347,64,512,512,2544.68
19514,64,512,512,1383.42
23243,64,512,512,1605.21
100398,256,512,512,3098.28
85572,64,2048,512,2644.12
58607,64,512,512,2971.34
37223,64,512,512,2137.68
14595,64,512,512,1039.09
23119,64,512,512,1411.71
70285,64,512,512,3471.83
56422,64,512,512,2882.03
21842,64,512,512,1462.96
27155,64,512,512,1841.68
130289,256,512,512,3487.71
90678,64,2048,512,2397.58
48564,64,512,512,2492.62
26377,64,512,512,1727.37
9201,64,512,512,770.967
16237,64,512,512,1033.92
58872,256,512,512,2176.37
55804,64,2048,512,2201.18
69433,64,512,512,3339.28
57004,64,512,512,3187.14
12532,64,512,512,885.341
53312,64,512,512,2601.3
19051,256,512,512,1084.06
20119,64,2048,512,1550.9
10834,64,512,512,668.997
21594,64,512,512,1780.08
3649,64,512,512,312.573
14972,64,512,512,930.19
19537,256,512,512,1112.68
20744,64,2048,512,1591.9
32975,64,512,512,1725.11
19159,64,512,512,1702.03
8520,64,512,512,665.918
9463,64,512,512,608.003
21054,256,512,512,1190.52
21606,64,2048,512,1591.38
19284,64,512,512,1140.2
16852,64,512,512,1462.97
5429,64,512,512,460.134
8863,64,512,512,615.379
20900,256,512,512,1173.06
18007,64,2048,512,1354.74
29744,64,512,512,1670.48
15941,64,512,512,1318.87
7369,64,512,512,608.49
9554,64,512,512,641.949
16100,256,512,512,962.666
9871,64,2048,512,859.867
32053,64,512,512,1754.61
18132,64,512,512,1305.08
7471,64,512,512,632.834
12811,64,512,512,821.267
2802367,4161,512,512,5431
17538,64,512,512,1010.8
9689,64,512,512,991.233
9630,64,512,512,612.632
5732,64,512,512,414.106
49727,256,512,512,2033.25
41575,64,2048,512,1704.53
60339,64,512,512,3006.05
33846,64,512,512,2148.61
10762,64,512,512,621.631
34845,64,512,512,1777.12
27165,64,512,512,1390.76
12022,64,512,512,1096.37
7018,64,512,512,564.375
4981,64,512,512,396.143
18329,256,512,512,1082.13
18724,64,2048,512,1344.81
20384,64,512,512,1198.07
20795,64,512,512,1406.67
5704,64,512,512,428.782
9461,64,512,512,755.445
21954,64,512,512,1386.7
12498,64,512,512,1073.28
5460,64,512,512,528.206
4860,64,512,512,428.241
19355,256,512,512,1112.76
20125,64,2048,512,1418.07
29397,64,512,512,1682.65
26491,64,512,512,1704.18
6978,64,512,512,631.207
12252,64,512,512,929.459
23425,64,512,512,1441.65
20550,64,512,512,1475.57
6200,64,512,512,579.591
7340,64,512,512,643.419
25190,256,512,512,1365.03
29575,64,2048,512,1792.53
33448,64,512,512,1902.38
35320,64,512,512,2046.68
8490,64,512,512,687.607
16466,64,512,512,1163.42
25495,64,512,512,1490.96
36244,64,512,512,1947.78
7017,64,512,512,670.22
11888,64,512,512,997.656
33082,256,512,512,1579.56
44738,64,2048,512,2051.64
25079,64,512,512,1411.93
31458,64,512,512,1864.35
6391,64,512,512,588.168
14370,64,512,512,994.593
44130,64,512,512,2302.63
37424,64,512,512,2154.4
10100,64,512,512,878.07
15476,64,512,512,1251.44
42127,256,512,512,1775.43
29857,64,2048,512,1371.79
18768,64,512,512,1199.26
14559,64,512,512,1059.54
3701,64,512,512,384.669
9011,64,512,512,708.83
26707,256,512,512,1433.72
26895,64,2048,512,1485.58
46041,64,512,512,2364.98
39819,64,512,512,2248.59
5371,64,512,512,449.656
35052,64,512,512,1828.42
3789,256,512,512,297.468
3298,64,2048,512,378.374
10357,64,512,512,650.348
5954,64,512,512,654.667
2109,64,512,512,213.63
2920,64,512,512,254.044
3678,256,512,512,278.287
3035,64,2048,512,355.373
3920,64,512,512,297.202
6539,64,512,512,677.221
1294,64,512,512,129.619
3906,64,512,512,312.934
6591,256,512,512,361.72
6228,64,2048,512,632.304
10973,64,512,512,723.231
10235,64,512,512,952.84
2888,64,512,512,281.859
6614,64,512,512,499.606
5856,256,512,512,439.115
5056,64,2048,512,534.496
21060,64,512,512,1310.67
9576,64,512,512,884.21
4067,64,512,512,405.888
4228,64,512,512,348.36
4933,256,512,512,382.505
2797,64,2048,512,319.691
16062,64,512,512,1069.71
8583,64,512,512,793.803
3442,64,512,512,353.377
6578,64,512,512,493.624
1362291,4161,512,512,4123.04
0,64,512,512,0
929,64,512,512,127.544
0,64,512,512,0
246,64,512,512,27.9446
14047,256,512,512,920.624
20596,64,2048,512,1366.21
22905,64,512,512,1358.19
27236,64,512,512,1793.98
5473,64,512,512,338.99
25435,64,512,512,1419.96
0,64,512,512,0
77,64,512,512,11.2862
0,64,512,512,0
19,64,512,512,2.75862
1932,256,512,512,167.827
1833,64,2048,512,223.485
8299,64,512,512,642.447
20258,64,512,512,1427.47
4656,64,512,512,378.133
6968,64,512,512,586.903
39,64,512,512,5.65039
6,64,512,512,0.887165
8,64,512,512,1.22729
20,64,512,512,2.95408
1005,256,512,512,94.2472
960,64,2048,512,128.654
15889,64,512,512,955.675
26465,64,512,512,1657.69
4629,64,512,512,438.209
9380,64,512,512,767.89
2992,64,512,512,209.446
1844,64,512,512,233.288
640,64,512,512,54.6032
401,64,512,512,45.5471
1423,256,512,512,121.546
1698,64,2048,512,219.833
13471,64,512,512,851.769
25799,64,512,512,1671.83
5084,64,512,512,466.408
10880,64,512,512,729.437
10658,64,512,512,691.909
7785,64,512,512,819.5
5360,64,512,512,407.828
2762,64,512,512,245.416
1185,256,512,512,100.918
1198,64,2048,512,158.492
4459,64,512,512,314.042
4413,64,512,512,462.245
1897,64,512,512,165.758
1883,64,512,512,198.295
30410,64,512,512,1687.51
23696,64,512,512,1805.37
14210,64,512,512,994.772
7168,64,512,512,606.623
1373,256,512,512,103.197
1671,64,2048,512,219.85
5531,64,512,512,410.122
2353,64,512,512,288.435
2904,64,512,512,244.175
743,64,512,512,83.2201
0,256,512,512,0
0,64,2048,512,0
9554,64,512,512,649.187
19357,64,512,512,1325.34
5442,64,512,512,420.07
13274,64,512,512,838.104
0,256,512,512,0
0,64,2048,512,0
1670,64,512,512,158.67
1644,64,512,512,215.509
1203,64,512,512,115.03
301,64,512,512,37.5707
159,256,512,512,16.8544
274,64,2048,512,29.4534
87,64,512,512,11.6764
193,64,512,512,28.0676
15,64,512,512,1.99784
19,64,512,512,2.83041
0,256,512,512,0
0,64,2048,512,0
0,64,512,512,0
0,64,512,512,0
0,64,512,512,0
0,64,512,512,0
0,256,512,512,0
0,64,2048,512,0
0,64,512,512,0
0,64,512,512,0
0,64,512,512,0
0,64,512,512,0
0,256,512,512,0
0,64,2048,512,0
0,64,512,512,0
0,64,512,512,0
0,64,512,512,0
0,64,512,512,0
850094,4161,512,512,3842.38
