128761,512,5521.82
132877,512,5511.03
142349,512,6001.93
122501,512,5209.48
657561,512,23463.4
587093,512,16426.9
158760,512,6558.59
161312,512,6251.46
154701,512,6335.99
163812,512,6064.69
138452,512,5684.78
140197,512,5586.44
139415,512,5561.2
130440,512,5483.15
615379,512,21774.4
552458,512,15533.5
122396,512,5039.27
163814,512,6979.3
119017,512,5061.26
156550,512,6605.92
130692,512,5537.72
144385,512,6145.43
131820,512,5587.52
133155,512,5670.09
629035,512,22508.1
550086,512,15478.6
129969,512,5439.56
164324,512,6953.54
131426,512,5592.52
157607,512,6706.24
132401,512,5619.92
158040,512,6718.94
136023,512,5675.94
146596,512,6195.17
640824,512,22255.2
560424,512,15673.7
133334,512,5660.28
165516,512,6969.83
134172,512,5618.34
161231,512,6740.25
128782,512,5409.76
171580,512,7288.87
135490,512,5716.58
157572,512,6623.85
655737,512,23540
588044,512,16444.1
125661,512,5316.21
154825,512,6563.2
127452,512,5400.26
153730,512,6436.72
129316,512,5450.73
176891,512,7394.48
141501,512,5996.32
161782,512,5856.16
673253,512,21976.6
611291,512,15723.8
102691,512,3822.3
136832,512,5076.67
105460,512,3908.5
134494,512,4992.38
546132,512,17785.8
478771,512,12265
126309,512,4684.89
127433,512,4715.79
124950,512,4639.54
136926,512,5091.58
512834,512,16653.8
430911,512,11113.9
89535,512,3296.82
142150,512,5254.53
83912,512,3102.39
126151,512,4661.2
526135,512,17145.4
434134,512,11194
100634,512,3682.67
132334,512,4890.39
96583,512,3584.43
120956,512,4486.68
527460,512,17294.2
428269,512,10982.2
103808,512,3836.17
127274,512,4739.83
102659,512,3762.49
119034,512,4458.38
529427,512,17267.8
424951,512,10879
117377,512,4348.75
122898,512,4563
114955,512,4265.51
118573,512,4405.15
504860,512,16447.4
400093,512,10281.9
115234,512,4247.99
120376,512,4401.34
114692,512,4257.14
119087,512,4450.11
82388,512,3049.5
95040,512,3542.49
95047,512,3531.38
81972,512,3050.42
559163,512,18202.5
479025,512,12402.5
123005,512,4571.51
134139,512,5038.26
117970,512,4395.87
136606,512,5117.35
108827,512,4069.23
113602,512,4244.42
110167,512,4073.54
103331,512,3849.12
500782,512,16405.5
433174,512,11187.4
83660,512,3111.9
139159,512,5210.27
79680,512,2977.68
128804,512,4808.22
93269,512,3464.87
116477,512,4326.83
96336,512,3581.76
100708,512,3761.8
513866,512,16755.6
431100,512,11039.6
94610,512,3506.63
138919,512,5171.09
97046,512,3634.79
129913,512,4862.95
91737,512,3395.49
128003,512,4733.89
97528,512,3606.16
111611,512,4170.86
530735,512,17329.3
446252,512,11433.2
96734,512,3586.93
139126,512,5185.58
97673,512,3636.82
132027,512,4918.7
99926,512,3708.52
146522,512,5357.75
105672,512,3928.42
131348,512,4823.43
560299,512,18334.3
483219,512,12359.4
99871,512,3715.63
139835,512,5220.37
100632,512,3738.93
135476,512,5079.65
100073,512,3708.45
158983,512,5922.15
110849,512,4146.38
140232,512,5197.24
584554,512,19080.5
515851,512,13256.6
72786,512,2717.4
111169,512,4141.36
75465,512,2805.55
108697,512,4054.79
418763,512,13714
331624,512,8568.75
104724,512,3916.33
104369,512,3877.7
100685,512,3723.88
114837,512,4297.49
384080,512,12596.9
294467,512,7525.47
52376,512,1948.19
108226,512,4026.19
49216,512,1843.64
88225,512,3255.23
390912,512,12762.3
292071,512,7526.06
68275,512,2522.88
97898,512,3653.78
65237,512,2437.67
82951,512,3119.61
395711,512,12927.8
291221,512,7491.28
71474,512,2653.34
99155,512,3683.21
69597,512,2581.28
91595,512,3422.67
386282,512,12623.8
286061,512,7357.42
74946,512,2771.58
93347,512,3470.25
73526,512,2741.48
87577,512,3300.82
372892,512,12306.5
268393,512,6919.88
83966,512,3138.97
91238,512,3427.83
82765,512,3084.42
85516,512,3202.1
48820,512,1810.56
61079,512,2264.14
59699,512,2222.87
49720,512,1862.58
457008,512,14948.5
380232,512,9760.02
100329,512,3740
112503,512,4192.71
94479,512,3538.06
114846,512,4310.3
82527,512,3088.01
86541,512,3228.48
84021,512,3110.88
74658,512,2795.87
371268,512,12149.4
296938,512,7668.02
59207,512,2446.92
110975,512,4574.46
55989,512,2332.21
99131,512,4079.28
59373,512,2361.75
88269,512,3650.8
64712,512,2631.32
69763,512,2895.11
383955,512,13859.9
302682,512,8476.52
75307,512,3111.96
120987,512,4946
74395,512,3051.81
110489,512,4572.04
69106,512,2873.17
107546,512,4466.43
74384,512,3068.27
86780,512,3563.4
406737,512,13288.7
316678,512,8143.44
75207,512,2791.42
115311,512,4254.6
77122,512,2879.08
106452,512,3957.64
75019,512,2800.54
125521,512,4635.59
83525,512,3077.68
105434,512,3898.69
445126,512,14535.8
360576,512,9251.1
66207,512,2730.1
107436,512,4497.14
69103,512,2924.24
100659,512,4216.14
80509,512,3366.79
140067,512,5735.2
94610,512,3935.63
117697,512,4880.47
469702,512,16799.3
393501,512,11036.7
53044,512,2195.13
91720,512,3855.3
54347,512,2228.78
87767,512,3688.27
319674,512,11468.6
246891,512,6947.74
64552,512,2636.15
73664,512,3041.71
61364,512,2521.85
83434,512,3486.54
237924,512,8546.21
152630,512,4280.65
32419,512,1336.62
75766,512,3094.76
30510,512,1263.17
57281,512,2371.98
239685,512,8591.24
155797,512,4369.07
43886,512,1619.76
73089,512,3053.57
39292,512,1628.73
62094,512,2558.24
241817,512,8674.66
154531,512,4357.51
49628,512,2051.55
57036,512,2361.19
48540,512,2048.68
49310,512,2058.12
219154,512,7830.2
147362,512,4135.21
33528,512,1373.12
53373,512,2186.47
34631,512,1385.72
44365,512,1814.37
195846,512,7057.75
120625,512,3389.52
54241,512,2240.25
71756,512,2848.94
51254,512,2146.2
64594,512,2711.29
45935,512,1905.88
46296,512,1904.62
52919,512,2178.48
38370,512,1594.27
331367,512,11869.5
265406,512,7431.9
65174,512,2721.31
85635,512,3158.89
59884,512,2214.5
89665,512,3329.56
45262,512,1668.93
57303,512,2113.02
48014,512,1777.36
44781,512,1666.81
250381,512,8141.6
189258,512,4851.97
40322,512,1485.99
85967,512,3174.52
36932,512,1366.25
74639,512,2767.59
44052,512,1633.24
61540,512,2276.01
47508,512,1771.94
46746,512,1735.27
265383,512,8658.63
195030,512,5011.96
42118,512,1551.6
91334,512,3387.92
42774,512,1578.29
79227,512,2937.14
38467,512,1425.57
71031,512,2629.38
44005,512,1628.51
53746,512,1991.34
283233,512,9231.42
202509,512,5223.09
46461,512,1722.29
78908,512,2937.37
48194,512,1786.41
72580,512,2696.92
43854,512,1633.47
96524,512,3586.42
51673,512,1919.12
76538,512,2824.2
320489,512,10488.1
247453,512,6382.18
40847,512,1518.24
81975,512,3027.93
42541,512,1557.72
75412,512,2797.13
49860,512,1837.35
110313,512,4078.44
61547,512,2289.51
88378,512,3275
345592,512,11253.1
274829,512,7040.78
25374,512,940.023
60536,512,2236.16
25890,512,961.526
57422,512,2136.2
209395,512,6846.75
151186,512,3874.19
32695,512,1210.46
42140,512,1559.49
30524,512,1125.1
49135,512,1821.32
126254,512,4132.3
76575,512,1953.93
17164,512,632.574
52044,512,1923.07
14299,512,531.061
37690,512,1398.05
146819,512,4787.18
84761,512,2168.83
23183,512,856.216
49133,512,1832.17
21266,512,786.051
36818,512,1365.2
144374,512,4718.1
87498,512,2259.1
20567,512,762.566
39685,512,1466.32
19186,512,715.737
32050,512,1197.83
133310,512,4343.49
81004,512,2077.14
25603,512,951.072
40168,512,1472.29
23381,512,865.878
32959,512,1231.24
117647,512,3840.05
69633,512,1793.94
23953,512,886.461
31670,512,1179.16
22904,512,850.116
28133,512,1043.12
34335,512,1258.98
29747,512,1097.55
42332,512,1567.37
23730,512,886.228
165318,512,5410.31
114116,512,2936.5
34464,512,1288.55
60724,512,2266.49
30956,512,1146.49
62144,512,2296.7
27947,512,1038.94
32084,512,1188.56
31500,512,1168.61
26063,512,971.395
144805,512,4737.31
93516,512,2411.27
19984,512,738.695
51570,512,1915.48
18956,512,703.776
45617,512,1696.22
17384,512,643.245
30722,512,1131.1
20613,512,747.55
23618,512,876.176
150601,512,4914.12
91018,512,2331.11
22986,512,854.835
50560,512,1879.35
23332,512,867.839
48332,512,1785.74
18710,512,693.324
48771,512,1805.67
22976,512,852.378
37207,512,1389.41
158689,512,5194.13
91220,512,2335.3
25803,512,962.484
51980,512,1927.85
27000,512,1000.92
50793,512,1896.53
22110,512,804.535
70194,512,2603.12
27829,512,1023.35
55987,512,2080.15
166966,512,5458.07
100492,512,2575.51
16560,512,612.192
39864,512,1485.66
17972,512,671.274
38720,512,1436.08
24537,512,906.176
65081,512,2434.14
35051,512,1300.57
54980,512,2046.4
189128,512,6179.52
109440,512,2800.8
6244,512,231.216
26927,512,1000.27
7420,512,275.088
26093,512,973.693
53227,512,1732.01
34630,512,886.014
13396,512,494.209
27558,512,1021.13
12282,512,455.754
32402,512,1201.21
59715,512,1953.06
31978,512,817.185
8006,512,294.332
25723,512,954.349
7531,512,282.116
18901,512,704.083
73174,512,2388.23
37471,512,959.742
7276,512,268.803
25171,512,934.954
6459,512,238.547
19734,512,736.205
77994,512,2551.53
38793,512,992.418
11015,512,410.371
24419,512,904.114
10472,512,385.749
20582,512,768.913
70998,512,2317.99
35760,512,915.892
8285,512,305.829
20839,512,774.855
7826,512,290.181
17985,512,666.802
61917,512,2020.97
28848,512,739.224
11904,512,439.29
21574,512,797.243
11724,512,434.139
20289,512,756.699
13591,512,509.008
11834,512,436.936
18364,512,676.881
8842,512,326.631
107573,512,3513.5
80849,512,2064.17
16771,512,617.265
28842,512,1072.62
13807,512,510.968
31600,512,1181.22
13156,512,488.906
15612,512,582.901
15414,512,571.62
10938,512,407.422
48981,512,1605.81
34082,512,872.513
7091,512,263.549
27698,512,1028.22
6302,512,234.108
21599,512,808.421
6119,512,227.987
11183,512,418.01
7324,512,270.567
7750,512,285.056
55048,512,1799.09
35955,512,923.989
8454,512,311.086
27387,512,1011.96
8560,512,316.186
22070,512,822.28
7508,512,277.86
18737,512,695.674
9838,512,367.038
12906,512,479.819
63204,512,2061.25
40951,512,1055.6
10143,512,377.401
31538,512,1177.04
10640,512,396.421
26736,512,998.677
10085,512,372.903
31635,512,1171.81
12905,512,481.471
23675,512,874.887
75648,512,2476.38
51508,512,1329.19
8793,512,328.839
23635,512,874.925
8673,512,323.708
20949,512,784.184
11498,512,426.476
50919,512,1885.17
15955,512,594.965
35619,512,1325.74
90763,512,2974.08
66881,512,1727.64
2012,512,74.4354
9731,512,361.516
2143,512,80.0369
8160,512,304.522
53936,512,1772.7
37885,512,968.767
4860,512,181.408
8693,512,322.383
4594,512,171.349
10765,512,403.828
19771,512,644.272
11460,512,295.908
3116,512,116.008
17085,512,637.11
2706,512,100.982
11679,512,435.19
21492,512,699.492
12675,512,326.385
3128,512,115.663
8602,512,319.663
2649,512,98.7408
5842,512,217.148
21069,512,686.381
12926,512,332.088
3130,512,115.561
8456,512,314.273
2888,512,107.631
5920,512,220.064
16569,512,540.819
10555,512,270.172
3975,512,148.37
9829,512,365.293
3688,512,137.229
6880,512,255.508
14652,512,477.261
9374,512,239.763
2878,512,106.898
5607,512,208.283
2627,512,97.8137
4187,512,156.188
7994,512,297.519
6230,512,228.216
10825,512,400.91
4266,512,158.915
37336,512,1216.76
28863,512,742.478
5646,512,209.859
17872,512,668.081
4679,512,174.457
21603,512,802.657
5126,512,190.231
5757,512,212.87
6474,512,239.118
3865,512,143.079
18332,512,596.626
14699,512,375.944
3668,512,135.437
11791,512,435.069
3797,512,139.609
10070,512,375.615
3401,512,125.434
5162,512,191.054
4111,512,151.873
3691,512,135.95
13036,512,425.181
9863,512,252.086
4359,512,162.001
13924,512,512.816
4174,512,154.174
11995,512,445.727
3302,512,122.554
7543,512,281.362
4222,512,157.63
6012,512,223.328
12635,512,413.836
9668,512,249.012
4405,512,164.125
10699,512,399.1
4559,512,168.611
9516,512,356.431
4352,512,161.833
15753,512,589.506
5559,512,206.76
12052,512,444.836
14538,512,475.302
11200,512,287.206
2258,512,83.8548
8183,512,305.111
2408,512,90.0165
6857,512,256.321
4500,512,166.404
23566,512,878.171
5989,512,223.927
17053,512,632.896
17556,512,575.162
14256,512,367.961
742,512,27.668
2728,512,101.437
806,512,30.0543
2370,512,88.0493
21989,512,720.319
16969,512,435.945
1040,512,38.4335
6990,512,259.042
971,512,36.0032
10210,512,381.638
4276,512,139.521
3145,512,81.2833
1083,512,40.5269
7508,512,279.238
989,512,36.8107
5246,512,196.471
3167,512,102.702
2309,512,59.2526
1566,512,58.5862
4323,512,160.283
1368,512,50.8355
3317,512,124.637
2099,512,68.6852
1606,512,41.321
1259,512,46.6491
3983,512,147.862
1243,512,45.5859
2880,512,107.738
1483,512,48.4116
1166,512,30.0347
827,512,30.8108
1872,512,69.2744
712,512,26.5075
1394,512,52.3061
1887,512,61.9949
1200,512,30.8544
419,512,15.6084
812,512,30.0626
391,512,14.6098
645,512,24.0951
131072,512,4887.38
131072,512,4881.41
131072,512,4883.26
131072,512,4883.54
524288,512,17086.1
524288,512,13487.3
131072,512,4914.81
131072,512,4913.78
131072,512,4901.78
131072,512,4893.52
131072,512,4873.92
131072,512,4890.83
131072,512,4888.18
131072,512,4851.34
524288,512,17092.3
524288,512,13459.5
131072,512,4868.24
131072,512,4892.6
131072,512,4880.3
131072,512,4917.64
131071,512,4913.08
131072,512,4868.29
131072,512,4905.24
131072,512,4876.73
524288,512,17231.7
524288,512,13523.1
131072,512,4902.06
131072,512,4886.5
131072,512,4897.71
131072,512,4916.46
131072,512,4874.12
131072,512,4886.21
131072,512,4845.55
131072,512,4910.59
524288,512,17129
524287,512,13519
131072,512,4878.77
131072,512,4846.78
131072,512,4837.22
131072,512,4872.59
131072,512,4898.77
131072,512,4874.74
131072,512,4845.49
131072,512,4855.47
524288,512,17043.7
524288,512,13443.8
131072,512,4882.49
131072,512,4909.26
131072,512,4885.44
131072,512,4905.5
131072,512,4865.13
131072,512,4888.58
131072,512,4873.87
131072,512,4911.94
524288,512,17095.3
524288,512,13513.2
131072,512,4851.32
131072,512,4898.88
131072,512,4886.07
131072,512,4918.01
524288,512,17134
524288,512,13507.1
131072,512,4827.28
131072,512,4882.4
131072,512,4887.41
131072,512,4914.73
524288,512,17235.2
524288,512,13553.6
131072,512,4878.97
131072,512,4908.57
131072,512,4889.43
131072,512,4931.63
524288,512,17142.3
524288,512,13569
131072,512,4912.74
131072,512,4923.03
131072,512,4897.23
131072,512,4905.7
524288,512,17166.1
524288,512,13505.3
131072,512,4865.58
131072,512,4879.28
131072,512,4889.15
131072,512,4890.2
524288,512,17112.4
524288,512,13510.6
131072,512,4893.17
131072,512,4900.8
131072,512,4888.61
131072,512,4888.26
524288,512,17126.2
524288,512,13521.5
131072,512,4892.2
131072,512,4808.46
131072,512,4865.7
131072,512,4883.46
104857,512,3896.2
104857,512,3926.03
104857,512,3918.1
104857,512,3931.53
419430,512,13761
419430,512,10781.2
104857,512,3916.55
104857,512,3904.22
104857,512,3917.39
104857,512,3914.19
104857,512,3909.52
104857,512,3898.53
104857,512,3910.38
104857,512,3931.92
419430,512,13762.9
419430,512,10751.1
104857,512,3902.63
104857,512,3727.71
104857,512,3800.09
104857,512,3824.98
104857,512,3772.89
104856,512,3791.23
104857,512,3799.19
104857,512,3846.53
419430,512,13458.4
419430,512,10599.8
104857,512,3771.09
104857,512,3801.62
104857,512,3809.67
104857,512,3795.51
104857,512,3820.93
104857,512,3804.87
104857,512,3807.21
104857,512,3810.67
419429,512,13501.7
419429,512,10601.1
104857,512,3829.85
104857,512,3792.45
104857,512,3837.53
104857,512,3821.23
104857,512,3845.63
104857,512,3807.21
104857,512,3802.83
104857,512,3817.41
419430,512,13489.5
419430,512,10617.2
104857,512,3790.41
104857,512,3822.91
104857,512,3826.57
104857,512,3855.75
104857,512,3839.6
104857,512,4347.14
104857,512,4306.91
104857,512,4306.46
419430,512,13704.9
419430,512,10757.3
104857,512,3866.36
104857,512,3859.71
104857,512,3864.63
104857,512,3915.61
419430,512,13702.4
419430,512,10796.4
104857,512,3891.43
104857,512,3883.59
104857,512,3864.05
104857,512,3859.83
419430,512,13620.6
419430,512,10721.8
104857,512,3861.96
104857,512,3868.03
104857,512,3851.83
104857,512,3869.22
419430,512,13493.4
419430,512,10577.2
104857,512,3821.89
104857,512,3925.92
104857,512,4174.32
104857,512,4294.91
419430,512,14868.3
419430,512,11644.8
104857,512,4251.57
104857,512,4261.99
104857,512,4198.56
104857,512,4287.86
419429,512,14820.8
419430,512,11560.1
104857,512,4253.7
104857,512,4343.51
104857,512,4256.61
104857,512,4256.88
419430,512,14809.6
419430,512,11682.1
104857,512,4277.28
104857,512,4267.74
104857,512,4259.4
104857,512,4248.85
78643,512,3188.63
78642,512,3197.62
78643,512,3268.22
78643,512,3252.38
314572,512,11137.9
314572,512,8701.44
78643,512,3166.94
78643,512,3203.67
78643,512,3205.03
78643,512,3214.49
78643,512,3217.04
78643,512,3275.96
78643,512,3183.83
78643,512,3263.55
314572,512,11108.1
314571,512,8725.1
78643,512,3238.55
78643,512,3241.4
78643,512,3257.03
78643,512,3216.81
78643,512,3265.27
78643,512,3268.94
78643,512,3234.55
78643,512,3237.77
314572,512,11133.2
314572,512,8746.62
78643,512,3227.21
78643,512,3214.96
78643,512,3210.27
78643,512,3238.96
78643,512,3214
78643,512,3290.24
78643,512,3241.4
78643,512,2903.73
314572,512,10218.7
314572,512,8065.72
78643,512,2900.05
78643,512,2936.58
78643,512,2898.96
78643,512,2890.12
78643,512,2911.66
78643,512,2478.86
78643,512,2897.29
78643,512,2862.15
314572,512,10076.4
314572,512,7941.23
78643,512,2856.19
78643,512,2802.95
78643,512,2856.21
78643,512,2854.91
78643,512,2855.85
78643,512,2867.4
78643,512,2877.58
78643,512,2839.99
314572,512,10033.2
314572,512,7875.47
78643,512,2847.87
78643,512,2845.55
78643,512,2855.2
78643,512,2861.09
314572,512,10120.5
314572,512,7963.32
78643,512,2888.9
78643,512,2870.61
78643,512,2864.84
78643,512,2889.24
314572,512,10121.1
314572,512,7984.5
78643,512,2871.54
78643,512,2887.49
78643,512,2878.78
78643,512,2875.82
314572,512,10118.2
314572,512,7944.93
78643,512,2881.06
78643,512,2872.67
78643,512,2865.4
78643,512,2880.35
314572,512,10159.2
314571,512,8017.49
78643,512,2880.55
78643,512,2883.22
78643,512,2874.07
78643,512,2867.81
314572,512,10104.2
314572,512,7974.26
78643,512,2865.12
78643,512,2881.75
78643,512,2871.1
78643,512,2868.92
314572,512,10147.2
314572,512,8011.1
78643,512,2864.37
78643,512,2852.58
78643,512,2858.37
78643,512,2891.8
52428,512,1909.25
52428,512,1914.15
52428,512,1923.35
52428,512,1921.88
209715,512,6750.64
209715,512,5340.83
52428,512,1910.87
52428,512,1927.65
52428,512,1923.63
52428,512,1904.1
52428,512,1896.51
52428,512,1913.55
52428,512,1915.66
52428,512,1932.43
209715,512,6796.86
209715,512,5327.21
52428,512,1914.31
52428,512,1902.8
52428,512,1905.52
52428,512,1912.86
52428,512,1900.02
52428,512,1912.49
52428,512,1904.64
52428,512,1900.52
209715,512,6753.33
209715,512,5300.41
52428,512,1917.08
52428,512,1918.52
52428,512,1921.41
52428,512,1913.16
52428,512,1912.57
52428,512,1913.57
52428,512,1912.16
52428,512,1897.98
209715,512,6709.84
209715,512,5326.94
52428,512,1895.67
52428,512,1919.65
52428,512,1900.83
52428,512,1910.6
52428,512,1922.63
52428,512,1925.83
52428,512,1903.63
52428,512,1924.33
209715,512,6751.89
209715,512,5319.89
52428,512,1914.41
52428,512,1916.42
52428,512,1917.27
52428,512,1909.99
52428,512,1918.58
52428,512,1910.74
52428,512,1904.9
52428,512,1927.93
209715,512,6754.41
209715,512,5327.91
52428,512,1922.52
52428,512,1919.27
52428,512,1917.75
52428,512,1923.35
209715,512,6762.24
209715,512,5321.34
52428,512,1934.38
52428,512,1915.92
52428,512,1893.47
52428,512,1906.16
209715,512,6723.28
209715,512,5324.91
52428,512,1886.02
52428,512,1917.59
52428,512,1912.81
52428,512,1912.79
209715,512,6761.59
209715,512,5310.19
52428,512,1905.81
52428,512,1912.98
52428,512,1911.85
52428,512,1913.46
209715,512,6737.42
209715,512,5323.25
52428,512,1922.85
52428,512,1905.61
52428,512,1922.99
52428,512,1917.52
209715,512,6760.88
209715,512,5330.16
52428,512,1902.35
52428,512,1923.4
52428,512,1918.36
52428,512,1925.64
209715,512,6765.28
209715,512,5337.64
52428,512,1902.33
52428,512,1923.13
52428,512,1910.37
52428,512,1930.07
26214,512,962.004
26214,512,960.209
26214,512,955.968
26214,512,964.232
104857,512,3376.41
104857,512,2663.75
26214,512,965.408
26214,512,962.29
26214,512,955.517
26214,512,959.923
26214,512,960.726
26214,512,954.456
26214,512,958.941
26214,512,958.404
104857,512,3369.44
104857,512,2660.83
26214,512,958.579
26214,512,958.333
26214,512,963.147
26214,512,963.855
26214,512,960.285
26214,512,953.773
26214,512,962.782
26214,512,962.318
104857,512,3355.47
104857,512,2661.21
26214,512,961.089
26214,512,960.698
26214,512,953.783
26214,512,960.929
26214,512,953.849
26214,512,953.48
26214,512,958.946
26214,512,959.363
104857,512,3380.1
104857,512,2644.43
26214,512,962.07
26214,512,947.915
26214,512,952.966
26214,512,962.842
26214,512,959.434
26214,512,958.065
26214,512,965.275
26214,512,965.186
104857,512,3386.65
104857,512,2681.73
26214,512,964.792
26214,512,956.715
26214,512,962.97
26214,512,1011.12
26214,512,1060.95
26214,512,1050.15
26214,512,1023.9
26214,512,1088.11
104857,512,3735.24
104857,512,2927.89
26214,512,1076.54
26214,512,1069.36
26214,512,952.76
26214,512,934.171
104857,512,3360.65
104857,512,2650.24
26214,512,941.547
26214,512,951.668
26214,512,948.365
26214,512,957.381
104857,512,3373.76
104857,512,2639.07
26214,512,948.66
26214,512,948.124
26214,512,942.346
26214,512,948.982
104857,512,3348.61
104857,512,2648.31
26214,512,951.976
26214,512,947.294
26214,512,954.266
26214,512,1081.8
104857,512,3624.78
104857,512,2908.29
26214,512,1063.07
26214,512,1066.04
26214,512,1081.64
26214,512,1054.05
104857,512,3700.04
104857,512,2900.37
26214,512,1053.68
26214,512,1057.63
26214,512,1049.44
26214,512,1065.25
104857,512,3700.02
104857,512,2917.75
26214,512,1076.5
26214,512,1057.95
26214,512,1056.48
26214,512,1070.17
13107,512,537.864
13107,512,531.286
13107,512,546.841
13107,512,520.529
52428,512,1861.12
52428,512,1456.33
13107,512,538.292
13107,512,546.631
13107,512,535.94
13107,512,537.165
13107,512,529.924
13107,512,539.161
13107,512,545.305
13107,512,543.933
52428,512,1857.53
52428,512,1457.81
13107,512,535.991
13107,512,533.408
13107,512,537.017
13107,512,533.238
13107,512,526.455
13107,512,537.086
13107,512,532.193
13107,512,543.154
52428,512,1853.9
52428,512,1454.71
13107,512,532.305
13107,512,536.464
13107,512,533.086
13107,512,535.632
13107,512,537.916
13107,512,531.478
13107,512,519.076
13107,512,534.043
52428,512,1852.7
52427,512,1457.06
13107,512,529.359
13107,512,530.722
13107,512,530.671
13107,512,529.449
13107,512,530.876
13107,512,529.84
13107,512,534.99
13107,512,538.03
52428,512,1860.4
52428,512,1458.85
13107,512,536.481
13107,512,536.698
13107,512,537.947
13107,512,532.625
13107,512,532.747
13107,512,533.472
13107,512,529.512
13107,512,540.753
52428,512,1849.58
52428,512,1455.22
13107,512,534.111
13107,512,526.036
13107,512,532.602
13107,512,533.482
52428,512,1852.78
52428,512,1460.54
13107,512,515.127
13107,512,536.749
13107,512,534.152
13107,512,544.085
52428,512,1848.31
52427,512,1456.44
13107,512,538.154
13107,512,534.07
13107,512,527.342
13107,512,533.517
52427,512,1839.17
52428,512,1451.6
13107,512,542.947
13107,512,533.367
13107,512,523.158
13107,512,543.281
52428,512,1832.73
52428,512,1453.47
13107,512,530.269
13107,512,527.445
13107,512,533.669
13107,512,533.893
52428,512,1854.19
52428,512,1455.03
13107,512,530.621
13107,512,529.843
13107,512,533.887
13107,512,538.403
52428,512,1857.44
52428,512,1442.75
13107,512,528.415
13107,512,544.558
13107,512,529.562
13107,512,533.289
5242,512,210.948
5242,512,212.439
5242,512,215.593
5242,512,212.773
20971,512,742.266
20971,512,579.745
5242,512,209.539
5242,512,211.298
5242,512,213.46
5242,512,213.918
5242,512,212.762
5242,512,218.299
5242,512,212.258
5242,512,214.164
20971,512,739.991
20971,512,582.533
5242,512,212.431
5242,512,217.361
5242,512,211.904
5242,512,214.463
5242,512,216.359
5242,512,216.624
5242,512,208.642
5242,512,213.461
20971,512,730.367
20971,512,582.343
5242,512,210.972
5242,512,209.668
5242,512,217.707
5242,512,216.529
5242,512,217.268
5242,512,207.725
5242,512,213.995
5242,512,211.44
20971,512,742.455
20971,512,583.808
5242,512,215.438
5242,512,213.134
5242,512,212.492
5242,512,215.081
5242,512,210.604
5242,512,215.443
5242,512,194.218
5242,512,195.4
20971,512,677.494
20971,512,536.345
5242,512,192.445
5242,512,193.088
5242,512,192.85
5242,512,194.731
5242,512,196.365
5242,512,196.228
5242,512,195.975
5242,512,193.24
20971,512,672.282
20971,512,527.701
5242,512,189.574
5242,512,189.424
5242,512,188.864
5242,512,189.852
20971,512,670.519
20971,512,530.159
5242,512,190.722
5242,512,190.258
5242,512,190.025
5242,512,190.31
20971,512,670.68
20971,512,529.107
5242,512,190.43
5242,512,190.844
5242,512,189.684
5242,512,191.476
20971,512,675.303
20971,512,526.765
5242,512,190.578
5242,512,188.959
5242,512,189.16
5242,512,191.416
20971,512,676.126
20971,512,580.181
5242,512,211.408
5242,512,213.937
5242,512,215.295
5242,512,214.301
20970,512,743.131
20971,512,581.342
5242,512,211.462
5242,512,214.319
5242,512,212.712
5242,512,213.451
20971,512,738.785
20971,512,583.181
5242,512,213.332
5242,512,215.461
5242,512,211.835
5242,512,214.003
131072,512,5335.83
131072,512,5300.16
131072,512,5334.53
131072,512,5393.32
524288,512,18572.6
524288,512,14561.5
131072,512,5321.1
131072,512,5353.97
131072,512,5365.07
131072,512,5362.97
131072,512,5053.41
131072,512,5364.9
131072,512,5272.4
131072,512,5267.34
524288,512,18512.3
524288,512,14458.6
131072,512,5357.5
131072,512,5361.37
131072,512,5290.63
131072,512,5372.35
131072,512,5329.45
131072,512,5273.4
131072,512,5337.79
131072,512,5258.03
524288,512,18569.5
524288,512,14507.2
131072,512,5151.13
131072,512,5308.74
131072,512,5364.32
131072,512,5362.43
131072,512,5329.59
131072,512,5374.73
131072,512,5361.23
131072,512,5397.87
524288,512,18497.7
524288,512,14444.2
131072,512,5303.98
131072,512,5390.86
131072,512,5321.1
131072,512,5365.72
131072,512,5341.46
131072,512,5448.39
131072,512,5391.34
131072,512,5404.89
524288,512,18586.4
524288,512,14535
131072,512,5398.98
131072,512,5331.14
131072,512,5355.79
131072,512,5370.19
131072,512,5303.34
131072,512,5378.28
131072,512,5299.82
131072,512,5382.14
524288,512,18436.8
524288,512,14557.4
131072,512,5352.23
131072,512,5435.71
131072,512,5360.95
131072,512,5289.63
524288,512,18634.9
524288,512,14621.2
131072,512,5327.18
131072,512,5272.34
131072,512,5293.36
131072,512,5439.34
524288,512,18604.2
524288,512,14529.9
131072,512,5322.72
131072,512,5339.25
131072,512,5305.25
131072,512,5437.26
524288,512,18584.7
524288,512,14581.2
131072,512,5361.64
131072,512,5420.19
131072,512,5426.29
131072,512,5363.9
524288,512,18549.5
524288,512,14570.4
131072,512,5422.68
131072,512,5412.95
131072,512,5397.35
131072,512,5371.87
524288,512,18468.4
524288,512,14591.9
131072,512,5370.53
131072,512,5324.07
131072,512,5278.41
131072,512,5273.4
524288,512,18440
524288,512,14472.9
131072,512,5342.31
131072,512,5367.92
131072,512,5374.83
131072,512,5417.81
104857,512,4318.93
104857,512,4304.75
104857,512,4353.51
104857,512,4317.21
419430,512,14832.1
419430,512,11666.6
104857,512,4258.56
104857,512,4260.23
104857,512,4272.28
104857,512,4322.8
104857,512,4250.55
104857,512,4253.37
104857,512,4328.77
104857,512,4309.92
419430,512,14857.7
419431,512,11663.5
104857,512,4304.67
104857,512,4270.18
104857,512,4370.04
104857,512,4358.4
104857,512,4311.89
104857,512,4133.16
104857,512,4315.05
104857,512,4331.42
419430,512,14904.9
419430,512,11612.2
104857,512,4294.34
104857,512,4297.5
104857,512,4262.59
104857,512,4317.21
104857,512,4307.96
104857,512,4301.05
104857,512,4288.05
104857,512,4294.06
419430,512,14797.6
419430,512,11606.1
104857,512,4303.18
104857,512,4253.05
104857,512,4323.89
104857,512,4291.02
104857,512,4305.6
104857,512,4272.6
104857,512,4266.41
104857,512,4318.55
419430,512,14863.6
419430,512,11685.4
104857,512,4281.65
104857,512,4268.69
104857,512,4301.03
104857,512,4373.66
104857,512,4360.3
104857,512,4347.87
104857,512,4361.32
104857,512,4373.31
419430,512,14835.2
419430,512,11642.4
104857,512,3833.87
104857,512,3867.21
104857,512,3877.73
104857,512,3930.4
419430,512,13628.7
419430,512,10707.3
104857,512,3853.57
104857,512,3795.64
104857,512,3852.62
104857,512,3898.07
419430,512,13551.9
419430,512,10725.7
104857,512,3861.71
104857,512,3854.75
104857,512,3376.07
104857,512,3844.24
419430,512,13591.2
419430,512,10695.4
104857,512,3865.29
104857,512,3833.06
104857,512,3822.43
104857,512,3845.38
419430,512,13577.6
419430,512,10709.7
104857,512,3829.63
104857,512,3828.12
104857,512,3854.55
104857,512,3849.88
419430,512,13618.9
419430,512,9801.2
104857,512,3809.02
104857,512,3875.36
104857,512,3854.42
104857,512,3842.67
419430,512,14954.1
419430,512,11769
104857,512,4320.97
104857,512,4324.5
104857,512,4276.63
104857,512,4248.04
78643,512,3210.35
78643,512,3220.29
78643,512,3202.83
78643,512,3242.8
314572,512,11228.4
314572,512,8790.84
78643,512,3249.65
78643,512,3257.87
78643,512,3248.49
78643,512,3225.74
78643,512,3224.08
78643,512,3228.28
78643,512,3237.48
78643,512,3175.01
314572,512,11133.7
314572,512,8754.45
78643,512,3203.44
78643,512,3206.32
78643,512,3180.12
78643,512,3214.41
78643,512,3205.71
78643,512,3206.59
78643,512,3201.51
78643,512,3209.34
314572,512,11234.8
314572,512,8786.35
78643,512,3210.16
78643,512,2861.21
78643,512,2829.41
78643,512,2852.9
78643,512,2857.33
78643,512,2837.03
78643,512,2861.68
78643,512,2870.05
314572,512,9984.78
314572,512,7973.78
78643,512,2860.12
78643,512,2845.31
78643,512,3005.89
78643,512,2446.06
78643,512,2908.85
78643,512,2845.4
78643,512,3023.1
78643,512,3043.68
314572,512,10980.3
314572,512,8480.17
78643,512,3009.52
78643,512,3077.67
78643,512,3009.74
78643,512,2070.76
78643,512,3081.07
78643,512,3089.06
78643,512,3028.06
78643,512,3067.31
314572,512,10763.2
314572,512,8416.29
78643,512,3093.14
78643,512,3067.07
78643,512,2986.29
78643,512,3008.64
314572,512,10354.9
314572,512,8312.02
78643,512,3068.36
78643,512,3068.13
78643,512,3084.36
78643,512,3087.27
314572,512,10961.3
314572,512,8737.58
78643,512,3031.62
78643,512,3246.25
78643,512,3228.86
78643,512,3211.02
314572,512,11060.3
314572,512,7962.65
78643,512,2926.49
78643,512,2916.47
78643,512,2881.45
78643,512,2925.5
314572,512,10233.9
314572,512,7480.32
78643,512,2911.63
78643,512,2889.73
78643,512,3064.73
78643,512,3235.75
314572,512,10258.7
314572,512,6785.79
78643,512,2892.2
78643,512,2853.96
78643,512,2792.18
78643,512,2834.89
314572,512,10126.9
314572,512,7914.45
78643,512,2852.97
78643,512,2867.47
78643,512,3215.72
78643,512,3242.22
52428,512,2137.26
52428,512,2101.69
52428,512,2154.87
52428,512,2128.88
209715,512,7393.68
209715,512,5830.89
52428,512,2116.49
52428,512,2148.67
52428,512,2147.96
52428,512,2119.44
52428,512,2131.99
52428,512,2113.37
52428,512,2084.25
52428,512,2134.23
209715,512,7387.94
209715,512,5838.32
52428,512,2092.89
52428,512,2107.47
52428,512,2126.57
52428,512,2119.88
52428,512,2134.5
52428,512,2123.3
52428,512,2106.61
52428,512,2130.48
209715,512,7419.64
209715,512,5819.43
52428,512,2136.01
52428,512,2017.29
52428,512,2100.45
52428,512,2123.25
52428,512,2113.26
52428,512,2129.51
52428,512,2129.8
52428,512,2114.59
209715,512,7454.25
209715,512,5857.25
52428,512,2140
52428,512,2175.56
52428,512,2123.32
52428,512,2125.63
52428,512,2107.38
52428,512,2165.29
52428,512,2182.48
52428,512,2169.39
209715,512,7391.32
209715,512,5825.02
52428,512,2125.79
52428,512,2080.41
52428,512,2078.03
52428,512,2189.2
52428,512,2100.97
52428,512,2150.26
52428,512,2135.07
52428,512,2101.23
209715,512,7453.96
209715,512,5809.81
52428,512,2113.62
52428,512,2144.28
52428,512,2089.03
52428,512,2141.12
209716,512,7360.91
209715,512,5788.09
52428,512,2107.46
52428,512,2133.05
52428,512,2183.22
52428,512,2137.51
209715,512,7362.33
209715,512,5843.76
52428,512,2137.03
52428,512,2117.5
52428,512,2131.5
52428,512,2120.85
209715,512,7438.26
209715,512,5821.15
52428,512,2115.86
52428,512,2107.72
52428,512,2119.2
52428,512,2157.43
209715,512,7437.52
209715,512,5832.86
52428,512,2115.7
52428,512,2095.33
52428,512,2137.21
52428,512,2128.56
209715,512,7404
209715,512,5803.23
52428,512,2125.28
52429,512,2137.97
52428,512,2129.61
52428,512,2093.65
209715,512,5955.88
209715,512,5824.53
52428,512,2071.2
52428,512,2124.57
52428,512,2144.17
52428,512,2107.86
26214,512,1047.59
26214,512,1060.54
26214,512,1053.62
26214,512,1066.79
104857,512,3646.39
104857,512,2900.6
26214,512,1071.39
26214,512,1064.34
26214,512,1049.22
26214,512,1055.83
26214,512,1076.41
26214,512,1064.83
26214,512,1039.43
26214,512,1065.82
104857,512,3709.76
104857,512,2910.65
26214,512,1060.63
26214,512,1036.75
26214,512,1072.07
26214,512,1057.51
26214,512,1044.26
26214,512,1064.28
26214,512,1061.36
26214,512,1061.04
104857,512,3666.29
104857,512,2902.77
26214,512,1055.25
26214,512,1058.46
26214,512,1058.23
26214,512,1061.64
26214,512,1049.96
26214,512,1067.87
26214,512,1044.46
26214,512,1047.45
104857,512,3650.77
104857,512,2910.77
26214,512,1053.08
26214,512,948.692
26214,512,958.606
26214,512,955.609
26214,512,958.217
26214,512,947.583
26214,512,948.929
26214,512,959.33
104857,512,3714.67
104857,512,2918.9
26214,512,1073.33
26214,512,1075.36
26214,512,1086.98
26214,512,1089.1
26214,512,1091.4
26214,512,1069.94
26214,512,1075.92
26214,512,1097.67
104857,512,3631.14
104857,512,2910.59
26214,512,1079.23
26214,512,1094.77
26214,512,1085.42
26214,512,1083.17
104857,512,3680.83
104857,512,2900.36
26214,512,1080.35
26214,512,1097.31
26214,512,1061.53
26214,512,1073.61
104857,512,3702.49
104857,512,2910.07
26214,512,1059.89
26214,512,1072.3
26214,512,1065.42
26214,512,1082.97
104857,512,3709.86
104857,512,2915.48
26214,512,1079.32
26214,512,1073.07
26214,512,1074.27
26214,512,1086.4
104857,512,3684.99
104857,512,2923.53
26214,512,1079.84
26214,512,1078.86
26214,512,1075.35
26214,512,1080.53
104857,512,3700
104857,512,2927.01
26214,512,1049.73
26214,512,1078.92
26214,512,1074.31
26214,512,1061.24
104857,512,3703.41
104857,512,2929.72
26214,512,1076.5
26214,512,1074.08
26214,512,1071.67
26214,512,1081.19
13107,512,539.001
13107,512,540.241
13107,512,538.932
13107,512,544.137
52428,512,1854.03
52428,512,1467.48
13107,512,539.921
13107,512,538.555
13107,512,539.383
13107,512,538.047
13107,512,531.192
13107,512,536.392
13107,512,539.917
13107,512,542.708
52428,512,1850.45
52428,512,1459.35
13107,512,540.551
13107,512,541.042
13107,512,538.749
13107,512,543.26
13107,512,539.383
13107,512,536.523
13107,512,547.415
13107,512,540.296
52428,512,1854.19
52428,512,1468.24
13107,512,537.355
13107,512,541.878
13107,512,536.54
13107,512,535.386
13107,512,539.22
13107,512,538.462
13107,512,541.143
13107,512,534.761
52428,512,1840.22
52428,512,1457.77
13107,512,525.65
13107,512,536.43
13107,512,539.494
13107,512,538.853
13107,512,540.237
13107,512,542.659
13107,512,539.987
13107,512,532.095
52428,512,1864.01
52428,512,1457.9
13107,512,538.4
13107,512,537.62
13107,512,535.889
13107,512,542.378
13107,512,531.963
13107,512,539.685
13107,512,541.004
13107,512,535.755
52428,512,1849.97
52428,512,1463.67
13107,512,540.906
13107,512,538.846
13107,512,539.918
13107,512,544.551
52428,512,1828.76
52428,512,1458.75
13107,512,537.592
13107,512,534.748
13107,512,534.145
13107,512,538.742
52428,512,1832.06
52428,512,1462.27
13107,512,471.101
13107,512,472.62
13107,512,478.748
13107,512,479.468
52428,512,1691.21
52428,512,1330.75
13107,512,478.469
13107,512,475.918
13107,512,475.475
13107,512,478.06
52428,512,1697.51
52428,512,1338.87
13107,512,480.39
13107,512,485.402
13107,512,472.457
13107,512,478.549
52428,512,1689.25
52428,512,1327.21
13107,512,481.248
13107,512,481.217
13107,512,482.765
13107,512,488.714
52428,512,1675.75
52428,512,1321.82
13107,512,472.886
13107,512,479.577
13107,512,478.426
13107,512,536.646
5242,512,212.533
5242,512,211.308
5242,512,206.318
5242,512,208.524
20971,512,727.027
20971,512,583.156
5242,512,212.428
5242,512,214.153
5242,512,209.319
5242,512,213.242
5242,512,208.697
5242,512,210.547
5242,512,211.146
5242,512,207.931
20971,512,730.748
20971,512,582.71
5242,512,211.86
5242,512,211.235
5242,512,208.052
5242,512,211.1
5242,512,211.636
5242,512,214.937
5242,512,210.58
5242,512,216.799
20971,512,727.165
20971,512,574.128
5242,512,213.447
5242,512,213.632
5242,512,188.582
5242,512,194.839
5242,512,193.851
5242,512,194.947
5242,512,211.736
5242,512,196.126
20971,512,683.39
20971,512,580.515
5242,512,210.382
5242,512,189.952
5242,512,192.213
5242,512,196.11
5242,512,213.413
5242,512,214.063
5242,512,192.968
5242,512,212.866
20971,512,747.134
20971,512,586.994
5242,512,195.777
5242,512,193.27
5242,512,194.64
5242,512,194.226
5242,512,219.368
5242,512,212.007
5242,512,215.98
5242,512,213.488
20971,512,669.292
20971,512,529.408
5242,512,188.832
5242,512,188.864
5242,512,210.857
5242,512,209.391
20971,512,731.593
20971,512,580.236
5242,512,214.182
5242,512,213.165
5242,512,207.233
5242,512,208.951
20971,512,735.497
20971,512,582.526
5242,512,214.234
5242,512,192.118
5242,512,191.858
5242,512,191.902
20971,512,670.586
20971,512,528.855
5242,512,189.107
5242,512,191.463
5242,512,190.703
5242,512,213.232
20971,512,743.92
20971,512,584.011
5242,512,207.863
5242,512,210.951
5242,512,209.499
5242,512,214.585
20971,512,741.38
20971,512,583.09
5242,512,214.517
5242,512,217.321
5242,512,191.01
5242,512,194.731
20971,512,679.745
20971,512,534.508
5242,512,194.843
5242,512,192.697
5242,512,193.712
5242,512,194.028
144656,512,5289.31
145219,512,5396.18
143086,512,5257.07
134140,512,4934.25
617373,512,20179.2
511909,512,13099.5
152784,512,5447.51
177501,512,6355.88
138819,512,5029.33
175788,512,6341.49
148318,512,5411.37
146820,512,5966.7
139898,512,5672.78
135158,512,5468.28
605239,512,21101.1
498916,512,13747.9
135302,512,5487.67
167130,512,6676.52
127129,512,5191.25
160282,512,6494.94
137228,512,5554.88
141001,512,5652.9
127709,512,5159.89
127997,512,5181.77
614701,512,19818.6
495116,512,12525.7
141404,512,5114.15
162547,512,5873.13
133241,512,5416.2
157924,512,6515.61
140148,512,5672.21
155781,512,6351.24
131610,512,5247.9
141524,512,5739.96
622718,512,21795.8
500156,512,13938.4
145809,512,6016.38
161899,512,6533.46
134961,512,5457.55
157923,512,6306
144846,512,5816.78
169827,512,6758.36
137419,512,5520.18
157723,512,6418.27
638805,512,22290.8
520728,512,14405.5
138115,512,5580.09
151839,512,6151.29
128572,512,5239.72
149774,512,4373.26
147527,512,6006.22
166724,512,6762.36
145068,512,5839.07
157919,512,6200.8
662743,512,23343.7
529525,512,14656.5
123866,512,5053.21
147677,512,5951.42
110753,512,4502.9
145625,512,5944.33
485342,512,16985.4
372276,512,10332.7
137762,512,5643.78
152588,512,6135.69
124825,512,5068.81
152847,512,6222.7
472169,512,16383.3
364688,512,10111.1
105892,512,4340.64
152424,512,6099.97
96613,512,3884.65
141359,512,5639.27
498329,512,17488
374306,512,10378
111037,512,4550.35
141993,512,5627.49
105115,512,4311.36
131116,512,5281.08
521358,512,18392.9
382228,512,10632
112897,512,4563.77
135583,512,5532.59
105657,512,4268.46
124591,512,4998.89
524195,512,18401.9
379576,512,10538.4
123414,512,4927.91
142424,512,5785.77
114404,512,4612.95
133618,512,5455.01
518126,512,18182.7
360766,512,10048.9
127963,512,5243.61
137811,512,5622.25
119801,512,4857.96
131226,512,5269.23
110054,512,4435.82
100849,512,4062.96
69340,512,2785.54
69926,512,2548.5
520881,512,18365.9
420270,512,11688
176573,512,7130.16
164906,512,6702.81
119346,512,4871.05
163179,512,6580.96
131179,512,5257.34
106332,512,4257.19
80702,512,3214.12
75910,512,3085.11
434108,512,15204.3
364167,512,10079.8
115824,512,4712.33
118372,512,4765.77
73184,512,2935.73
95756,512,3826.39
132447,512,5355.76
106685,512,4288.06
85843,512,3435.01
78662,512,3163.82
451905,512,15814.6
377715,512,10480.5
131164,512,5328.96
130939,512,5343.7
81929,512,3313.27
114764,512,4647.29
133557,512,5423.88
114906,512,4630.07
86931,512,3499.26
87415,512,3560.4
480220,512,16980.3
389027,512,10831.3
144587,512,5880.02
131025,512,5325.51
92656,512,3742.68
115987,512,4574.04
144703,512,5895.75
128707,512,5235.55
97146,512,3916.02
100981,512,4058.52
519534,512,18369.5
435213,512,12105.5
151362,512,6167.5
131393,512,5361.92
95590,512,3836.09
119793,512,4906.5
145197,512,5782.44
145080,512,5837.2
101998,512,4151.93
112628,512,4573.26
562881,512,19832.5
463789,512,12877.2
130724,512,5365.2
106538,512,4358.44
68242,512,2776.34
94758,512,3885.22
464225,512,16251.1
348379,512,9669.05
157973,512,6444.71
128921,512,5243.02
96673,512,3990.01
122165,512,4909.12
225571,512,7810.63
205326,512,5660.65
65235,512,2404.04
83880,512,3079.67
37002,512,1366.5
58084,512,2158.23
281342,512,10119.8
253598,512,7095.33
84469,512,3474.75
98998,512,4009.23
45258,512,1836.41
74105,512,3076.69
291371,512,10158.4
256402,512,7174.31
109587,512,4517.19
99608,512,4036.59
60842,512,2473.46
76770,512,2839.34
301623,512,9786.85
236448,512,6028.54
116101,512,4694.42
93737,512,3435.71
69341,512,2551.98
72872,512,2697.7
266304,512,8656.46
179846,512,4595.16
118976,512,4405.32
87654,512,3505.33
69802,512,2744.87
68146,512,2797.9
69048,512,2851.9
70699,512,2589.22
55824,512,2039.77
51977,512,1871.16
440834,512,15467.3
349724,512,9706.13
142988,512,5828.81
140146,512,5692.51
102718,512,4156.31
144324,512,5905.92
90907,512,3648.32
79001,512,3176.38
71333,512,2922.85
59864,512,2433.12
350127,512,12420.3
278118,512,7758.5
77453,512,3110.62
97490,512,3886.75
58782,512,2386.62
79224,512,3159.93
72798,512,2955.23
80140,512,3259.59
60387,512,2439.42
59524,512,2417.95
377531,512,13081.5
301616,512,8403.02
85602,512,3469.75
106244,512,4326.86
64319,512,2585.98
92139,512,3800.82
80374,512,3236.04
91729,512,3707.53
68532,512,2763.93
70060,512,2829.35
413100,512,14588.8
326865,512,9113.84
100219,512,4034.17
112406,512,4488.44
76218,512,3150.7
99957,512,4021.61
89251,512,3585.03
113306,512,4552.99
75834,512,3079.44
88878,512,3597.91
454699,512,15898.9
370593,512,10247.4
99341,512,4040.31
113026,512,4547.16
75788,512,3064.35
103039,512,4100.9
95971,512,3837.95
126777,512,5139.69
84980,512,3472.91
99415,512,4059.26
483495,512,16694.2
392291,512,10862.7
78700,512,3226.5
89338,512,3643.4
60344,512,2448.82
81600,512,3294.06
377485,512,13192.4
263284,512,7317.48
125652,512,5114.56
98723,512,3913.7
91651,512,3673.25
101724,512,4081.38
139876,512,4853.25
104165,512,2898.58
40729,512,1653.86
59136,512,2357.6
32292,512,1295.73
38547,512,1566.17
194581,512,6851.07
150283,512,3533.38
42786,512,1569.85
66156,512,2719.01
33491,512,1388.1
47033,512,1717.05
247017,512,7929.8
179358,512,4972.33
55210,512,2234.71
68722,512,2678.22
40973,512,1658.52
52095,512,2091.77
248270,512,8663.39
172574,512,4784.28
71451,512,2914.34
73260,512,2929.23
54975,512,2220.15
59423,512,2426.02
222621,512,7734.17
136351,512,3776.86
74612,512,3062.14
68003,512,2761.96
58713,512,2357.27
55485,512,2231.66
55839,512,2285.34
47152,512,1916.46
40749,512,1627.33
31688,512,1305.19
246942,512,8668.57
187181,512,5177.34
108105,512,4387.27
107497,512,4382.04
65349,512,2657.36
112066,512,4529.43
53552,512,2171.42
46022,512,1886.27
38979,512,1546
28332,512,1155.61
181465,512,6412.43
138731,512,3851.35
44787,512,1829.81
56702,512,2270.88
30654,512,1248.15
40235,512,1630.39
49209,512,1999.33
55295,512,2264.16
37240,512,1530.71
33400,512,1378.39
209478,512,7273.1
170877,512,4739.63
59402,512,2404.36
78627,512,3185.82
40400,512,1655.29
58892,512,2397.59
51857,512,2107.04
60576,512,2419.09
42887,512,1710.89
40323,512,1626.58
249613,512,8740.66
196462,512,5469.03
65126,512,2649.37
73887,512,3002.43
44367,512,1785.48
60688,512,2476.49
60021,512,2442.95
83964,512,3432.03
47934,512,1944.84
56646,512,2284.59
302452,512,10421.8
246814,512,6828.03
65341,512,2675.94
81599,512,3281.93
45839,512,1867.06
66444,512,2674.64
63673,512,2564.58
94580,512,3831.84
54191,512,2200.17
65642,512,2676.74
343356,512,11985.5
257197,512,7114.69
41783,512,1721.26
52641,512,2166.52
29547,512,1203.87
42360,512,1696.9
216719,512,7575.92
149618,512,4135.65
81604,512,3319.53
64242,512,2599.33
43030,512,1758.57
61783,512,2513.76
48481,512,1710.46
38360,512,1066.94
18164,512,739.864
29508,512,1182.66
13422,512,544.496
18682,512,737.108
101911,512,3527.13
82333,512,2285.3
19741,512,803.587
38241,512,1523.79
15129,512,617.168
25640,512,1046.07
114133,512,4032.56
85304,512,2373.62
36347,512,1489.35
44755,512,1804.02
25265,512,1009.74
30012,512,1206.29
115983,512,4007.16
83975,512,2332.01
48912,512,1996.94
44247,512,1799.84
33185,512,1361.32
27808,512,1123.4
83494,512,2859.72
48292,512,1338.7
42541,512,1695.05
43863,512,1747.81
30263,512,1226.6
31688,512,1310.26
34247,512,1374.1
19404,512,792.966
16396,512,664.828
11969,512,484.152
104673,512,3635.9
81975,512,2276.88
97078,512,3900.6
69893,512,2838.51
25760,512,1041.09
69617,512,2776.94
48869,512,1984.64
21820,512,876.845
15338,512,614.626
10662,512,434.261
41663,512,1434.1
36012,512,996.041
42364,512,1736.07
32657,512,1334.57
13187,512,536.06
17178,512,685.774
50871,512,2040.66
27364,512,1122.16
15168,512,611.659
13381,512,538.518
52212,512,1812.73
48390,512,1343.81
55223,512,2256.65
42626,512,1717.85
15872,512,654.777
24727,512,1005.53
54011,512,2166.37
38147,512,1565.43
17464,512,701.621
16461,512,664.445
72869,512,2556.92
71587,512,1989.54
66349,512,2719.88
49036,512,1983.02
18628,512,766.2
30148,512,1234.09
63533,512,2554.2
47347,512,1940.36
19514,512,792.914
23243,512,926.022
100398,512,3540.67
85572,512,2370.1
58607,512,2402.57
37223,512,1496.25
14595,512,594.327
23119,512,950.458
70285,512,2821.22
56422,512,2256.63
21842,512,871.828
27155,512,1095.11
130289,512,4460.76
90678,512,2519.22
48564,512,2011.09
26377,512,1086.82
9201,512,371.528
16237,512,655.817
58872,512,2075.64
55804,512,1546.41
69433,512,2837.42
57004,512,2291.26
12532,512,498.848
53312,512,2159.36
19051,512,657.7
20119,512,556.86
10834,512,440.563
21594,512,863.793
3649,512,146.722
14972,512,597.081
19537,512,680.453
20744,512,573.695
32975,512,1342.9
19159,512,765.269
8520,512,339.375
9463,512,384.392
21054,512,738.672
21606,512,600.175
19284,512,785.019
16852,512,673.659
5429,512,219.866
8863,512,361.545
20900,512,728.969
18007,512,499.503
29744,512,1209.55
15941,512,639.968
7369,512,297.664
9554,512,385.23
16100,512,568.145
9871,512,272.54
32053,512,1306.61
18132,512,732.8
7471,512,303.666
12811,512,526.975
17538,512,708.083
9689,512,393.028
9630,512,386.817
5732,512,232.743
49727,512,1724.55
41575,512,1149.75
60339,512,2399.25
33846,512,1366.16
10762,512,436.04
34845,512,1440.95
27165,512,1088.23
12022,512,492.847
7018,512,285.172
4981,512,203.253
18329,512,639.149
18724,512,519.631
20384,512,826.691
20795,512,830.544
5704,512,228.09
9461,512,378.741
21954,512,880.516
12498,512,494.273
5460,512,219.904
4860,512,195.545
19355,512,681.949
20125,512,557.46
29397,512,1193.45
26491,512,1070.23
6978,512,278.265
12252,512,503.237
23425,512,944.128
20550,512,828.524
6200,512,251.671
7340,512,296.539
25190,512,886.679
29575,512,818.862
33448,512,1363.09
35320,512,1417.03
8490,512,338.753
16466,512,675.173
25495,512,1034.52
36244,512,1479.13
7017,512,283.279
11888,512,486.046
33082,512,1148.02
44738,512,1235.47
25079,512,1027.84
31458,512,1267.4
6391,512,252.862
14370,512,583.102
44130,512,1781.25
37424,512,1382.36
10100,512,408.385
15476,512,622.738
42127,512,1465.8
29857,512,827.881
18768,512,765.484
14559,512,585.139
3701,512,146.073
9011,512,358.401
26707,512,931.754
26895,512,745.782
46041,512,1878.29
39819,512,1556.7
5371,512,215.052
35052,512,1397.92
3789,512,130.206
3298,512,91.3214
10357,512,420.317
5954,512,238.545
2109,512,85.2611
2920,512,118.802
3678,512,128.469
3035,512,83.9238
3920,512,160.438
6539,512,261.598
1294,512,52.0521
3906,512,152.896
6591,512,232.411
6228,512,172.911
10973,512,447.532
10235,512,413.423
2888,512,116.237
6614,512,263.583
5856,512,205.523
5056,512,140.888
21060,512,855.462
9576,512,385.209
4067,512,164.646
4228,512,171.734
4933,512,172.541
2797,512,77.8506
16062,512,651.313
8583,512,337.072
3442,512,140.007
6578,512,268.437
0,512,0
929,512,37.164
0,512,0
246,512,9.99543
14047,512,490.856
20596,512,572.924
22905,512,934.749
27236,512,1094.5
5473,512,217.24
25435,512,1021.78
0,512,0
77,512,3.12047
0,512,0
19,512,0.777802
1932,512,67.8073
1833,512,51.0814
8299,512,338.94
20258,512,816.418
4656,512,185.999
6968,512,280.175
39,512,1.55068
6,512,0.236405
8,512,0.32851
20,512,0.81843
1005,512,35.0325
960,512,26.7514
15889,512,642.641
26465,512,1074.22
4629,512,185.061
9380,512,377.059
2992,512,119.466
1844,512,74.7718
640,512,25.9085
401,512,16.1978
1423,512,49.8757
1698,512,47.0817
13471,512,548.731
25799,512,1038.69
5084,512,205.392
10880,512,446.359
10658,512,429.631
7785,512,313.132
5360,512,218.341
2762,512,101.77
1185,512,41.6113
1198,512,31.0013
4459,512,165.082
4413,512,166.323
1897,512,70.9801
1883,512,70.1618
30410,512,1127.16
23696,512,880.979
14210,512,523.283
7168,512,270.712
1373,512,44.8915
1671,512,42.7802
5531,512,205.975
2353,512,86.3694
2904,512,106.768
743,512,27.156
0,512,0
0,512,0
9554,512,396.604
19357,512,798.103
5442,512,224.391
13274,512,546.902
0,512,0
0,512,0
1670,512,65.3876
1644,512,65.6062
1203,512,48.3664
301,512,12.4079
159,512,5.58749
274,512,7.68123
87,512,3.57384
193,512,7.9696
15,512,0.558071
19,512,0.713598
0,512,0
0,512,0
0,512,0
0,512,0
0,512,0
0,512,0
0,512,0
0,512,0
0,512,0
0,512,0
0,512,0
0,512,0
0,512,0
0,512,0
0,512,0
0,512,0
0,512,0
0,512,0
