128761,512,7036.25
132877,512,7337.23
142349,512,7858.02
122501,512,7109.7
657561,512,22084.3
587093,512,13703
158760,512,9152.76
161312,512,9335.37
154701,512,8949.87
163812,512,9479.88
138452,512,7977.66
140197,512,8092.63
139415,512,8058.76
130440,512,7542.08
615379,512,20646.5
552458,512,10245
122396,512,5863.16
163814,512,8545.42
119017,512,6340.71
156550,512,8367.06
130692,512,7283
144385,512,8065.79
131820,512,7345.6
133155,512,7399.44
629035,512,20573.4
550086,512,12596.3
129969,512,7254.65
164324,512,9119
131426,512,5755.63
157607,512,8768.14
132401,512,7371.88
158040,512,8756
136023,512,7575.92
146596,512,8142.4
640824,512,20470.9
560424,512,12844.8
133334,512,7436.18
165516,512,9183
134172,512,7464.12
161231,512,8989.76
128782,512,7162.78
171580,512,9522.32
135490,512,7533.71
157572,512,8727.27
655737,512,21464.1
588044,512,13484.1
125661,512,6992.59
154825,512,8577.5
127452,512,7090.59
153730,512,8569.06
129316,512,7202.56
176891,512,9851.58
141501,512,7891.87
161782,512,8978.16
673253,512,22022.5
611291,512,13981.7
102691,512,5704.92
136832,512,7599.81
105460,512,5899.61
134494,512,7507.03
546132,512,17938.5
478771,512,10928.3
126309,512,7015.54
127433,512,7027.1
124950,512,6955.33
136926,512,7613.03
512834,512,16794.6
430911,512,9869.76
89535,512,4968.74
142150,512,7912.69
83912,512,4673.35
126151,512,6020.1
526135,512,16858.1
434134,512,9943.55
100634,512,5597.01
132334,512,7397.04
96583,512,5374.69
120956,512,6729.31
527460,512,17293.6
428269,512,9837.24
103808,512,5770.23
127274,512,7090.18
102659,512,5696.91
119034,512,6635.01
529427,512,17412.2
424951,512,9696.54
117377,512,5589.39
122898,512,6307.53
114955,512,6119.57
118573,512,6322.17
504860,512,16555.6
400093,512,9162.78
115234,512,6380.52
120376,512,6711.98
114692,512,6357.55
119087,512,6650.89
82388,512,4591.31
95040,512,5299.1
95047,512,5273.03
81972,512,3902.62
559163,512,17898.7
479025,512,10968
123005,512,6852.9
134139,512,7480.75
117970,512,6577.6
136606,512,7654.96
108827,512,6067.82
113602,512,6321.72
110167,512,6135.58
103331,512,5739.13
500782,512,16445.7
433174,512,9546.64
83660,512,4565.59
139159,512,7709.72
79680,512,4433.95
128804,512,7456.31
93269,512,5391.28
116477,512,6730.66
96336,512,4591.84
100708,512,5151.27
513866,512,16430.7
431100,512,9869.57
94610,512,5257.54
138919,512,7709.37
97046,512,5432.1
129913,512,7233.41
91737,512,5134.66
128003,512,7121.06
97528,512,5421.1
111611,512,6200.52
530735,512,17397.9
446252,512,10185.1
96734,512,5399.62
139126,512,7718.65
97673,512,4478.33
132027,512,6688.47
99926,512,5302.57
146522,512,7841.97
105672,512,5684.45
131348,512,7307.02
560299,512,18376.6
483219,512,11048.9
99871,512,5454.42
139835,512,7800.86
100632,512,5601.57
135476,512,7059.56
100073,512,5240.85
158983,512,8577.68
110849,512,6134.59
140232,512,7760.77
584554,512,19648.8
515851,512,12006.1
72786,512,4192.94
111169,512,6411.26
75465,512,4354.48
108697,512,6275.82
418763,512,14108.9
331624,512,7430.36
104724,512,5768.24
104369,512,5793.41
100685,512,5766.72
114837,512,6626.32
384080,512,12886.5
294467,512,6872.09
52376,512,3030.91
108226,512,6277.51
49216,512,2843.99
88225,512,5105.53
390912,512,13124.2
292071,512,6545
68275,512,3743.06
97898,512,5449.29
65237,512,3632.2
82951,512,4636.77
395711,512,13001.4
291221,512,6670.87
71474,512,3984.03
99155,512,5511.54
69597,512,3879.37
91595,512,5279.21
386282,512,12949.3
286061,512,6663.4
74946,512,4330.9
93347,512,5395.79
73526,512,4258.64
87577,512,5065.1
372892,512,12527.7
268393,512,6262.93
83966,512,4104.95
91238,512,4692.3
82765,512,4253.09
85516,512,4420.69
48820,512,2606.45
61079,512,3263.64
59699,512,3321.29
49720,512,2766.07
457008,512,15006
380232,512,8712.82
100329,512,5589.37
112503,512,6251.75
94479,512,5257.83
114846,512,6376.53
82527,512,4591.3
86541,512,4825.23
84021,512,4687.29
74658,512,4155.94
371268,512,12492
296938,512,6921.6
59207,512,3433.35
110975,512,5363.79
55989,512,2762.01
99131,512,5245.17
59373,512,3164.01
88269,512,4698.8
64712,512,3062.59
69763,512,3587.6
383955,512,12230.2
302682,512,6930.3
75307,512,4189.48
120987,512,6717.9
74395,512,4145.69
110489,512,6131.64
69106,512,3273.64
107546,512,5474.52
74384,512,3954.43
86780,512,4644.49
406737,512,13341.7
316678,512,7240.88
75207,512,4156.38
115311,512,6400.84
77122,512,4301.22
106452,512,5912.57
75019,512,4189.92
125521,512,6989.06
83525,512,4640.41
105434,512,5883.3
445126,512,14627.7
360576,512,8081.92
66207,512,3493.75
107436,512,5730.03
69103,512,3864.76
100659,512,5621.9
80509,512,4471.37
140067,512,7800.95
94610,512,5266.32
117697,512,6582.5
469702,512,15445.6
393501,512,9031.2
53044,512,2946.74
91720,512,5102.79
54347,512,3013.5
87767,512,4882.44
319674,512,10460.4
246891,512,5639.37
64552,512,3593.15
73664,512,4119.92
61364,512,3283.23
83434,512,4657.39
237924,512,7806.98
152630,512,3497.9
32419,512,1806.61
75766,512,4216.18
30510,512,1699.7
57281,512,3196.43
239685,512,7879.02
155797,512,3568.83
43886,512,2453.09
73089,512,4073.06
39292,512,2179.98
62094,512,3465.07
241817,512,7947.84
154531,512,3533.74
49628,512,2862.16
57036,512,3281.68
48540,512,2789.69
49310,512,2858.56
219154,512,7366.47
147362,512,3428.24
33528,512,1581.93
53373,512,2622.82
34631,512,1841.14
44365,512,2363.54
195846,512,6418.97
120625,512,2772.31
54241,512,3031.9
71756,512,4008.72
51254,512,2864.91
64594,512,2933.38
45935,512,2255.59
46296,512,2409.92
52919,512,2808.99
38370,512,2047.44
331367,512,10857.2
265406,512,6082.32
65174,512,3640.03
85635,512,4766.9
59884,512,3334.36
89665,512,4984.17
45262,512,2523.74
57303,512,3189.68
48014,512,2676.32
44781,512,2489.87
250381,512,8217.41
189258,512,4237.2
40322,512,2151.14
85967,512,4809.35
36932,512,2064.99
74639,512,4144.39
44052,512,2454.92
61540,512,3432.24
47508,512,2650.38
46746,512,2592.05
265383,512,8720.95
195030,512,4467.54
42118,512,2339.3
91334,512,5099.75
42774,512,2389.63
79227,512,4422.43
38467,512,2144.11
71031,512,3970.44
44005,512,2453.54
53746,512,2988.28
283233,512,9292.6
202509,512,4724.36
46461,512,2691.08
78908,512,4547.86
48194,512,2788.25
72580,512,4204.84
43854,512,2532.68
96524,512,5566.66
51673,512,2986.05
76538,512,4428.01
320489,512,10803.6
247453,512,5772.11
40847,512,2376.93
81975,512,3900.79
42541,512,2178.75
75412,512,4043.72
49860,512,2660.69
110313,512,6157.59
61547,512,3423.09
88378,512,4927.78
345592,512,11331
274829,512,6128.4
25374,512,1355.1
60536,512,3236.28
25890,512,1439.12
57422,512,3218.64
209395,512,6876.74
151186,512,3467.98
32695,512,1832.65
42140,512,2350.19
30524,512,1695.35
49135,512,2738.88
126254,512,4145.63
76575,512,1753.28
17164,512,957.013
52044,512,2765.41
14299,512,766.081
37690,512,2093.93
146819,512,4832.8
84761,512,1948.49
23183,512,1294.48
49133,512,2739.58
21266,512,1189.33
36818,512,2041.55
144374,512,4742.12
87498,512,2010.31
20567,512,1147.36
39685,512,2210.81
19186,512,1068.27
32050,512,1789.44
133310,512,4377.25
81004,512,1851.54
25603,512,1429.13
40168,512,2238.3
23381,512,1307.24
32959,512,1846.91
117647,512,3866.76
69633,512,1595.82
23953,512,1339.21
31670,512,1773.18
22904,512,1281.37
28133,512,1572.57
34335,512,1912.87
29747,512,1651.75
42332,512,2364.92
23730,512,1328.29
165318,512,5436.27
114116,512,2622.45
34464,512,1919.4
60724,512,3389.42
30956,512,1781.18
62144,512,3593.12
27947,512,1613.59
32084,512,1864.34
31500,512,1493.63
26063,512,1335.89
144805,512,4629.32
93516,512,2147.03
19984,512,1115.5
51570,512,2882.57
18956,512,1052.25
45617,512,2543.38
17384,512,965.001
30722,512,1703
20613,512,1147.72
23618,512,1311.36
150601,512,4928.89
91018,512,2121.63
22986,512,1329.07
50560,512,2920.89
23332,512,1351.03
48332,512,2788.98
18710,512,885.688
48771,512,2489.05
22976,512,1221.74
37207,512,1995.05
158689,512,5208.94
91220,512,2090.1
25803,512,1439.5
51980,512,2908.82
27000,512,1499.99
50793,512,2810.08
22110,512,1232.13
70194,512,3907.41
27829,512,1551.66
55987,512,3114.69
166966,512,5609.47
100492,512,2343.83
16560,512,958.37
39864,512,2304.95
17972,512,1041.25
38720,512,2242.67
24537,512,1417.88
65081,512,3761.92
35051,512,2015.59
54980,512,3184.34
189128,512,6361.48
109440,512,2553.14
6244,512,361.229
26927,512,1558.73
7420,512,429.162
26093,512,1500.89
53227,512,1793.63
34630,512,806.462
13396,512,635.334
27558,512,1402.8
12282,512,655.883
32402,512,1734.59
59715,512,1961.72
31978,512,734.274
8006,512,447.123
25723,512,1425.88
7531,512,418.401
18901,512,1054.74
73174,512,2405.12
37471,512,858.445
7276,512,405.13
25171,512,1402.23
6459,512,358.75
19734,512,1107.09
77994,512,2492.26
38793,512,888.315
11015,512,612.456
24419,512,1360.37
10472,512,583.242
20582,512,1147.3
70998,512,2333.14
35760,512,835.014
8285,512,417.276
20839,512,1049.58
7826,512,409.541
17985,512,958.682
61917,512,2026.48
28848,512,648.272
11904,512,663.911
21574,512,1201.24
11724,512,654.459
20289,512,1132.26
13591,512,756.541
11834,512,660.196
18364,512,1021.95
8842,512,492.313
107573,512,3533.28
80849,512,1854.11
16771,512,935.117
28842,512,1605.42
13807,512,769.388
31600,512,1764.9
13156,512,736.626
15612,512,869.751
15414,512,856.35
10938,512,610.732
48981,512,1605.92
34082,512,763.729
7091,512,379.401
27698,512,1540.12
6302,512,351.081
21599,512,1203.97
6119,512,341.362
11183,512,624.761
7324,512,407.243
7750,512,431.155
55048,512,1801.88
35955,512,825.789
8454,512,471.756
27387,512,1527.9
8560,512,480.491
22070,512,1227.15
7508,512,419.329
18737,512,1043.29
9838,512,548.227
12906,512,719.581
63204,512,2071.96
40951,512,918.297
10143,512,567.893
31538,512,1752.11
10640,512,595.235
26736,512,1496.17
10085,512,563.581
31635,512,1760.45
12905,512,715.17
23675,512,1315.26
75648,512,2484.33
51508,512,1179.36
8793,512,492.352
23635,512,1317.51
8673,512,485.195
20949,512,1168.39
11498,512,641.474
50919,512,2824.79
15955,512,886.406
35619,512,1988.23
90763,512,2976.81
66881,512,1494.7
2012,512,107.482
9731,512,543.955
2143,512,119.42
8160,512,454.823
53936,512,1772.4
37885,512,865.636
4860,512,271.81
8693,512,486.055
4594,512,255.925
10765,512,599.389
19771,512,650.147
11460,512,262.962
3116,512,173.254
17085,512,949.169
2706,512,149.999
11679,512,650.823
21492,512,685.107
12675,512,291.111
3128,512,174.502
8602,512,479.893
2649,512,147.988
5842,512,326.549
21069,512,691.459
12926,512,296.194
3130,512,174.275
8456,512,470.694
2888,512,160.983
5920,512,330.652
16569,512,545.11
10555,512,242.172
3975,512,221.141
9829,512,547.883
3688,512,207.079
6880,512,327.929
14652,512,467.371
9374,512,215.1
2878,512,160.651
5607,512,312.023
2627,512,146.434
4187,512,232.668
7994,512,444.61
6230,512,347.663
10825,512,602.903
4266,512,237.14
37336,512,1222.34
28863,512,661.594
5646,512,315.409
17872,512,995.665
4679,512,260.742
21603,512,1150.67
5126,512,285.883
5757,512,320.817
6474,512,361.377
3865,512,215.25
18332,512,601.44
14699,512,336.018
3668,512,205.035
11791,512,655.791
3797,512,211.304
10070,512,559.29
3401,512,189.635
5162,512,287.42
4111,512,229.725
3691,512,204.779
13036,512,427.549
9863,512,225.959
4359,512,242.971
13924,512,804.189
4174,512,242.457
11995,512,695.773
3302,512,192.199
7543,512,436.762
4222,512,243.695
6012,512,347.421
12635,512,397.511
9668,512,222.251
4405,512,246.09
10699,512,595.543
4559,512,253.838
9516,512,530.283
4352,512,243.07
15753,512,880.288
5559,512,309.341
12052,512,669.76
14538,512,476.194
11200,512,250.899
2258,512,124.615
8183,512,454.758
2408,512,134.004
6857,512,382.986
4500,512,251.817
23566,512,1318.37
5989,512,332.267
17053,512,948.708
17556,512,574.943
14256,512,326.747
742,512,41.4291
2728,512,151.686
806,512,44.5682
2370,512,131.631
21989,512,720.957
16969,512,387.557
1040,512,57.7939
6990,512,388.125
971,512,54.108
10210,512,569.9
4276,512,140.126
3145,512,71.7867
1083,512,60.4865
7508,512,418.405
989,512,55.2809
5246,512,292.486
3167,512,103.55
2309,512,52.7587
1566,512,86.8833
4323,512,239.903
1368,512,76.1065
3317,512,176.63
2099,512,68.8079
1606,512,36.8092
1259,512,69.9816
3983,512,220.299
1243,512,68.4467
2880,512,160.223
1483,512,48.6955
1166,512,26.6852
827,512,45.9841
1872,512,104.727
712,512,39.5793
1394,512,77.4897
1887,512,61.6046
1200,512,26.7649
419,512,22.3603
812,512,45.2613
391,512,21.7519
645,512,35.9138
131072,512,7259.74
131072,512,7279.9
131072,512,7273.71
131072,512,7322.22
524288,512,17178.1
524288,512,12019.6
131072,512,7251.7
131072,512,7320.24
131072,512,7312.58
131072,512,7286.09
131072,512,7316.34
131072,512,7269.61
131072,512,7314.24
131072,512,7298.14
524288,512,17014.1
524288,512,12196.9
131072,512,7554.94
131072,512,7574.11
131072,512,7581.23
131072,512,7550.52
131071,512,7584.8
131072,512,7565.57
131072,512,7554.39
131072,512,6220.75
524288,512,16742.3
524288,512,12001.5
131072,512,7283.81
131072,512,7269.61
131072,512,7279.83
131072,512,7289.83
131072,512,7322.6
131072,512,7291.98
131072,512,7271.63
131072,512,7277.69
524288,512,17190.2
524287,512,12016.7
131072,512,7324.71
131072,512,7310.09
131072,512,7320.49
131072,512,7293.82
131072,512,7314.62
131072,512,7326.69
131072,512,7290.02
131072,512,7285.59
524288,512,17167.3
524288,512,12018.2
131072,512,7326.63
131072,512,7330.73
131072,512,7318.38
131072,512,7316.21
131072,512,7298.07
131072,512,7322.41
131072,512,7287.8
131072,512,7300.11
524288,512,17144.7
524288,512,12011.3
131072,512,7351.35
131072,512,7330.41
131072,512,7304.05
131072,512,7347.16
524288,512,14324.5
524288,512,11721.2
131072,512,7094.51
131072,512,7289.83
131072,512,7293.82
131072,512,7319.79
524288,512,17229.4
524288,512,12190.3
131072,512,6203.09
131072,512,6694.14
131072,512,6994.25
131072,512,6977.49
524288,512,17176.1
524288,512,12003.1
131072,512,7297.69
131072,512,7314.11
131072,512,7275.86
131072,512,7287.74
524288,512,17181
524288,512,12026.3
131072,512,7308.37
131072,512,7284.07
131072,512,7304.24
131072,512,7273.77
524288,512,17646.5
524288,512,11723.7
131072,512,7005.52
131072,512,7308.44
131072,512,7294.01
131072,512,7291.92
524288,512,17200.8
524288,512,11983.7
131072,512,7328.61
131072,512,7296.04
131072,512,7304.05
131072,512,7295.98
104857,512,5838.37
104857,512,5830.21
104857,512,5796.42
104857,512,5815.86
419430,512,14084.4
419430,512,9795.19
104857,512,6071.81
104857,512,6055.92
104857,512,4995.72
104857,512,5433.15
104857,512,5605.93
104857,512,5593.73
104857,512,5840.41
104857,512,5838.58
419430,512,13769.8
419430,512,9610.1
104857,512,5877.65
104857,512,5820.5
104857,512,5859.68
104857,512,5837
104857,512,5818.98
104856,512,5841.72
104857,512,5836.9
104857,512,5828.49
419430,512,13722.8
419430,512,9623.19
104857,512,5809.36
104857,512,5859.43
104857,512,5844.68
104857,512,5861.32
104857,512,5833.5
104857,512,5830.31
104857,512,5833.45
104857,512,5849.72
419429,512,13749.3
419429,512,9614.38
104857,512,5846.21
104857,512,5858.15
104857,512,5821.96
104857,512,6031.64
104857,512,5008.7
104857,512,5338.92
104857,512,5595.32
104857,512,5577.56
419430,512,13738.2
419430,512,9605.63
104857,512,5828.54
104857,512,5839.59
104857,512,5841.68
104857,512,5885.84
104857,512,5857.79
104857,512,5871.01
104857,512,5843.2
104857,512,5861.37
419430,512,13760.8
419430,512,9597.97
104857,512,5820.65
104857,512,5849.72
104857,512,5843.1
104857,512,5835.12
419430,512,13779
419430,512,9608.93
104857,512,5854.62
104857,512,5861.22
104857,512,5864.39
104857,512,5807.4
419430,512,13727.4
419430,512,9612.23
104857,512,5839.9
104857,512,5861.32
104857,512,5849.77
104857,512,5843.41
419430,512,13731.6
419430,512,9390.57
104857,512,5595.41
104857,512,5820.55
104857,512,5852.84
104857,512,5815.86
419430,512,13763.1
419430,512,9615.54
104857,512,5852.94
104857,512,5849.98
104857,512,5823.93
104857,512,5835.13
419429,512,13751.8
419430,512,9341.36
104857,512,5247.86
104857,512,5292.98
104857,512,5434.55
104857,512,5583.5
419430,512,13749.6
419430,512,9608.93
104857,512,5835.18
104857,512,5862.86
104857,512,5856.31
104857,512,5817.47
78643,512,4377.65
78642,512,4369.08
78643,512,4381.16
78643,512,4378.68
314572,512,10310.5
314572,512,7189.26
78643,512,4392.21
78643,512,3972.85
78643,512,4162.11
78643,512,4199.87
78643,512,4375.33
78643,512,4383.6
78643,512,4370.35
78643,512,4369.14
314572,512,10322.4
314571,512,7193.53
78643,512,4380.09
78643,512,4377.61
78643,512,4364.18
78643,512,4377.61
78643,512,4371.34
78643,512,4362.81
78643,512,4381.23
78643,512,4382.65
314572,512,10305.6
314572,512,7151.11
78643,512,4058.84
78643,512,4179.67
78643,512,4174.37
78643,512,4371.49
78643,512,4353.46
78643,512,4381.23
78643,512,4372.78
78643,512,4370.28
314572,512,10323.9
314572,512,7216.63
78643,512,4376.17
78643,512,4369.06
78643,512,4351.09
78643,512,4388.68
78643,512,4367.77
78643,512,4372.44
78643,512,4369.25
78643,512,4361.68
314572,512,10320.4
314572,512,7195.12
78643,512,3969.9
78643,512,4155.58
78643,512,4204.29
78643,512,4371.38
78643,512,4379.9
78643,512,4376.4
78643,512,4375.03
78643,512,4369.14
314572,512,10312
314572,512,7195.87
78643,512,4382.45
78643,512,4379.98
78643,512,4384.82
78643,512,4366.75
314572,512,10308.7
314572,512,7207.59
78643,512,4370.24
78643,512,4386.05
78643,512,4386.08
78643,512,4378.95
314572,512,10325.6
314572,512,7195.12
78643,512,4381.16
78643,512,4378.68
78643,512,4364.4
78643,512,4390.98
314572,512,10315.3
314572,512,7193.5
78643,512,4382.38
78643,512,4392.32
78643,512,4392.36
78643,512,4374.04
314572,512,10298.7
314571,512,7212.34
78643,512,4371.61
78643,512,4384.75
78643,512,4393.4
78643,512,4389.72
314572,512,10315.5
314572,512,7208.44
78643,512,4360.51
78643,512,4371.57
78643,512,4372.82
78643,512,4382.34
314572,512,10302.1
314572,512,7216.53
78643,512,4386.27
78643,512,4382.38
78643,512,4392.4
78643,512,4370.35
52428,512,2906.26
52428,512,2919.92
52428,512,2924.73
52428,512,2790.98
209715,512,6882.56
209715,512,4802.76
52428,512,2915.81
52428,512,2910.93
52428,512,2918.37
52428,512,2925.73
52428,512,2905.53
52428,512,2916.77
52428,512,2916.57
52428,512,2916.01
209715,512,6876.07
209715,512,4799.48
52428,512,2925.65
52428,512,2917.51
52428,512,2910.98
52428,512,2917.43
52428,512,2910.25
52428,512,2672.88
52428,512,2839.35
52428,512,2498.34
209715,512,6704.38
209715,512,4814.94
52428,512,2922.52
52428,512,2919.85
52428,512,2923.2
52428,512,2906.21
52428,512,2935.38
52428,512,2915.81
52428,512,2909.44
52428,512,2918.27
209715,512,6881.68
209715,512,4889.6
52428,512,3010.51
52428,512,3026.02
52428,512,3018.34
52428,512,3020.05
52428,512,3031.32
52428,512,3025.44
52428,512,3028.8
52428,512,3019.29
209715,512,7032.72
209715,512,4898.22
52428,512,3040.16
52428,512,3032.42
52428,512,3034.91
52428,512,3031.27
52428,512,3049.95
52428,512,3030.55
52428,512,3030.47
52428,512,3038.37
209715,512,7049.12
209715,512,4879.36
52428,512,2924.02
52428,512,2907.93
52428,512,2909.44
52428,512,2899.73
209715,512,6879.42
209715,512,4805.51
52428,512,2906.26
52428,512,3025.31
52428,512,2651.19
52428,512,2645.73
209715,512,6704.45
209715,512,4804.46
52428,512,2933.86
52428,512,3027.08
52428,512,2490
52428,512,2672.11
209715,512,6716.26
209715,512,4801.73
52428,512,2929.79
52428,512,2928.87
52428,512,2923.28
52428,512,2928.87
209715,512,6872.37
209715,512,4806.17
52428,512,2925.62
52428,512,2919.95
52428,512,2914.32
52428,512,2921.73
209715,512,6875.75
209715,512,4800.07
52428,512,3038.4
52428,512,3036.75
52428,512,3028.78
52428,512,3042.73
209715,512,7030.25
209715,512,4885.1
52428,512,3028.78
52428,512,3028.78
52428,512,3044.55
52428,512,3034.99
26214,512,1518.35
26214,512,1517.88
26214,512,1516.56
26214,512,1518.79
104857,512,3522.82
104857,512,2447.09
26214,512,1519.64
26214,512,1512.61
26214,512,1517.02
26214,512,1511.3
26214,512,1508.26
26214,512,1509.58
26214,512,1513.14
26214,512,1511.39
104857,512,3528.83
104857,512,2445.37
26214,512,1516.56
26214,512,1513.92
26214,512,1517.02
26214,512,1520.94
26214,512,1520.11
26214,512,1510.54
26214,512,1506.53
26214,512,1518.73
104857,512,3526.88
104857,512,2446.48
26214,512,1510.9
26214,512,1517.44
26214,512,1367.74
26214,512,1371.79
26214,512,1413.54
26214,512,1437.6
26214,512,1450.69
26214,512,1513.57
104857,512,3528.84
104857,512,2447.09
26214,512,1512.2
26214,512,1514.42
26214,512,1513.9
26214,512,1517.41
26214,512,1518.36
26214,512,1510.46
26214,512,1517.02
26214,512,1510.92
104857,512,3517.52
104857,512,2094.43
26214,512,1324.3
26214,512,1325.92
26214,512,1366.37
26214,512,1406.43
26214,512,1392.17
26214,512,1456.73
26214,512,1459.59
26214,512,1452.77
104857,512,3442.99
104857,512,2400.31
26214,512,1461.6
26214,512,1462.85
26214,512,1464.06
26214,512,1464.93
104857,512,3438.46
104857,512,2394.58
26214,512,1243.87
26214,512,1345.01
26214,512,1399.95
26214,512,1405.21
104857,512,3444.07
104857,512,2403.59
26214,512,1467.71
26214,512,1463.64
26214,512,1462.85
26214,512,1459.99
104857,512,3450.32
104857,512,2398.09
26214,512,1457.56
26214,512,1459.14
26214,512,1469.41
26214,512,1467.42
104857,512,3444.78
104857,512,2397.53
26214,512,1457.16
26214,512,1467.7
26214,512,1460.79
26214,512,1470.16
104857,512,3443.65
104857,512,2411.92
26214,512,1465.64
26214,512,1463.62
26214,512,1460
26214,512,1461.19
104857,512,3444.21
104857,512,2401.65
26214,512,1399.59
26214,512,1460.83
26214,512,1459.55
26214,512,1459.62
13107,512,732.639
13107,512,732.044
13107,512,728.965
13107,512,725.956
52428,512,1719.5
52428,512,1203.99
13107,512,730.012
13107,512,730.82
13107,512,732.869
13107,512,734.686
13107,512,731.247
13107,512,732.441
13107,512,727.587
13107,512,727.158
52428,512,1722.57
52428,512,1201.1
13107,512,729.206
13107,512,731.24
13107,512,732.025
13107,512,731.597
13107,512,730.979
13107,512,730.216
13107,512,730.61
13107,512,723.527
52428,512,1718.12
52428,512,1203.04
13107,512,733.639
13107,512,757.221
13107,512,757.618
13107,512,758.495
13107,512,758.522
13107,512,758.721
13107,512,756.354
13107,512,757.864
52428,512,1764.33
52427,512,1153.26
13107,512,693.121
13107,512,700.354
13107,512,730.603
13107,512,728.174
13107,512,731.617
13107,512,731.208
13107,512,727.164
13107,512,731.196
52428,512,1720.04
52428,512,1204.28
13107,512,733.241
13107,512,735.717
13107,512,731.202
13107,512,728.149
13107,512,731.84
13107,512,727.985
13107,512,730.629
13107,512,733.497
52428,512,1720.36
52428,512,1202.76
13107,512,730.578
13107,512,729.79
13107,512,733.876
13107,512,732.236
52428,512,1718.39
52428,512,1201.37
13107,512,727.133
13107,512,729.58
13107,512,730.629
13107,512,732.658
52428,512,1720.64
52427,512,1201.91
13107,512,732.217
13107,512,732.032
13107,512,730.814
13107,512,729.587
52427,512,1673.11
52428,512,1173.02
13107,512,702.436
13107,512,726.786
13107,512,730.801
13107,512,731.808
52428,512,1725.13
52428,512,1201.51
13107,512,728.788
13107,512,725.354
13107,512,731.61
13107,512,728.991
52428,512,1722.06
52428,512,1206.76
13107,512,732.658
13107,512,757.201
13107,512,758.721
13107,512,755.006
52428,512,1763.76
52428,512,1218.97
13107,512,756.116
13107,512,757.18
13107,512,755.714
13107,512,756.116
5242,512,303.363
5242,512,303.885
5242,512,249.74
5242,512,266.637
20971,512,670.439
20971,512,480.048
5242,512,292.113
5242,512,302.564
5242,512,253.723
5242,512,257.338
5242,512,277.787
5242,512,279.8
5242,512,279.879
5242,512,291.884
20971,512,686.676
20971,512,481.979
5242,512,291.142
5242,512,292.189
5242,512,292.039
5242,512,291.8
5242,512,291.466
5242,512,291.623
5242,512,291.562
5242,512,292.108
20971,512,686.89
20971,512,488.768
5242,512,302.566
5242,512,239.964
5242,512,266.235
5242,512,278.388
5242,512,279.49
5242,512,281.599
5242,512,292.434
5242,512,291.476
20971,512,686.016
20971,512,480.755
5242,512,292.434
5242,512,292.689
5242,512,292.924
5242,512,292.753
5242,512,293.024
5242,512,291.864
5242,512,293.495
5242,512,292.436
20971,512,687.34
20971,512,480.158
5242,512,292.202
5242,512,292.199
5242,512,291.625
5242,512,292.932
5242,512,293.252
5242,512,291.374
5242,512,292.039
5242,512,292.11
20971,512,689.378
20971,512,480.714
5242,512,292.523
5242,512,292.268
5242,512,292.696
5242,512,292.039
20971,512,689.045
20971,512,480.481
5242,512,292.029
5242,512,293.511
5242,512,291.945
5242,512,293.336
20971,512,688.596
20971,512,481.259
5242,512,292.197
5242,512,292.441
5242,512,293.172
5242,512,292.689
20971,512,689.37
20971,512,480.378
5242,512,292.281
5242,512,291.696
5242,512,303.618
5242,512,302.487
20971,512,670.747
20971,512,469.412
5242,512,291.869
5242,512,293.003
5242,512,292.171
5242,512,300.666
20970,512,704.999
20971,512,488.897
5242,512,243.704
5242,512,267.659
5242,512,280.094
5242,512,279.502
20971,512,687.925
20971,512,481.976
5242,512,302.487
5242,512,304.05
5242,512,302.392
5242,512,304.061
131072,512,7571.99
131072,512,7576.36
131072,512,7576.5
131072,512,7583.28
524288,512,17599.8
524288,512,12229.8
131072,512,7583.21
131072,512,7602.45
131072,512,7567.61
131072,512,7574.45
131072,512,7580.81
131072,512,6217.94
131072,512,6665.41
131072,512,6992.32
524288,512,16801.5
524288,512,11718.7
131072,512,7280.15
131072,512,7310.41
131072,512,7292.17
131072,512,7305.96
131072,512,7320.56
131072,512,7273.84
131072,512,7300.04
131072,512,7312.32
524288,512,17214.9
524288,512,12029.3
131072,512,7290.08
131072,512,7310.47
131072,512,7320.11
131072,512,7302.46
131072,512,7318.26
131072,512,7318.13
131072,512,7276.04
131072,512,7303.98
524288,512,17221.2
524288,512,12004.3
131072,512,7347.23
131072,512,7306.08
131072,512,7312.32
131072,512,7310.09
131072,512,7302.14
131072,512,7292.17
131072,512,7285.59
131072,512,7322.28
524288,512,17203.6
524288,512,11987.7
131072,512,7306.34
131072,512,7299.85
131072,512,7285.65
131072,512,7298.01
131072,512,7310.09
131072,512,6966.43
131072,512,6997.98
131072,512,7318.38
524288,512,17209.5
524288,512,12019.4
131072,512,7306.46
131072,512,7322.54
131072,512,7314.43
131072,512,7279.77
524288,512,17147.8
524288,512,12027.4
131072,512,7316.34
131072,512,7332.65
131072,512,7344.98
131072,512,7287.8
524288,512,17229.2
524288,512,10734.8
131072,512,6181.33
131072,512,6943.94
131072,512,6220.84
131072,512,6731.58
524288,512,16745.2
524288,512,11975.6
131072,512,7302.08
131072,512,7285.9
131072,512,7306.08
131072,512,7300.3
524288,512,17240.6
524288,512,12009.8
131072,512,7291.79
131072,512,7283.88
131072,512,7277.56
131072,512,7565.84
524288,512,17575.8
524288,512,12207
131072,512,7592
131072,512,7602.94
131072,512,7580.95
131072,512,7596.95
524288,512,17637.9
524288,512,12255.4
131072,512,6977.67
131072,512,7003.53
131072,512,6966.72
131072,512,7016.6
104857,512,5584.98
104857,512,5604.25
104857,512,5841.73
104857,512,5823.83
419430,512,13772
419430,512,9609.14
104857,512,5823.78
104857,512,5838.43
104857,512,5801.23
104857,512,5837
104857,512,5853.09
104857,512,5846.56
104857,512,5839.95
104857,512,5822.27
419430,512,13760.7
419431,512,9619.94
104857,512,5828.49
104857,512,5845.09
104857,512,5810.67
104857,512,5833.4
104857,512,5848.19
104857,512,5825.4
104857,512,5841.63
104857,512,5832.03
419430,512,13734.1
419430,512,9613.4
104857,512,5843.1
104857,512,5793.32
104857,512,5820.6
104857,512,5831.78
104857,512,5820.5
104857,512,5825.5
104857,512,5815.61
104857,512,5841.52
419430,512,13740.5
419430,512,9624.4
104857,512,5846.41
104857,512,5794.57
104857,512,5828.54
104857,512,5826.92
104857,512,5796.32
104857,512,5789.82
104857,512,5815.66
104857,512,5796.27
419430,512,14093.7
419430,512,9766.64
104857,512,6069.88
104857,512,6054.06
104857,512,6084.02
104857,512,6073.56
104857,512,6069.77
104857,512,6066.1
104857,512,6083.86
104857,512,6050.67
419430,512,14072.7
419430,512,9783.83
104857,512,5426.12
104857,512,5464.2
104857,512,5462.69
104857,512,5539.21
419430,512,13776.5
419430,512,9593.54
104857,512,5845.04
104857,512,5872.71
104857,512,6085.57
104857,512,5354.04
419430,512,13146.4
419430,512,9618.88
104857,512,5861.37
104857,512,6071.86
104857,512,6041.74
104857,512,6050.51
419430,512,14138.9
419430,512,9784.94
104857,512,6080.5
104857,512,6056.08
104857,512,6054.11
104857,512,6073.34
419430,512,14107.9
419430,512,9789.36
104857,512,6083.86
104857,512,6055.86
104857,512,6071.64
104857,512,6068.24
419430,512,14103.1
419430,512,7836.1
104857,512,4994.31
104857,512,5458.56
104857,512,5613.43
104857,512,5605.93
419430,512,13805.9
419430,512,9616.74
104857,512,5866.19
104857,512,5859.68
104857,512,5843.25
104857,512,5836.8
78643,512,4378.76
78643,512,4378.72
78643,512,4369.14
78643,512,4376.24
314572,512,10325.4
314572,512,7220.69
78643,512,4371.49
78643,512,4375.1
78643,512,4387.23
78643,512,4377.46
78643,512,4377.61
78643,512,4386.27
78643,512,4365.46
78643,512,4388.45
314572,512,10327.3
314572,512,7205.19
78643,512,4409.45
78643,512,4371.45
78643,512,4383.75
78643,512,4361.72
78643,512,4387.23
78643,512,4387.42
78643,512,4382.53
78643,512,4367.7
314572,512,10328.9
314572,512,7220.62
78643,512,4189.94
78643,512,4394.7
78643,512,4383.52
78643,512,4348.6
78643,512,4377.69
78643,512,4378.83
78643,512,4372.67
78643,512,4379.9
314572,512,10317.2
314572,512,7213.24
78643,512,4377.5
78643,512,4399.62
78643,512,4389.75
78643,512,4398.39
78643,512,4378.83
78643,512,4381.27
78643,512,4373.89
78643,512,4371.76
314572,512,10325.9
314572,512,5912.43
78643,512,3756.68
78643,512,4069.57
78643,512,4203.27
78643,512,4201.23
78643,512,4393.32
78643,512,4366.71
78643,512,4370.35
78643,512,4378.72
314572,512,10320.3
314572,512,7203.36
78643,512,4383.41
78643,512,4396.81
78643,512,4381.08
78643,512,4375.06
314572,512,10329
314572,512,7343.86
78643,512,4579.02
78643,512,4551.27
78643,512,4560.35
78643,512,4552.71
314572,512,10589.6
314572,512,7331.08
78643,512,4558.98
78643,512,3746.83
78643,512,4026.79
78643,512,4186.69
314572,512,10329
314572,512,7204.31
78643,512,4391.02
78643,512,4384.97
78643,512,4369.22
78643,512,4387.23
314572,512,10563
314572,512,7338.69
78643,512,4568.29
78643,512,4547.2
78643,512,4540.68
78643,512,4557.66
314572,512,10589.8
314572,512,7343.83
78643,512,4553.79
78643,512,4545.93
78643,512,4557.7
78643,512,4538.06
314572,512,10590
314572,512,7343.86
78643,512,4545.85
78643,512,3754.74
78643,512,4053.87
78643,512,4185.41
52428,512,2801.42
52428,512,2909.52
52428,512,2907.07
52428,512,2904.6
209715,512,6869.14
209715,512,4789.68
52428,512,2914.42
52428,512,2918.25
52428,512,2906.21
52428,512,2920.02
52428,512,2914.29
52428,512,2907.93
52428,512,2912.82
52428,512,2915.84
209715,512,6855.63
209715,512,4754.95
52428,512,2914.22
52428,512,2923.2
52428,512,2925.65
52428,512,2918.25
52428,512,2912.62
52428,512,2908.66
52428,512,2910.32
52428,512,2908.73
209715,512,6875.93
209715,512,4690.59
52428,512,2799.15
52428,512,2884.68
52428,512,2919.26
52428,512,3045.43
52428,512,3028.72
52428,512,3037.52
52428,512,2388.57
52428,512,2646.53
209715,512,6857.91
209715,512,4880.44
52428,512,3046.32
52428,512,2485.92
52428,512,2694.9
52428,512,2814.93
52428,512,2779.72
52428,512,2911.81
52428,512,2919.16
52428,512,2909.54
209715,512,6883.65
209715,512,4797.39
52428,512,2940.37
52428,512,2938.05
52428,512,2923.36
52428,512,2924.04
52428,512,2910.22
52428,512,2914.29
52428,512,2919.13
52428,512,2919.11
209715,512,6871.35
209715,512,4800.15
52428,512,2932.96
52428,512,2922.31
52428,512,2932.12
52428,512,2922.39
209716,512,6861.34
209715,512,4814.89
52428,512,2914.32
52428,512,2923.99
52428,512,2919.21
52428,512,2908.71
209715,512,6880.37
209715,512,4893.54
52428,512,3014.79
52428,512,3026.95
52428,512,3027.87
52428,512,3044.63
209715,512,7052.94
209715,512,4879.93
52428,512,3027.11
52428,512,3022.61
52428,512,3030.66
52428,512,3018.34
209715,512,7049.12
209715,512,4886.73
52428,512,3034.01
52428,512,3037.6
52428,512,3028.67
52428,512,3039.31
209715,512,7049.27
209715,512,4883.94
52428,512,3045.57
52429,512,3032.31
52428,512,3026.95
52428,512,3031.32
209715,512,7059.91
209715,512,4894.7
52428,512,3031.51
52428,512,3041.93
52428,512,3045.46
52428,512,3039.31
26214,512,1522.32
26214,512,1517.03
26214,512,1510.46
26214,512,1514.4
104857,512,3524.69
104857,512,2442.23
26214,512,1513.54
26214,512,1520.04
26214,512,1513.13
26214,512,1463.63
26214,512,1462.02
26214,512,1463.26
26214,512,1452.69
26214,512,1455.51
104857,512,3439.62
104857,512,2404.96
26214,512,1460.42
26214,512,1455.53
26214,512,1455.93
26214,512,1456.34
26214,512,1457.97
26214,512,1459.17
26214,512,1451.49
26214,512,1462.86
104857,512,3430.13
104857,512,2396.43
26214,512,1452.67
26214,512,1457.53
26214,512,1460.05
26214,512,1460.33
26214,512,1458.35
26214,512,1460.81
26214,512,1451.13
26214,512,1457.99
104857,512,3445.86
104857,512,2401.7
26214,512,1457.09
26214,512,1457.08
26214,512,1451.91
26214,512,1462.43
26214,512,1452.73
26214,512,1460.39
26214,512,1451.94
26214,512,1453.95
104857,512,3444.12
104857,512,2401.14
26214,512,1468.52
26214,512,1317.62
26214,512,1332.66
26214,512,1412.44
26214,512,1452.2
26214,512,1456.7
26214,512,1516.19
26214,512,1520.94
104857,512,3518.78
104857,512,2446.82
26214,512,1517.04
26214,512,1519.63
26214,512,1520.52
26214,512,1516.96
104857,512,3537.7
104857,512,2439.36
26214,512,1519.24
26214,512,1518.38
26214,512,1457.55
26214,512,1458.79
104857,512,3436.22
104857,512,2398.96
26214,512,1460.42
26214,512,1458.79
26214,512,1460.04
26214,512,1450.29
104857,512,3436.8
104857,512,2406.65
26214,512,1459.2
26214,512,1461.25
26214,512,1466.12
26214,512,1459.54
104857,512,3437.95
104857,512,2347.61
26214,512,1437.56
26214,512,1457.97
26214,512,1514.39
26214,512,1514.36
104857,512,3530.44
104857,512,2445.09
26214,512,1519.19
26214,512,1517.46
26214,512,1521.43
26214,512,1520.51
104857,512,3522.73
104857,512,2447.04
26214,512,1521.46
26214,512,1521.83
26214,512,1523.19
26214,512,1517.4
13107,512,760.069
13107,512,758.714
13107,512,725.944
13107,512,727.347
52428,512,1765.84
52428,512,1221.67
13107,512,759.587
13107,512,757.194
13107,512,756.743
13107,512,757.201
13107,512,759.168
13107,512,760.723
13107,512,758.522
13107,512,756.313
52428,512,1762.88
52428,512,1220.39
13107,512,754.334
13107,512,756.955
13107,512,757.639
13107,512,757.392
13107,512,619.004
13107,512,673.202
13107,512,701.819
13107,512,700.723
52428,512,1718.14
52428,512,1201.78
13107,512,728.978
13107,512,729.162
13107,512,729.377
13107,512,729.783
13107,512,731.789
13107,512,729.39
13107,512,727.19
13107,512,729.587
52428,512,1717.27
52428,512,1164.44
13107,512,699.228
13107,512,700.723
13107,512,733.87
13107,512,733.228
13107,512,732.825
13107,512,732.422
13107,512,730.209
13107,512,731.202
52428,512,1719.5
52428,512,1200.55
13107,512,732.217
13107,512,729.993
13107,512,729.987
13107,512,731.24
13107,512,729.993
13107,512,729.79
13107,512,728.155
13107,512,727.36
52428,512,1721.51
52428,512,1198.35
13107,512,728.566
13107,512,731.221
13107,512,729.384
13107,512,730.006
52428,512,1721.46
52428,512,1201.23
13107,512,732.453
13107,512,729.346
13107,512,729.993
13107,512,729.987
52428,512,1720.65
52428,512,1201.79
13107,512,728.807
13107,512,733.279
13107,512,728.763
13107,512,730.597
52428,512,1702.75
52428,512,1200.85
13107,512,725.159
13107,512,756.095
13107,512,759.181
13107,512,755.435
52428,512,1762.89
52428,512,1223.38
13107,512,757.638
13107,512,759.841
13107,512,756.757
13107,512,757.406
52428,512,1762.58
52428,512,1225.39
13107,512,760.255
13107,512,730.393
13107,512,727.726
13107,512,759.394
52428,512,1759.07
52428,512,1223.67
13107,512,732.863
13107,512,733.504
13107,512,732.019
13107,512,733.267
5242,512,292.352
5242,512,292.11
5242,512,293.426
5242,512,292.52
20971,512,686.23
20971,512,481.64
5242,512,289.626
5242,512,292.845
5242,512,293.413
5242,512,303.618
5242,512,302.479
5242,512,301.965
5242,512,303.272
5242,512,302.747
20971,512,706.324
20971,512,488.606
5242,512,301.948
5242,512,296.08
5242,512,292.855
5242,512,291.549
5242,512,292.36
5242,512,293.093
5242,512,291.299
5242,512,292.439
20971,512,687.122
20971,512,479.233
5242,512,291.625
5242,512,292.605
5242,512,249.436
5242,512,267.665
5242,512,280.101
5242,512,279.576
5242,512,291.547
5242,512,291.701
20971,512,687.471
20971,512,477.483
5242,512,290.98
5242,512,291.958
5242,512,291.717
5242,512,291.851
5242,512,291.294
5242,512,291.544
5242,512,291.233
5242,512,291.144
20971,512,687.14
20971,512,477.592
5242,512,290.424
5242,512,290.172
5242,512,291.306
5242,512,291.223
5242,512,292.515
5242,512,292.199
5242,512,290.816
5242,512,292.207
20971,512,686.332
20971,512,479.829
5242,512,291.63
5242,512,292.599
5242,512,292.36
5242,512,292.439
20971,512,684.896
20971,512,480.32
5242,512,292.926
5242,512,292.042
5242,512,246.741
5242,512,257.34
20971,512,670.014
20971,512,479.712
5242,512,291.785
5242,512,292.047
5242,512,291.785
5242,512,293.508
20971,512,688.359
20971,512,481.867
5242,512,291.783
5242,512,291.299
5242,512,291.866
5242,512,292.355
20971,512,672.367
20971,512,469.672
5242,512,279.872
5242,512,291.788
5242,512,292.031
5242,512,291.63
20971,512,686.564
20971,512,481.045
5242,512,291.215
5242,512,291.874
5242,512,292.037
5242,512,292.115
20971,512,688.359
20971,512,480.774
5242,512,292.436
5242,512,282.674
5242,512,282.667
5242,512,282.738
144656,512,7961.27
145219,512,8038.64
143086,512,8259.02
134140,512,7711.56
617373,512,20762.3
511909,512,11938
152784,512,8846.88
177501,512,10224.5
138819,512,8019.67
175788,512,10172.7
148318,512,8590.77
146820,512,8493.93
139898,512,8107.84
135158,512,7808.39
605239,512,20406.3
498916,512,9649.16
135302,512,7809.23
167130,512,9567.05
127129,512,7308.58
160282,512,9196.1
137228,512,7891.5
141001,512,8148.3
127709,512,7371.52
127997,512,7345.54
614701,512,20634.5
495116,512,11534.4
141404,512,8171.59
162547,512,9341.72
133241,512,7681.9
157924,512,9115.4
140148,512,8087.11
155781,512,8979.24
131610,512,7627.03
141524,512,8187.84
622718,512,20851.2
500156,512,10666.6
145809,512,8404.37
161899,512,9371.89
134961,512,7807.72
157923,512,9160.12
144846,512,8387.31
169827,512,9867.95
137419,512,7938.58
157723,512,9138.25
638805,512,21519.5
520728,512,12138.2
138115,512,7939.73
151839,512,8762.12
128572,512,7440.93
149774,512,8680.05
147527,512,8515.13
166724,512,9665.18
145068,512,8383.26
157919,512,9178.69
662743,512,22318.2
529525,512,12338.8
123866,512,7141.32
147677,512,8575.84
110753,512,6376.29
145625,512,8456.68
485342,512,16380.2
372276,512,8667.59
137762,512,7993.03
152588,512,8843.14
124825,512,7250.83
152847,512,8817.35
472169,512,15810
364688,512,8502.86
105892,512,6136.79
152424,512,8813.2
96613,512,5590.84
141359,512,8187.7
498329,512,14741.2
374306,512,8370.84
111037,512,5949.05
141993,512,7615.62
105115,512,5643.82
131116,512,7081.32
521358,512,17041.1
382228,512,8904.64
112897,512,6508.92
135583,512,7871.45
105657,512,6119.85
124591,512,7220.26
524195,512,17613.9
379576,512,8453.77
123414,512,6531.42
142424,512,7549.65
114404,512,6048.33
133618,512,7118.83
518126,512,17017.9
360766,512,8267.84
127963,512,7126.82
137811,512,7673.23
119801,512,6674.4
131226,512,7296.37
110054,512,6120.82
100849,512,5612.09
69340,512,3862.93
69926,512,3902.13
520881,512,17102.8
420270,512,9623.87
176573,512,9869.6
164906,512,8727.29
119346,512,6324.65
163179,512,8865.81
131179,512,7289.82
106332,512,5882.73
80702,512,4662.13
75910,512,4383.99
434108,512,14604
364167,512,8483.82
115824,512,6677.61
118372,512,6848.26
73184,512,4230.14
95756,512,5527.1
132447,512,7662.69
106685,512,6154.6
85843,512,4957.82
78662,512,4548.18
451905,512,15182.6
377715,512,8811.63
131164,512,7570.67
130939,512,7595.22
81929,512,4712.72
114764,512,6627.91
133557,512,7700.11
114906,512,6636.28
86931,512,5040.95
87415,512,5054.22
480220,512,16171.5
389027,512,9067.17
144587,512,8362.1
131025,512,7584.61
92656,512,5351.26
115987,512,6715.99
144703,512,8364.35
128707,512,7418.49
97146,512,5597.39
100981,512,5858.71
519534,512,17495.5
435213,512,10085.9
151362,512,8779.72
131393,512,7617.14
95590,512,5514.14
119793,512,6948.63
145197,512,8412.36
145080,512,8403.07
101998,512,5899.37
112628,512,6534.86
562881,512,18942.4
463789,512,10809.4
130724,512,7560.48
106538,512,6149.23
68242,512,3945.84
94758,512,5488.75
464225,512,15619.7
348379,512,8128.21
157973,512,9096.98
128921,512,7443.49
96673,512,4611.17
122165,512,6018.08
225571,512,7206.6
205326,512,4690
65235,512,3647.57
83880,512,4674.33
37002,512,2063.17
58084,512,3255.78
281342,512,9233.4
253598,512,5807.91
84469,512,4728.19
98998,512,5535.12
45258,512,2524.18
74105,512,4273.73
291371,512,9797.06
256402,512,5976.02
109587,512,6327.44
99608,512,5750.79
60842,512,3522.87
76770,512,4430.06
301623,512,10140.4
236448,512,5519.38
116101,512,6728.74
93737,512,5410.52
69341,512,3117.15
72872,512,4221.95
266304,512,8951.29
179846,512,4200.43
118976,512,6881.28
87654,512,5086.01
69802,512,4052.19
68146,512,3933.26
69048,512,3983.31
70699,512,4110.57
55824,512,3224.09
51977,512,3004.62
440834,512,14835.3
349724,512,8153.94
142988,512,8296.54
140146,512,8124.2
102718,512,5951.34
144324,512,8357.09
90907,512,5268.26
79001,512,4579.61
71333,512,4099.57
59864,512,3475.42
350127,512,11788.8
278118,512,6502.62
77453,512,4477.06
97490,512,5618.98
58782,512,3395.72
79224,512,4590.17
72798,512,4217.47
80140,512,4632.51
60387,512,3485.55
59524,512,3438.78
377531,512,12704.8
301616,512,7034.77
85602,512,4952.58
106244,512,6107.74
64319,512,3717.87
92139,512,5325.97
80374,512,4637.74
91729,512,5291.32
68532,512,3949.94
70060,512,4048.51
413100,512,13895.1
326865,512,7632.57
100219,512,5798.15
112406,512,6480.32
76218,512,4414.57
99957,512,5744.67
89251,512,5151.4
113306,512,6553.22
75834,512,4360.79
88878,512,5143.51
454699,512,15261.3
370593,512,8640.6
99341,512,5748.7
113026,512,6529.53
75788,512,4368.27
103039,512,5962.92
95971,512,5541.36
126777,512,7345.21
84980,512,4920.5
99415,512,5758.14
483495,512,16254.6
392291,512,9152.88
78700,512,3569.11
89338,512,4390.05
60344,512,3226.82
81600,512,4331.33
377485,512,12362.7
263284,512,6049.09
125652,512,6862.43
98723,512,5489.29
91651,512,5083.26
101724,512,5659.3
139876,512,4597.4
104165,512,2383.08
40729,512,2319.38
59136,512,3394.76
32292,512,1867.69
38547,512,2220.39
194581,512,6039.97
150283,512,3451.22
42786,512,2389.7
66156,512,3685.45
33491,512,1868.9
47033,512,2621.62
247017,512,8081.85
179358,512,4113.27
55210,512,3086.98
68722,512,3837.05
40973,512,2287.06
52095,512,2899.16
248270,512,8138.7
172574,512,3954.91
71451,512,4124.2
73260,512,4235.88
54975,512,3155.01
59423,512,3426.94
222621,512,7485.56
136351,512,3175.02
74612,512,4310.51
68003,512,3945.64
58713,512,3395.85
55485,512,3201.68
55839,512,3212.78
47152,512,2726.29
40749,512,2352.74
31688,512,1818.57
246942,512,8279.86
187181,512,4367.74
108105,512,6234.44
107497,512,6179.83
65349,512,3764.28
112066,512,6208.92
53552,512,3090.97
46022,512,2645.66
38979,512,2249.27
28332,512,1636.32
181465,512,6089.55
138731,512,3231.48
44787,512,2493.63
56702,512,3166.83
30654,512,1712.07
40235,512,2252.11
49209,512,2738.36
55295,512,3079.54
37240,512,1826.78
33400,512,1763.93
209478,512,6860.25
170877,512,3918.38
59402,512,3075.39
78627,512,4092.1
40400,512,2103.69
58892,512,3138.4
51857,512,2739.41
60576,512,3342.94
42887,512,2385.29
40323,512,2239.57
249613,512,8186.75
196462,512,4488.04
65126,512,3645.49
73887,512,4109.48
44367,512,2558.61
60688,512,3490.9
60021,512,3455.39
83964,512,4817.26
47934,512,2769.16
56646,512,3273.46
302452,512,10156.1
246814,512,5635.68
65341,512,3720.89
81599,512,4709.99
45839,512,2641.21
66444,512,3826.19
63673,512,3675.12
94580,512,5451.11
54191,512,3136.03
65642,512,3797.74
343356,512,11568.7
257197,512,5988.94
41783,512,2419.38
52641,512,3038.53
29547,512,1712.39
42360,512,2452.79
216719,512,7261.62
149618,512,3486.83
81604,512,4707.61
64242,512,3711.31
43030,512,2482.2
61783,512,3552.7
48481,512,1629.02
38360,512,893.947
18164,512,1048.14
29508,512,1708.62
13422,512,772.908
18682,512,1081.19
101911,512,3419.29
82333,512,1915.87
19741,512,1143.04
38241,512,2197.74
15129,512,874.747
25640,512,1104
114133,512,3604.95
85304,512,1946.26
36347,512,1805.62
44755,512,2211.22
25265,512,1338.19
30012,512,1670.6
115983,512,3896.58
83975,512,1959.75
48912,512,2834.74
44247,512,2546.57
33185,512,1925.43
27808,512,1610.15
83494,512,2806.59
48292,512,1126.75
42541,512,2465.48
43863,512,2539.18
30263,512,1755.48
31688,512,1839.15
34247,512,1981.86
19404,512,1126.77
16396,512,948.845
11969,512,690.666
104673,512,3521.37
81975,512,1912.18
97078,512,5606.65
69893,512,4049.32
25760,512,1480.46
69617,512,4024.18
48869,512,2823.04
21820,512,1216.26
15338,512,884.315
10662,512,613.995
41663,512,1402.81
36012,512,839.718
42364,512,2463.07
32657,512,1892.58
13187,512,762.063
17178,512,994.18
50871,512,2948.17
27364,512,1585.95
15168,512,879.338
13381,512,768.61
52212,512,1752.38
48390,512,1127.84
55223,512,3186.56
42626,512,2469.71
15872,512,916.895
24727,512,1369.22
54011,512,3127.45
38147,512,2201.91
17464,512,1009.76
16461,512,950.132
72869,512,2448.55
71587,512,1673.6
66349,512,3834.14
49036,512,2839.38
18628,512,1081.13
30148,512,1740.13
63533,512,3698.12
47347,512,2739.28
19514,512,1122.76
23243,512,1345.9
100398,512,3373.02
85572,512,1992.12
58607,512,3381.83
37223,512,2151.08
14595,512,843.918
23119,512,1338.28
70285,512,4069.93
56422,512,3275.54
21842,512,1262.19
27155,512,1571.05
130289,512,4372.13
90678,512,2115.43
48564,512,2821.83
26377,512,1532.2
9201,512,533.088
16237,512,940.162
58872,512,1985.2
55804,512,1303.09
69433,512,3538.92
57004,512,2712.7
12532,512,626.126
53312,512,2955.16
19051,512,640.476
20119,512,469.301
10834,512,626.799
21594,512,1251.79
3649,512,210.918
14972,512,863.688
19537,512,655.507
20744,512,484.167
32975,512,1906.64
19159,512,1107.76
8520,512,491.643
9463,512,546.66
21054,512,707.121
21606,512,456.302
19284,512,1112.15
16852,512,971.57
5429,512,313.007
8863,512,511.712
20900,512,701.694
18007,512,418.91
29744,512,1724.79
15941,512,919.09
7369,512,424.968
9554,512,550.52
16100,512,540.628
9871,512,229.453
32053,512,1848.42
18132,512,1049.92
7471,512,433.091
12811,512,741.164
17538,512,1015.24
9689,512,562.329
9630,512,457.602
5732,512,278.864
49727,512,1589.25
41575,512,950.506
60339,512,3361.6
33846,512,1876.67
10762,512,598.212
34845,512,2003.8
27165,512,1562.16
12022,512,695.757
7018,512,406.128
4981,512,287.746
18329,512,616.2
18724,512,435.389
20384,512,1180.33
20795,512,1204.44
5704,512,316.623
9461,512,545.318
21954,512,1264.94
12498,512,720.38
5460,512,314.158
4860,512,279.223
19355,512,650.799
20125,512,468.684
29397,512,1504.08
26491,512,1347.13
6978,512,365.631
12252,512,653.975
23425,512,1251.68
20550,512,1144.81
6200,512,346.076
7340,512,407.534
25190,512,823.197
29575,512,659.94
33448,512,1788.14
35320,512,1887.39
8490,512,468.811
16466,512,914.018
25495,512,1469.44
36244,512,2098.1
7017,512,402.81
11888,512,683.251
33082,512,1106.99
44738,512,1042.24
25079,512,1449.26
31458,512,1823.57
6391,512,371.025
14370,512,829.663
44130,512,2544.99
37424,512,2158.25
10100,512,586.023
15476,512,891.757
42127,512,1413.39
29857,512,695.225
18768,512,1046.45
14559,512,809.299
3701,512,205.608
9011,512,502.151
26707,512,876.509
26895,512,615.58
46041,512,2557.84
39819,512,1667.46
5371,512,297.324
35052,512,1943.07
3789,512,124.309
3298,512,75.3481
10357,512,577.636
5954,512,331.98
2109,512,117.86
2920,512,162.683
3678,512,120.729
3035,512,69.4039
3920,512,218.146
6539,512,363.875
1294,512,71.7501
3906,512,217
6591,512,216.024
6228,512,142.323
10973,512,609.628
10235,512,569.581
2888,512,160.984
6614,512,368.581
5856,512,192.093
5056,512,115.776
21060,512,1171.88
9576,512,532.889
4067,512,226.141
4228,512,235.212
4933,512,161.633
2797,512,64.1654
16062,512,894.128
8583,512,478.571
3442,512,191.6
6578,512,365.442
0,512,0
929,512,51.8258
0,512,0
246,512,13.6666
14047,512,385.808
20596,512,473.041
22905,512,1273.92
27236,512,1516.51
5473,512,306.356
25435,512,1421.31
0,512,0
77,512,4.2982
0,512,0
19,512,1.00267
1932,512,63.1675
1833,512,42.7472
8299,512,478.588
20258,512,1168.61
4656,512,269.209
6968,512,402.31
39,512,2.25954
6,512,0.346315
8,512,0.462838
20,512,1.16113
1005,512,33.7982
960,512,22.4271
15889,512,918.475
26465,512,1532.89
4629,512,267.948
9380,512,519.372
2992,512,173.338
1844,512,106.491
640,512,36.9726
401,512,23.1933
1423,512,40.6571
1698,512,39.6173
13471,512,778.897
25799,512,1493.39
5084,512,293.352
10880,512,627.113
10658,512,617.683
7785,512,450.526
5360,512,311.631
2762,512,159.794
1185,512,39.8381
1198,512,27.935
4459,512,258.493
4413,512,244.967
1897,512,109.849
1883,512,109.003
30410,512,1762.39
23696,512,1372.12
14210,512,822.325
7168,512,414.104
1373,512,46.2211
1671,512,38.933
5531,512,320.366
2353,512,135.694
2904,512,168.051
743,512,42.9357
0,512,0
0,512,0
9554,512,551.767
19357,512,1121.51
5442,512,314.02
13274,512,665.526
0,512,0
0,512,0
1670,512,92.9611
1644,512,91.8181
1203,512,67.1851
301,512,16.7969
159,512,5.23034
274,512,6.29525
87,512,4.84676
193,512,10.6898
15,512,0.836129
19,512,1.05735
0,512,0
0,512,0
0,512,0
0,512,0
0,512,0
0,512,0
0,512,0
0,512,0
0,512,0
0,512,0
0,512,0
0,512,0
0,512,0
0,512,0
0,512,0
0,512,0
0,512,0
0,512,0
