128761,64,512,512,2108.07
132877,64,512,512,2340.62
142349,64,512,512,2509.9
122501,64,512,512,2162.03
657561,256,512,512,3665.03
587093,64,2048,512,3575.58
158760,64,512,512,2781.12
161312,64,512,512,2843.75
154701,64,512,512,2689.98
163812,64,512,512,2888.33
138452,64,512,512,2430.26
140197,64,512,512,2454.64
139415,64,512,512,2458.82
130440,64,512,512,2313.58
615379,256,512,512,3444.12
552458,64,2048,512,3396.19
122396,64,512,512,2178.25
163814,64,512,512,2881
119017,64,512,512,2114.54
156550,64,512,512,2751.07
130692,64,512,512,2317.85
144385,64,512,512,2516.73
131820,64,512,512,2331.44
133155,64,512,512,2356.51
629035,256,512,512,3509.65
550086,64,2048,512,3128.51
129969,64,512,512,2130.29
164324,64,512,512,2686.79
131426,64,512,512,2154.17
157607,64,512,512,2568.98
132401,64,512,512,2168.2
158040,64,512,512,2584.68
136023,64,512,512,2211.58
146596,64,512,512,2390.28
640824,256,512,512,3311.24
560424,64,2048,512,3180.43
133334,64,512,512,2160.83
165516,64,512,512,2693.73
134172,64,512,512,2174.41
161231,64,512,512,2604.07
128782,64,512,512,2104.8
171580,64,512,512,2794.01
135490,64,512,512,2198.09
157572,64,512,512,2544.97
655737,256,512,512,3390.05
588044,64,2048,512,3317.04
125661,64,512,512,2063.23
154825,64,512,512,2531.68
127452,64,512,512,2099.53
153730,64,512,512,2495.42
129316,64,512,512,2120.63
176891,64,512,512,2889.2
141501,64,512,512,2287.44
161782,64,512,512,2615.08
673253,256,512,512,3480.87
611291,64,2048,512,3445.54
102691,64,512,512,1687.61
136832,64,512,512,2207.15
105460,64,512,512,1737.25
134494,64,512,512,2185.12
546132,256,512,512,2822.75
478771,64,2048,512,2829.78
126309,64,512,512,2083.79
127433,64,512,512,2099.56
124950,64,512,512,2063.41
136926,64,512,512,2231.34
512834,256,512,512,2664.49
430911,64,2048,512,2527.86
89535,64,512,512,1509.23
142150,64,512,512,2298.12
83912,64,512,512,1437.59
126151,64,512,512,2077.93
526135,256,512,512,2733.38
434134,64,2048,512,2518.62
100634,64,512,512,1673.33
132334,64,512,512,2171.55
96583,64,512,512,1604.37
120956,64,512,512,1986.63
527460,256,512,512,2723.64
428269,64,2048,512,2523.68
103808,64,512,512,1714.13
127274,64,512,512,2090.92
102659,64,512,512,1689.44
119034,64,512,512,1964.26
529427,256,512,512,2737.76
424951,64,2048,512,2504.21
117377,64,512,512,1939.63
122898,64,512,512,2021.68
114955,64,512,512,1893.51
118573,64,512,512,1957.62
504860,256,512,512,2617.42
400093,64,2048,512,2385.55
115234,64,512,512,1905.48
120376,64,512,512,1972.57
114692,64,512,512,1895.11
119087,64,512,512,1962.22
82388,64,512,512,1426.26
95040,64,512,512,1578.6
95047,64,512,512,1606.47
81972,64,512,512,1416.24
559163,256,512,512,2885.7
479025,64,2048,512,2731.2
123005,64,512,512,2018.96
134139,64,512,512,2197.74
117970,64,512,512,1953.63
136606,64,512,512,2244.23
108827,64,512,512,1795.97
113602,64,512,512,1866.3
110167,64,512,512,1815.99
103331,64,512,512,1700.22
500782,256,512,512,2603.29
433174,64,2048,512,2504.04
83660,64,512,512,1432.66
139159,64,512,512,2256.33
79680,64,512,512,1374.5
128804,64,512,512,2108.43
93269,64,512,512,1552.8
116477,64,512,512,1912.12
96336,64,512,512,1594.31
100708,64,512,512,1658.7
513866,256,512,512,2669.71
431100,64,2048,512,2500.14
94610,64,512,512,1555.45
138919,64,512,512,2247.52
97046,64,512,512,1595.1
129913,64,512,512,2130.77
91737,64,512,512,1529.33
128003,64,512,512,2101.51
97528,64,512,512,1602.5
111611,64,512,512,1841.31
530735,256,512,512,2746.3
446252,64,2048,512,2563.34
96734,64,512,512,1597.72
139126,64,512,512,2263.13
97673,64,512,512,1615.23
132027,64,512,512,2171.85
99926,64,512,512,1652.08
146522,64,512,512,2382.47
105672,64,512,512,1748.23
131348,64,512,512,2151.66
560299,256,512,512,2889.78
483219,64,2048,512,2760.15
99871,64,512,512,1647.9
139835,64,512,512,2265.64
100632,64,512,512,1662.24
135476,64,512,512,2218.37
100073,64,512,512,1650.82
158983,64,512,512,2583.41
110849,64,512,512,1827.83
140232,64,512,512,2291
584554,256,512,512,3021.97
515851,64,2048,512,2931.39
72786,64,512,512,1260.69
111169,64,512,512,1826.34
75465,64,512,512,1298.55
108697,64,512,512,1710.55
418763,256,512,512,2173.93
331624,64,2048,512,2122.12
104724,64,512,512,1729.12
104369,64,512,512,1723.4
100685,64,512,512,1668.9
114837,64,512,512,1894.22
384080,256,512,512,2013.42
294467,64,2048,512,1890.88
52376,64,512,512,1022.67
108226,64,512,512,1798.07
49216,64,512,512,992.359
88225,64,512,512,1500.93
390912,256,512,512,2042.86
292071,64,2048,512,1882.02
68275,64,512,512,1219.85
97898,64,512,512,1623.51
65237,64,512,512,1174.59
82951,64,512,512,1412.89
395711,256,512,512,2059.76
291221,64,2048,512,1885.23
71474,64,512,512,1247.58
99155,64,512,512,1646.95
69597,64,512,512,1218.22
91595,64,512,512,1539.02
386282,256,512,512,2017.3
286061,64,2048,512,1862.56
74946,64,512,512,1301.94
93347,64,512,512,1544.58
73526,64,512,512,1262.79
87577,64,512,512,1482.22
372892,256,512,512,1945.19
268393,64,2048,512,1765.34
83966,64,512,512,1414.88
91238,64,512,512,1508.69
82765,64,512,512,1397.35
85516,64,512,512,1433.27
48820,64,512,512,1009.2
61079,64,512,512,1194.23
59699,64,512,512,1177.38
49720,64,512,512,1020.53
457008,256,512,512,2366.94
380232,64,2048,512,2269.64
100329,64,512,512,1693.03
112503,64,512,512,1849.16
94479,64,512,512,1586.01
114846,64,512,512,1886.12
82527,64,512,512,1420.06
86541,64,512,512,1460.61
84021,64,512,512,1439.82
74658,64,512,512,1309.21
371268,256,512,512,1935.96
296938,64,2048,512,1886.82
59207,64,512,512,1081.21
110975,64,512,512,1827.05
55989,64,512,512,1026.66
99131,64,512,512,1636.09
59373,64,512,512,1089.71
88269,64,512,512,1463.1
64712,64,512,512,1153.51
69763,64,512,512,1219.1
383955,256,512,512,2002.43
302682,64,2048,512,1907.74
75307,64,512,512,1298.73
120987,64,512,512,1985.67
74395,64,512,512,1271.27
110489,64,512,512,1823.7
69106,64,512,512,1222.14
107546,64,512,512,1773.08
74384,64,512,512,1271.52
86780,64,512,512,1445.61
406737,256,512,512,2120.02
316678,64,2048,512,1976.03
75207,64,512,512,1284.38
115311,64,512,512,1907.38
77122,64,512,512,1314.39
106452,64,512,512,1752.44
75019,64,512,512,1288.87
125521,64,512,512,2053.85
83525,64,512,512,1399.55
105434,64,512,512,1740.12
445126,256,512,512,2306.65
360576,64,2048,512,2171.55
66207,64,512,512,1169.22
107436,64,512,512,1771.41
69103,64,512,512,1230.47
100659,64,512,512,1658.03
80509,64,512,512,1359.83
140067,64,512,512,2268.11
94610,64,512,512,1556.72
117697,64,512,512,1939.31
469702,256,512,512,2438.62
393501,64,2048,512,2328.89
53044,64,512,512,1009.69
91720,64,512,512,1522.2
54347,64,512,512,1026.87
87767,64,512,512,1460.95
319674,256,512,512,1714.21
246891,64,2048,512,1707.82
64552,64,512,512,1150.25
73664,64,512,512,1269.85
61364,64,512,512,1110.56
83434,64,512,512,1391.26
237924,256,512,512,1463.92
152630,64,2048,512,1238.08
32419,64,512,512,784.394
75766,64,512,512,1410.78
30510,64,512,512,751.385
57281,64,512,512,1054.41
239685,256,512,512,1423.31
155797,64,2048,512,1246.08
43886,64,512,512,865.089
73089,64,512,512,1362.08
39292,64,512,512,790.743
62094,64,512,512,1093.4
241817,256,512,512,1412.32
154531,64,2048,512,1256.76
49628,64,512,512,958.439
57036,64,512,512,1126.53
48540,64,512,512,939.695
49310,64,512,512,963.179
219154,256,512,512,1315.33
147362,64,2048,512,1243.61
33528,64,512,512,747.225
53373,64,512,512,1097.65
34631,64,512,512,781.385
44365,64,512,512,878.428
195846,256,512,512,1237.07
120625,64,2048,512,1074.61
54241,64,512,512,1049.45
71756,64,512,512,1278.96
51254,64,512,512,998.81
64594,64,512,512,1160.93
45935,64,512,512,848.135
46296,64,512,512,1057.35
52919,64,512,512,958.763
38370,64,512,512,719.415
331367,256,512,512,1746.8
265406,64,2048,512,1756.03
65174,64,512,512,1178.34
85635,64,512,512,1457.61
59884,64,512,512,1103.14
89665,64,512,512,1500.42
45262,64,512,512,889.67
57303,64,512,512,1114.63
48014,64,512,512,941.727
44781,64,512,512,857.38
250381,256,512,512,1435.63
189258,64,2048,512,1416.12
40322,64,512,512,861.765
85967,64,512,512,1437.69
36932,64,512,512,807.081
74639,64,512,512,1307.96
44052,64,512,512,904.002
61540,64,512,512,1105.44
47508,64,512,512,943.649
46746,64,512,512,935.388
265383,256,512,512,1503.84
195030,64,2048,512,1429.21
42118,64,512,512,878.923
91334,64,512,512,1505.92
42774,64,512,512,879.762
79227,64,512,512,1355
38467,64,512,512,843.39
71031,64,512,512,1251.1
44005,64,512,512,898.245
53746,64,512,512,1019.36
283233,256,512,512,1577.99
202509,64,2048,512,1448.3
46461,64,512,512,943.563
78908,64,512,512,1364.25
48194,64,512,512,969.406
72580,64,512,512,1260.29
43854,64,512,512,923.339
96524,64,512,512,1585.09
51673,64,512,512,1007.27
76538,64,512,512,1333.41
320489,256,512,512,1703.82
247453,64,2048,512,1653.16
40847,64,512,512,858.942
81975,64,512,512,1374.84
42541,64,512,512,880.401
75412,64,512,512,1310.6
49860,64,512,512,977.072
110313,64,512,512,1820.8
61547,64,512,512,1107.96
88378,64,512,512,1493
345592,256,512,512,1811.66
274829,64,2048,512,1768.36
25374,64,512,512,562.929
60536,64,512,512,1113.82
25890,64,512,512,608.103
57422,64,512,512,1051.78
209395,256,512,512,1303.22
151186,64,2048,512,1285.92
32695,64,512,512,724.864
42140,64,512,512,901.005
30524,64,512,512,698.409
49135,64,512,512,965.798
126254,256,512,512,1072.49
76575,64,2048,512,920.648
17164,64,512,512,492.511
52044,64,512,512,1094.4
14299,64,512,512,413.625
37690,64,512,512,788.329
146819,256,512,512,1152.02
84761,64,2048,512,930.213
23183,64,512,512,626.822
49133,64,512,512,1079.73
21266,64,512,512,574.757
36818,64,512,512,768.402
144374,256,512,512,1106.91
87498,64,2048,512,960.25
20567,64,512,512,524.334
39685,64,512,512,994.488
19186,64,512,512,510.063
32050,64,512,512,695.53
133310,256,512,512,1072.57
81004,64,2048,512,896.805
25603,64,512,512,629.84
40168,64,512,512,959.809
23381,64,512,512,586.284
32959,64,512,512,705.685
117647,256,512,512,993.262
69633,64,2048,512,790.027
23953,64,512,512,578.156
31670,64,512,512,811.219
22904,64,512,512,576.564
28133,64,512,512,666.422
34335,64,512,512,754.865
29747,64,512,512,767.566
42332,64,512,512,884.311
23730,64,512,512,568.247
165318,256,512,512,1157.77
114116,64,2048,512,1036.57
34464,64,512,512,784.074
60724,64,512,512,1130.27
30956,64,512,512,710.162
62144,64,512,512,1105.96
27947,64,512,512,603.738
32084,64,512,512,838.25
31500,64,512,512,669.571
26063,64,512,512,567.574
144805,256,512,512,1089.5
93516,64,2048,512,1000.71
19984,64,512,512,559.855
51570,64,512,512,994.887
18956,64,512,512,523.286
45617,64,512,512,913.071
17384,64,512,512,485.316
30722,64,512,512,784.625
20613,64,512,512,548.875
23618,64,512,512,642.754
150601,256,512,512,1109.81
91018,64,2048,512,968.122
22986,64,512,512,639.656
50560,64,512,512,992.442
23332,64,512,512,643.376
48332,64,512,512,969.646
18710,64,512,512,483.151
48771,64,512,512,961.952
22976,64,512,512,556.454
37207,64,512,512,868.105
158689,256,512,512,1142.14
91220,64,2048,512,954.484
25803,64,512,512,612.389
51980,64,512,512,1012.27
27000,64,512,512,646.629
50793,64,512,512,971.371
22110,64,512,512,565.618
70194,64,512,512,1233.1
27829,64,512,512,743.395
55987,64,512,512,1107.23
166966,256,512,512,1175.4
100492,64,2048,512,995.858
16560,64,512,512,450.061
39864,64,512,512,873.062
17972,64,512,512,489.5
38720,64,512,512,843.298
24537,64,512,512,610.373
65081,64,512,512,1157.51
35051,64,512,512,795.078
54980,64,512,512,1104.79
189128,256,512,512,1224.41
109440,64,2048,512,972.238
6244,64,512,512,273.62
26927,64,512,512,751.312
7420,64,512,512,281.22
26093,64,512,512,646.427
53227,256,512,512,568.786
34630,64,2048,512,644.219
13396,64,512,512,387.841
27558,64,512,512,686.548
12282,64,512,512,365.699
32402,64,512,512,780.301
59715,256,512,512,599.609
31978,64,2048,512,639.049
8006,64,512,512,309.41
25723,64,512,512,670.569
7531,64,512,512,297.316
18901,64,512,512,495.18
73174,256,512,512,669.662
37471,64,2048,512,667.277
7276,64,512,512,257.968
25171,64,512,512,638.696
6459,64,512,512,230.719
19734,64,512,512,511.111
77994,256,512,512,702.49
38793,64,2048,512,683.276
11015,64,512,512,358.211
24419,64,512,512,606.608
10472,64,512,512,341.552
20582,64,512,512,546.812
70998,256,512,512,657.694
35760,64,2048,512,646.946
8285,64,512,512,327.73
20839,64,512,512,533.786
7826,64,512,512,307.384
17985,64,512,512,480.625
61917,256,512,512,610.501
28848,64,2048,512,535.91
11904,64,512,512,363.537
21574,64,512,512,557.396
11724,64,512,512,357.33
20289,64,512,512,510.672
13591,64,512,512,336.12
11834,64,512,512,407.928
18364,64,512,512,437.812
8842,64,512,512,241.058
107573,256,512,512,987.452
80849,64,2048,512,892.471
16771,64,512,512,475.503
28842,64,512,512,799.613
13807,64,512,512,417.951
31600,64,512,512,679.716
13156,64,512,512,337.074
15612,64,512,512,463.471
15414,64,512,512,358.215
10938,64,512,512,300.701
48981,256,512,512,550.595
34082,64,2048,512,634.852
7091,64,512,512,284.779
27698,64,512,512,764.294
6302,64,512,512,255.245
21599,64,512,512,545.636
6119,64,512,512,255.224
11183,64,512,512,365.936
7324,64,512,512,266.085
7750,64,512,512,287.837
55048,256,512,512,572.522
35955,64,2048,512,636.54
8454,64,512,512,312.475
27387,64,512,512,763.508
8560,64,512,512,304.463
22070,64,512,512,576.466
7508,64,512,512,297.523
18737,64,512,512,478.168
9838,64,512,512,329.802
12906,64,512,512,383.423
63204,256,512,512,605.286
40951,64,2048,512,682.459
10143,64,512,512,343.947
31538,64,512,512,776.129
10640,64,512,512,334.276
26736,64,512,512,714.771
10085,64,512,512,359.216
31635,64,512,512,795.449
12905,64,512,512,383.564
23675,64,512,512,631.755
75648,256,512,512,671.054
51508,64,2048,512,668.068
8793,64,512,512,291.641
23635,64,512,512,626.757
8673,64,512,512,294.05
20949,64,512,512,513.204
11498,64,512,512,353.242
50919,64,512,512,1005.41
15955,64,512,512,442.151
35619,64,512,512,853.661
90763,256,512,512,811.434
66881,64,2048,512,656.79
2012,64,512,512,116.739
9731,64,512,512,310.696
2143,64,512,512,125.029
8160,64,512,512,278.784
53936,256,512,512,564.627
37885,64,2048,512,647.717
4860,64,512,512,190.215
8693,64,512,512,325.581
4594,64,512,512,183.174
10765,64,512,512,335.673
19771,256,512,512,408.365
11460,64,2048,512,356.954
3116,64,512,512,172.489
17085,64,512,512,507.803
2706,64,512,512,149.917
11679,64,512,512,360.241
21492,256,512,512,415.264
12675,64,2048,512,375.556
3128,64,512,512,160.493
8602,64,512,512,343.531
2649,64,512,512,138.728
5842,64,512,512,218.679
21069,256,512,512,420.162
12926,64,2048,512,352.447
3130,64,512,512,165.477
8456,64,512,512,339.394
2888,64,512,512,153.088
5920,64,512,512,213.372
16569,256,512,512,377.383
10555,64,2048,512,327.135
3975,64,512,512,170.236
9829,64,512,512,370.137
3688,64,512,512,169.798
6880,64,512,512,231.845
14652,256,512,512,353.742
9374,64,2048,512,252.023
2878,64,512,512,149.546
5607,64,512,512,245.652
2627,64,512,512,140.219
4187,64,512,512,178.703
7994,64,512,512,223.452
6230,64,512,512,317.13
10825,64,512,512,275.375
4266,64,512,512,155.978
37336,256,512,512,509.359
28863,64,2048,512,563.18
5646,64,512,512,221.934
17872,64,512,512,483.877
4679,64,512,512,212.296
21603,64,512,512,548.021
5126,64,512,512,181.741
5757,64,512,512,284.437
6474,64,512,512,208.974
3865,64,512,512,153.495
18332,256,512,512,404.501
14699,64,2048,512,389.998
3668,64,512,512,183.4
11791,64,512,512,379.437
3797,64,512,512,185.627
10070,64,512,512,309.846
3401,64,512,512,168.283
5162,64,512,512,247.697
4111,64,512,512,197.692
3691,64,512,512,186.934
13036,256,512,512,360.459
9863,64,2048,512,331.306
4359,64,512,512,209.618
13924,64,512,512,410.072
4174,64,512,512,213.395
11995,64,512,512,379.169
3302,64,512,512,184.007
7543,64,512,512,305.385
4222,64,512,512,204.803
6012,64,512,512,256.868
12635,256,512,512,349.178
9668,64,2048,512,325.686
4405,64,512,512,198.737
10699,64,512,512,359.811
4559,64,512,512,196.636
9516,64,512,512,328.534
4352,64,512,512,221.026
15753,64,512,512,434.266
5559,64,512,512,240.13
12052,64,512,512,371.117
14538,256,512,512,371.484
11200,64,2048,512,334.129
2258,64,512,512,129.287
8183,64,512,512,318.219
2408,64,512,512,128.701
6857,64,512,512,256.336
4500,64,512,512,228.833
23566,64,512,512,662.246
5989,64,512,512,258.704
17053,64,512,512,464.913
17556,256,512,512,404.05
14256,64,2048,512,267.342
742,64,512,512,52.2718
2728,64,512,512,149.275
806,64,512,512,63.2652
2370,64,512,512,128.56
21989,256,512,512,424.785
16969,64,2048,512,447.554
1040,64,512,512,68.7602
6990,64,512,512,292.469
971,64,512,512,66.5979
10210,64,512,512,315.709
4276,256,512,512,167.621
3145,64,2048,512,173.088
1083,64,512,512,76.564
7508,64,512,512,324.811
989,64,512,512,69.8692
5246,64,512,512,192.478
3167,256,512,512,137.756
2309,64,2048,512,137.851
1566,64,512,512,96.1328
4323,64,512,512,209.346
1368,64,512,512,83.9523
3317,64,512,512,132.468
2099,256,512,512,98.6837
1606,64,2048,512,110.416
1259,64,512,512,83.8493
3983,64,512,512,212.597
1243,64,512,512,83.2829
2880,64,512,512,147.768
1483,256,512,512,72.0079
1166,64,2048,512,72.6481
827,64,512,512,58.1574
1872,64,512,512,121.519
712,64,512,512,50.6761
1394,64,512,512,79.0027
1887,256,512,512,89.22
1200,64,2048,512,72.9929
419,64,512,512,33.7495
812,64,512,512,56.7038
391,64,512,512,28.4985
645,64,512,512,44.4214
131072,64,512,512,2149.25
131072,64,512,512,2152.43
131072,64,512,512,2149.6
131072,64,512,512,2157.03
524288,256,512,512,2705.72
524288,64,2048,512,3002.19
131072,64,512,512,2175.11
131072,64,512,512,2154.02
131072,64,512,512,2169.35
131072,64,512,512,2151.01
131072,64,512,512,2152.43
131072,64,512,512,2145.38
131072,64,512,512,2143.63
131072,64,512,512,2160.23
524288,256,512,512,2710.76
524288,64,2048,512,2996.1
131072,64,512,512,2157.74
131072,64,512,512,2152.43
131072,64,512,512,2155.79
131072,64,512,512,2148.02
131071,64,512,512,2147.82
131072,64,512,512,2150.84
131072,64,512,512,2148.9
131072,64,512,512,2162.19
524288,256,512,512,2705.52
524288,64,2048,512,2992
131072,64,512,512,2142.75
131072,64,512,512,2146.08
131072,64,512,512,2147.49
131072,64,512,512,2146.61
131072,64,512,512,2149.96
131072,64,512,512,2140.13
131072,64,512,512,2144.5
131072,64,512,512,2152.07
524288,256,512,512,2707.19
524287,64,2048,512,2986.63
131072,64,512,512,2134.03
131072,64,512,512,2140.83
131072,64,512,512,2139.6
131072,64,512,512,2156.5
131072,64,512,512,2131.08
131072,64,512,512,2140.65
131072,64,512,512,2140.3
131072,64,512,512,2147.84
524288,256,512,512,2708.17
524288,64,2048,512,2994.73
131072,64,512,512,2135.07
131072,64,512,512,2137.86
131072,64,512,512,2134.72
131072,64,512,512,2142.75
131072,64,512,512,2145.03
131072,64,512,512,2142.58
131072,64,512,512,2138.73
131072,64,512,512,2151.54
524288,256,512,512,2714.76
524288,64,2048,512,2985.95
131072,64,512,512,2130.39
131072,64,512,512,2145.03
131072,64,512,512,2125.89
131072,64,512,512,2150.48
524288,256,512,512,2729.1
524288,64,2048,512,3055.82
131072,64,512,512,2203.44
131072,64,512,512,2360.38
131072,64,512,512,2172.58
131072,64,512,512,2199.93
524288,256,512,512,2720.61
524288,64,2048,512,3062.25
131072,64,512,512,2160.76
131072,64,512,512,2180.35
131072,64,512,512,2148.72
131072,64,512,512,2159.52
524288,256,512,512,2712.23
524288,64,2048,512,3120.95
131072,64,512,512,2154.73
131072,64,512,512,2157.39
131072,64,512,512,2156.68
131072,64,512,512,2157.92
524288,256,512,512,2712.02
524288,64,2048,512,3059.66
131072,64,512,512,2157.39
131072,64,512,512,2152.07
131072,64,512,512,2155.26
131072,64,512,512,2151.9
524288,256,512,512,2711.04
524288,64,2048,512,3042.17
131072,64,512,512,2150.31
131072,64,512,512,2143.63
131072,64,512,512,2153.49
131072,64,512,512,2144.33
524288,256,512,512,2708.59
524288,64,2048,512,3043.14
131072,64,512,512,2147.84
131072,64,512,512,2145.56
131072,64,512,512,2148.72
131072,64,512,512,2139.95
104857,64,512,512,1724.9
104857,64,512,512,1728.89
104857,64,512,512,1729.17
104857,64,512,512,1721.93
419430,256,512,512,2175.69
419430,64,2048,512,2464.77
104857,64,512,512,1755.81
104857,64,512,512,1729.31
104857,64,512,512,1756.25
104857,64,512,512,1745.14
104857,64,512,512,1727.6
104857,64,512,512,1732.46
104857,64,512,512,1731.31
104857,64,512,512,1735.04
419430,256,512,512,2180.05
419430,64,2048,512,2477.22
104857,64,512,512,1725.76
104857,64,512,512,1733.6
104857,64,512,512,1733.46
104857,64,512,512,1722.78
104857,64,512,512,1726.61
104856,64,512,512,1736.03
104857,64,512,512,1733.89
104857,64,512,512,1737.05
419430,256,512,512,2179.42
419430,64,2048,512,2470.43
104857,64,512,512,1727.6
104857,64,512,512,1730.88
104857,64,512,512,1726.61
104857,64,512,512,1734.46
104857,64,512,512,1730.46
104857,64,512,512,1732.31
104857,64,512,512,1729.88
104857,64,512,512,1728.17
419429,256,512,512,2178.17
419429,64,2048,512,2464.84
104857,64,512,512,1721.93
104857,64,512,512,1724.2
104857,64,512,512,1722.36
104857,64,512,512,1724.2
104857,64,512,512,1728.17
104857,64,512,512,1722.78
104857,64,512,512,1722.64
104857,64,512,512,1741.09
419430,256,512,512,2176.99
419430,64,2048,512,2458.77
104857,64,512,512,1731.6
104857,64,512,512,1731.46
104857,64,512,512,1734.03
104857,64,512,512,1726.89
104857,64,512,512,1736.47
104857,64,512,512,1725.61
104857,64,512,512,1732.17
104857,64,512,512,1741.23
419430,256,512,512,2178.97
419430,64,2048,512,2458.41
104857,64,512,512,1731.46
104857,64,512,512,1729.74
104857,64,512,512,1736.33
104857,64,512,512,1734.75
419430,256,512,512,2214.11
419430,64,2048,512,2539.3
104857,64,512,512,1801.67
104857,64,512,512,1909.96
104857,64,512,512,1808.81
104857,64,512,512,1790.9
419430,256,512,512,2182.94
419430,64,2048,512,2565.87
104857,64,512,512,1743.11
104857,64,512,512,1786.01
104857,64,512,512,1739.5
104857,64,512,512,1753.46
419430,256,512,512,2183.51
419430,64,2048,512,2558.28
104857,64,512,512,1722.07
104857,64,512,512,1730.6
104857,64,512,512,1719.39
104857,64,512,512,1740.22
419430,256,512,512,2179.14
419430,64,2048,512,2537.23
104857,64,512,512,1725.76
104857,64,512,512,1732.6
104857,64,512,512,1728.6
104857,64,512,512,1713.77
419429,256,512,512,2179.25
419430,64,2048,512,2543.92
104857,64,512,512,1728.46
104857,64,512,512,1735.61
104857,64,512,512,1729.17
104857,64,512,512,1732.6
419430,256,512,512,2177.11
419430,64,2048,512,2512.91
104857,64,512,512,1729.46
104857,64,512,512,1732.03
104857,64,512,512,1726.75
104857,64,512,512,1727.75
78643,64,512,512,1348.82
78642,64,512,512,1340.53
78643,64,512,512,1345.47
78643,64,512,512,1346.16
314572,256,512,512,1676.6
314572,64,2048,512,1956.72
78643,64,512,512,1332.03
78643,64,512,512,1348.01
78643,64,512,512,1330.34
78643,64,512,512,1389.94
78643,64,512,512,1328.43
78643,64,512,512,1329.1
78643,64,512,512,1332.93
78643,64,512,512,1336.67
314572,256,512,512,1681.03
314571,64,2048,512,1974.77
78643,64,512,512,1353.7
78643,64,512,512,1342.49
78643,64,512,512,1348.59
78643,64,512,512,1369.25
78643,64,512,512,1335.76
78643,64,512,512,1334.29
78643,64,512,512,1335.87
78643,64,512,512,1356.62
314572,256,512,512,1693.43
314572,64,2048,512,1996.33
78643,64,512,512,1335.08
78643,64,512,512,1352.18
78643,64,512,512,1344.21
78643,64,512,512,1342.72
78643,64,512,512,1349.63
78643,64,512,512,1342.03
78643,64,512,512,1333.72
78643,64,512,512,1361.19
314572,256,512,512,1685.13
314572,64,2048,512,1983.81
78643,64,512,512,1325.63
78643,64,512,512,1359.78
78643,64,512,512,1327.19
78643,64,512,512,1333.04
78643,64,512,512,1338.15
78643,64,512,512,1348.36
78643,64,512,512,1329.1
78643,64,512,512,1375
314572,256,512,512,1680.27
314572,64,2048,512,1979.25
78643,64,512,512,1328.54
78643,64,512,512,1366.75
78643,64,512,512,1334.51
78643,64,512,512,1341
78643,64,512,512,1341.8
78643,64,512,512,1360.37
78643,64,512,512,1320.95
78643,64,512,512,1390.43
314572,256,512,512,1682.56
314572,64,2048,512,1995.51
78643,64,512,512,1334.4
78643,64,512,512,1328.76
78643,64,512,512,1323.51
78643,64,512,512,1334.97
314572,256,512,512,1761.12
314572,64,2048,512,2019.46
78643,64,512,512,1412.15
78643,64,512,512,1437.58
78643,64,512,512,1398.22
78643,64,512,512,1457.97
314572,256,512,512,1732.08
314572,64,2048,512,2032.12
78643,64,512,512,1356.62
78643,64,512,512,1392.77
78643,64,512,512,1352.07
78643,64,512,512,1398.47
314572,256,512,512,1697.22
314572,64,2048,512,2065.14
78643,64,512,512,1366.99
78643,64,512,512,1355.1
78643,64,512,512,1367.82
78643,64,512,512,1384.07
314572,256,512,512,1703.84
314571,64,2048,512,2035.86
78643,64,512,512,1350.33
78643,64,512,512,1342.14
78643,64,512,512,1351.6
78643,64,512,512,1366.75
314572,256,512,512,1693.43
314572,64,2048,512,2013.13
78643,64,512,512,1359.9
78643,64,512,512,1353.11
78643,64,512,512,1355.1
78643,64,512,512,1351.72
314572,256,512,512,1696.35
314572,64,2048,512,2001.09
78643,64,512,512,1337.81
78643,64,512,512,1337.92
78643,64,512,512,1335.19
78643,64,512,512,1356.73
52428,64,512,512,999.485
52428,64,512,512,1006.78
52428,64,512,512,996.445
52428,64,512,512,1014.57
209715,256,512,512,1293.98
209715,64,2048,512,1454.44
52428,64,512,512,1011.15
52428,64,512,512,1012.61
52428,64,512,512,1010.27
52428,64,512,512,1026.19
52428,64,512,512,1000.44
52428,64,512,512,1010.66
52428,64,512,512,998.914
52428,64,512,512,978.408
209715,256,512,512,1295.7
209715,64,2048,512,1457.06
52428,64,512,512,995.405
52428,64,512,512,1015.85
52428,64,512,512,977.769
52428,64,512,512,1007.75
52428,64,512,512,1017.33
52428,64,512,512,1022.29
52428,64,512,512,997.773
52428,64,512,512,1001.49
209715,256,512,512,1291.55
209715,64,2048,512,1475.62
52428,64,512,512,1008.62
52428,64,512,512,1036.95
52428,64,512,512,1001.2
52428,64,512,512,1013.59
52428,64,512,512,1004.17
52428,64,512,512,1006.3
52428,64,512,512,986.973
52428,64,512,512,990.141
209715,256,512,512,1298.3
209715,64,2048,512,1466.28
52428,64,512,512,1006.29
52428,64,512,512,1001.01
52428,64,512,512,996.824
52428,64,512,512,984.748
52428,64,512,512,1018.51
52428,64,512,512,1003.31
52428,64,512,512,1001.97
52428,64,512,512,1016.44
209715,256,512,512,1292.14
209715,64,2048,512,1467.92
52428,64,512,512,997.109
52428,64,512,512,1014.18
52428,64,512,512,1000.44
52428,64,512,512,995.783
52428,64,512,512,986.881
52428,64,512,512,998.628
52428,64,512,512,995.972
52428,64,512,512,1016.93
209715,256,512,512,1296.5
209715,64,2048,512,1437
52428,64,512,512,1012.12
52428,64,512,512,1012.32
52428,64,512,512,1008.13
52428,64,512,512,1005.43
209715,256,512,512,1298.1
209715,64,2048,512,1422.62
52428,64,512,512,1075.12
52428,64,512,512,1021.69
52428,64,512,512,1117.87
52428,64,512,512,1047.41
209715,256,512,512,1304.32
209715,64,2048,512,1478.89
52428,64,512,512,1027.7
52428,64,512,512,1006.3
52428,64,512,512,1013.2
52428,64,512,512,1023.28
209715,256,512,512,1303.43
209715,64,2048,512,1493.32
52428,64,512,512,1013.98
52428,64,512,512,1006
52428,64,512,512,1011.93
52428,64,512,512,1019.11
209715,256,512,512,1291.27
209715,64,2048,512,1486.81
52428,64,512,512,1006.78
52428,64,512,512,1019.4
52428,64,512,512,999.771
52428,64,512,512,1000.34
209715,256,512,512,1307.25
209715,64,2048,512,1481.14
52428,64,512,512,998.343
52428,64,512,512,1005.81
52428,64,512,512,993.801
52428,64,512,512,1010.95
209715,256,512,512,1301.69
209715,64,2048,512,1486.92
52428,64,512,512,1013.1
52428,64,512,512,1005.04
52428,64,512,512,999.866
52428,64,512,512,1000.15
26214,64,512,512,643.604
26214,64,512,512,633.878
26214,64,512,512,629.993
26214,64,512,512,677.802
104857,256,512,512,1009.7
104857,64,2048,512,978.099
26214,64,512,512,676.054
26214,64,512,512,634.798
26214,64,512,512,674.836
26214,64,512,512,664.066
26214,64,512,512,653.961
26214,64,512,512,704.204
26214,64,512,512,630.372
26214,64,512,512,685.603
104857,256,512,512,1015.61
104857,64,2048,512,1002.17
26214,64,512,512,656.993
26214,64,512,512,695.147
26214,64,512,512,644.95
26214,64,512,512,630.903
26214,64,512,512,691.48
26214,64,512,512,706.481
26214,64,512,512,673.449
26214,64,512,512,641.4
104857,256,512,512,984.296
104857,64,2048,512,998.211
26214,64,512,512,659.804
26214,64,512,512,731.112
26214,64,512,512,662.89
26214,64,512,512,596.45
26214,64,512,512,673.709
26214,64,512,512,700.722
26214,64,512,512,662.639
26214,64,512,512,701.19
104857,256,512,512,997.688
104857,64,2048,512,971.528
26214,64,512,512,679.824
26214,64,512,512,741.032
26214,64,512,512,696.533
26214,64,512,512,607.086
26214,64,512,512,725.849
26214,64,512,512,730.501
26214,64,512,512,714.375
26214,64,512,512,675.88
104857,256,512,512,995.604
104857,64,2048,512,989.778
26214,64,512,512,670.264
26214,64,512,512,704.11
26214,64,512,512,660.219
26214,64,512,512,638.276
26214,64,512,512,741.032
26214,64,512,512,706.767
26214,64,512,512,726.15
26214,64,512,512,669.664
104857,256,512,512,1016.5
104857,64,2048,512,875.156
26214,64,512,512,717.7
26214,64,512,512,664.319
26214,64,512,512,731.316
26214,64,512,512,709.157
104857,256,512,512,1013.65
104857,64,2048,512,976.232
26214,64,512,512,670.95
26214,64,512,512,668.213
26214,64,512,512,707.626
26214,64,512,512,651.118
104857,256,512,512,1006.93
104857,64,2048,512,984.666
26214,64,512,512,698.947
26214,64,512,512,708.104
26214,64,512,512,692.119
26214,64,512,512,707.053
104857,256,512,512,975.323
104857,64,2048,512,1039.94
26214,64,512,512,705.057
26214,64,512,512,718.389
26214,64,512,512,690.933
26214,64,512,512,717.602
104857,256,512,512,962.918
104857,64,2048,512,1003.37
26214,64,512,512,682.124
26214,64,512,512,696.533
26214,64,512,512,662.388
26214,64,512,512,666.26
104857,256,512,512,973.467
104857,64,2048,512,992.729
26214,64,512,512,675.445
26214,64,512,512,693.768
26214,64,512,512,662.723
26214,64,512,512,660.136
104857,256,512,512,958.561
104857,64,2048,512,953.288
26214,64,512,512,703.071
26214,64,512,512,651.685
26214,64,512,512,693.401
26214,64,512,512,707.912
13107,64,512,512,369.993
13107,64,512,512,331.991
13107,64,512,512,378.05
13107,64,512,512,392.073
52428,256,512,512,559.232
52428,64,2048,512,689.072
13107,64,512,512,389.279
13107,64,512,512,351.96
13107,64,512,512,389.858
13107,64,512,512,373.685
13107,64,512,512,383.807
13107,64,512,512,385.898
13107,64,512,512,375.505
13107,64,512,512,388.586
52428,256,512,512,559.59
52428,64,2048,512,679.34
13107,64,512,512,388.644
13107,64,512,512,381.572
13107,64,512,512,377.397
13107,64,512,512,387.037
13107,64,512,512,398.571
13107,64,512,512,389.394
13107,64,512,512,381.795
13107,64,512,512,388.298
52428,256,512,512,561.148
52428,64,2048,512,694.365
13107,64,512,512,380.299
13107,64,512,512,403.603
13107,64,512,512,385.048
13107,64,512,512,377.996
13107,64,512,512,402.55
13107,64,512,512,389.742
13107,64,512,512,370.516
13107,64,512,512,393.545
52428,256,512,512,560.967
52427,64,2048,512,670.293
13107,64,512,512,394.492
13107,64,512,512,384.088
13107,64,512,512,385.841
13107,64,512,512,368.692
13107,64,512,512,404.787
13107,64,512,512,385.217
13107,64,512,512,392.425
13107,64,512,512,399.787
52428,256,512,512,561.117
52428,64,2048,512,686.411
13107,64,512,512,396.461
13107,64,512,512,372.147
13107,64,512,512,393.131
13107,64,512,512,390.032
13107,64,512,512,409.979
13107,64,512,512,390.438
13107,64,512,512,386.809
13107,64,512,512,397.242
52428,256,512,512,559.859
52428,64,2048,512,559.083
13107,64,512,512,390.148
13107,64,512,512,357.285
13107,64,512,512,393.19
13107,64,512,512,389.916
52428,256,512,512,566.667
52428,64,2048,512,751.71
13107,64,512,512,409.722
13107,64,512,512,391.488
13107,64,512,512,392.367
13107,64,512,512,401.624
52428,256,512,512,570.366
52427,64,2048,512,681.534
13107,64,512,512,402.364
13107,64,512,512,387.38
13107,64,512,512,396.701
13107,64,512,512,388.759
52427,256,512,512,570.417
52428,64,2048,512,710.695
13107,64,512,512,397.182
13107,64,512,512,375.505
13107,64,512,512,396.941
13107,64,512,512,394.374
52428,256,512,512,569.034
52428,64,2048,512,714.181
13107,64,512,512,378.76
13107,64,512,512,387.61
13107,64,512,512,366.066
13107,64,512,512,377.234
52428,256,512,512,563.56
52428,64,2048,512,689.434
13107,64,512,512,381.184
13107,64,512,512,380.52
13107,64,512,512,380.907
13107,64,512,512,383.583
52428,256,512,512,562.834
52428,64,2048,512,698.76
13107,64,512,512,393.191
13107,64,512,512,386.524
13107,64,512,512,390.438
13107,64,512,512,394.433
5242,64,512,512,224.401
5242,64,512,512,187.717
5242,64,512,512,214.748
5242,64,512,512,237.948
20971,256,512,512,404.767
20971,64,2048,512,437.991
5242,64,512,512,228.659
5242,64,512,512,202.746
5242,64,512,512,230.165
5242,64,512,512,226.534
5242,64,512,512,215.454
5242,64,512,512,221.275
5242,64,512,512,210.1
5242,64,512,512,217.827
20971,256,512,512,425.462
20971,64,2048,512,481.041
5242,64,512,512,222.402
5242,64,512,512,237.84
5242,64,512,512,208.886
5242,64,512,512,223.587
5242,64,512,512,248.201
5242,64,512,512,224.545
5242,64,512,512,238.707
5242,64,512,512,238.652
20971,256,512,512,425.031
20971,64,2048,512,488.436
5242,64,512,512,232.668
5242,64,512,512,236.392
5242,64,512,512,225.705
5242,64,512,512,211.329
5242,64,512,512,249.382
5242,64,512,512,239.142
5242,64,512,512,236.392
5242,64,512,512,222.449
20971,256,512,512,424.342
20971,64,2048,512,471.205
5242,64,512,512,238.273
5242,64,512,512,239.416
5242,64,512,512,237.302
5242,64,512,512,241.233
5242,64,512,512,256.647
5242,64,512,512,238.381
5242,64,512,512,243.757
5242,64,512,512,240.183
20971,256,512,512,425.548
20971,64,2048,512,462.477
5242,64,512,512,252.81
5242,64,512,512,220.855
5242,64,512,512,238.761
5242,64,512,512,237.625
5242,64,512,512,256.584
5242,64,512,512,239.088
5242,64,512,512,241.122
5242,64,512,512,246.799
20971,256,512,512,421.105
20971,64,2048,512,393.194
5242,64,512,512,252.384
5242,64,512,512,185.001
5242,64,512,512,240.018
5242,64,512,512,223.54
20971,256,512,512,432.303
20971,64,2048,512,518.763
5242,64,512,512,223.112
5242,64,512,512,228.36
5242,64,512,512,244.497
5242,64,512,512,192.508
20971,256,512,512,427.543
20971,64,2048,512,469.885
5242,64,512,512,242.461
5242,64,512,512,213.003
5242,64,512,512,228.709
5242,64,512,512,234.332
20971,256,512,512,415.226
20971,64,2048,512,471.417
5242,64,512,512,241.846
5242,64,512,512,229.661
5242,64,512,512,237.84
5242,64,512,512,241.122
20971,256,512,512,398.612
20971,64,2048,512,460.395
5242,64,512,512,238.924
5242,64,512,512,224.738
5242,64,512,512,237.679
5242,64,512,512,236.606
20970,256,512,512,400.841
20971,64,2048,512,448.29
5242,64,512,512,230.114
5242,64,512,512,221.509
5242,64,512,512,223.826
5242,64,512,512,243.192
20971,256,512,512,423.058
20971,64,2048,512,442.099
5242,64,512,512,222.543
5242,64,512,512,210.988
5242,64,512,512,212.571
5242,64,512,512,231.947
131072,64,512,512,2142.57
131072,64,512,512,2141.53
131072,64,512,512,2132.47
131072,64,512,512,2128.14
524288,256,512,512,2715.25
524288,64,2048,512,2987.48
131072,64,512,512,2139.43
131072,64,512,512,2122.8
131072,64,512,512,2123.31
131072,64,512,512,2142.75
131072,64,512,512,2143.63
131072,64,512,512,2139.95
131072,64,512,512,2125.72
131072,64,512,512,2142.93
524288,256,512,512,2706.21
524288,64,2048,512,2985.44
131072,64,512,512,2142.4
131072,64,512,512,2142.93
131072,64,512,512,2143.8
131072,64,512,512,2130.91
131072,64,512,512,2142.75
131072,64,512,512,2142.23
131072,64,512,512,2140.83
131072,64,512,512,2133.33
524288,256,512,512,2709.99
524288,64,2048,512,2986.8
131072,64,512,512,2130.39
131072,64,512,512,2131.95
131072,64,512,512,2131.6
131072,64,512,512,2139.08
131072,64,512,512,2133.85
131072,64,512,512,2127.45
131072,64,512,512,2145.56
131072,64,512,512,2141.88
524288,256,512,512,2705.86
524288,64,2048,512,2982.98
131072,64,512,512,2145.73
131072,64,512,512,2146.79
131072,64,512,512,2143.45
131072,64,512,512,2142.05
131072,64,512,512,2138.55
131072,64,512,512,2141.35
131072,64,512,512,2137.86
131072,64,512,512,2139.6
524288,256,512,512,2702.52
524288,64,2048,512,2989.27
131072,64,512,512,2129.7
131072,64,512,512,2147.49
131072,64,512,512,2145.03
131072,64,512,512,2150.66
131072,64,512,512,2126.59
131072,64,512,512,2142.58
131072,64,512,512,2125.21
131072,64,512,512,2137.86
524288,256,512,512,2706.21
524288,64,2048,512,2982.72
131072,64,512,512,2128.83
131072,64,512,512,2148.9
131072,64,512,512,2131.08
131072,64,512,512,2290.67
524288,256,512,512,2890.55
524288,64,2048,512,3167.8
131072,64,512,512,2265.13
131072,64,512,512,2284.88
131072,64,512,512,2284.08
131072,64,512,512,2282.69
524288,256,512,512,2893.1
524288,64,2048,512,3166.56
131072,64,512,512,2281.7
131072,64,512,512,2288.67
131072,64,512,512,2267.49
131072,64,512,512,2281.5
524288,256,512,512,2890.79
524288,64,2048,512,3167.23
131072,64,512,512,2287.87
131072,64,512,512,2290.07
131072,64,512,512,2280.11
131072,64,512,512,2284.68
524288,256,512,512,2894.54
524288,64,2048,512,2979.08
131072,64,512,512,2128.83
131072,64,512,512,2144.68
131072,64,512,512,2144.15
131072,64,512,512,2143.45
524288,256,512,512,2704.19
524288,64,2048,512,2985.53
131072,64,512,512,2132.29
131072,64,512,512,2140.13
131072,64,512,512,2124.86
131072,64,512,512,2127.28
524288,256,512,512,2710.06
524288,64,2048,512,2982.38
131072,64,512,512,2151.01
131072,64,512,512,2131.43
131072,64,512,512,2151.9
131072,64,512,512,2129.7
104857,64,512,512,1730.03
104857,64,512,512,1726.89
104857,64,512,512,1733.17
104857,64,512,512,1726.75
419430,256,512,512,2177.67
419430,64,2048,512,2430.56
104857,64,512,512,1719.67
104857,64,512,512,1722.21
104857,64,512,512,1721.79
104857,64,512,512,1725.47
104857,64,512,512,1724.9
104857,64,512,512,1720.8
104857,64,512,512,1721.08
104857,64,512,512,1727.04
419430,256,512,512,2177.11
419431,64,2048,512,2434.09
104857,64,512,512,1727.46
104857,64,512,512,1721.37
104857,64,512,512,1727.18
104857,64,512,512,1728.46
104857,64,512,512,1729.89
104857,64,512,512,1729.89
104857,64,512,512,1723.06
104857,64,512,512,1722.5
419430,256,512,512,2177.27
419430,64,2048,512,2433.8
104857,64,512,512,1723.49
104857,64,512,512,1725.9
104857,64,512,512,1727.75
104857,64,512,512,1727.04
104857,64,512,512,1723.49
104857,64,512,512,1720.94
104857,64,512,512,1724.76
104857,64,512,512,1726.89
419430,256,512,512,2180.1
419430,64,2048,512,2435.08
104857,64,512,512,1727.75
104857,64,512,512,1730.88
104857,64,512,512,1727.18
104857,64,512,512,1730.74
104857,64,512,512,1732.03
104857,64,512,512,1730.46
104857,64,512,512,1727.32
104857,64,512,512,1725.19
419430,256,512,512,2176.99
419430,64,2048,512,2427.75
104857,64,512,512,1729.03
104857,64,512,512,1725.19
104857,64,512,512,1726.47
104857,64,512,512,1732.03
104857,64,512,512,1722.78
104857,64,512,512,1728.17
104857,64,512,512,1730.31
104857,64,512,512,1727.32
419430,256,512,512,2176.77
419430,64,2048,512,2450.66
104857,64,512,512,1731.6
104857,64,512,512,1731.31
104857,64,512,512,1730.46
104857,64,512,512,1734.18
419430,256,512,512,2178.24
419430,64,2048,512,2441.6
104857,64,512,512,1717.7
104857,64,512,512,1728.46
104857,64,512,512,1724.05
104857,64,512,512,1721.65
419430,256,512,512,2178.41
419430,64,2048,512,2435.15
104857,64,512,512,1721.65
104857,64,512,512,1720.1
104857,64,512,512,1720.66
104857,64,512,512,1724.34
419430,256,512,512,2179.03
419430,64,2048,512,2432.11
104857,64,512,512,1729.6
104857,64,512,512,1731.88
104857,64,512,512,1728.6
104857,64,512,512,1724.76
419430,256,512,512,2179.25
419430,64,2048,512,2431.83
104857,64,512,512,1733.17
104857,64,512,512,1727.61
104857,64,512,512,1725.47
104857,64,512,512,1725.19
419430,256,512,512,2178.12
419430,64,2048,512,2436.63
104857,64,512,512,1730.6
104857,64,512,512,1724.05
104857,64,512,512,1729.03
104857,64,512,512,1722.5
419430,256,512,512,2179.42
419430,64,2048,512,2442.31
104857,64,512,512,1719.67
104857,64,512,512,1717.7
104857,64,512,512,1722.36
104857,64,512,512,1716.58
78643,64,512,512,1322.84
78643,64,512,512,1326.97
78643,64,512,512,1314.33
78643,64,512,512,1322.62
314572,256,512,512,1679.96
314572,64,2048,512,1945.59
78643,64,512,512,1328.43
78643,64,512,512,1316.97
78643,64,512,512,1318.29
78643,64,512,512,1311.26
78643,64,512,512,1327.31
78643,64,512,512,1325.96
78643,64,512,512,1328.54
78643,64,512,512,1316.75
314572,256,512,512,1671.97
314572,64,2048,512,1951.2
78643,64,512,512,1327.08
78643,64,512,512,1325.18
78643,64,512,512,1325.63
78643,64,512,512,1323.51
78643,64,512,512,1338.03
78643,64,512,512,1324.07
78643,64,512,512,1336.21
78643,64,512,512,1325.07
314572,256,512,512,1678.88
314572,64,2048,512,1949.2
78643,64,512,512,1331.91
78643,64,512,512,1329.77
78643,64,512,512,1327.75
78643,64,512,512,1322.84
78643,64,512,512,1327.19
78643,64,512,512,1341.46
78643,64,512,512,1342.72
78643,64,512,512,1334.06
314572,256,512,512,1678.66
314572,64,2048,512,1951.93
78643,64,512,512,1325.4
78643,64,512,512,1330.22
78643,64,512,512,1331.13
78643,64,512,512,1331.58
78643,64,512,512,1325.29
78643,64,512,512,1323.17
78643,64,512,512,1326.86
78643,64,512,512,1325.52
314572,256,512,512,1694.62
314572,64,2048,512,1956.17
78643,64,512,512,1330.67
78643,64,512,512,1323.73
78643,64,512,512,1324.62
78643,64,512,512,1326.63
78643,64,512,512,1337.12
78643,64,512,512,1316.86
78643,64,512,512,1325.29
78643,64,512,512,1325.18
314572,256,512,512,1684.46
314572,64,2048,512,1949.14
78643,64,512,512,1329.21
78643,64,512,512,1325.85
78643,64,512,512,1325.18
78643,64,512,512,1332.82
314572,256,512,512,1682.61
314572,64,2048,512,1943.48
78643,64,512,512,1335.87
78643,64,512,512,1319.29
78643,64,512,512,1317.74
78643,64,512,512,1325.85
314572,256,512,512,1675.57
314572,64,2048,512,1948.36
78643,64,512,512,1313.23
78643,64,512,512,1322.51
78643,64,512,512,1325.52
78643,64,512,512,1334.97
314572,256,512,512,1673.43
314572,64,2048,512,1940.85
78643,64,512,512,1329.33
78643,64,512,512,1323.29
78643,64,512,512,1324.73
78643,64,512,512,1324.73
314572,256,512,512,1681.08
314572,64,2048,512,1946.55
78643,64,512,512,1331.69
78643,64,512,512,1349.05
78643,64,512,512,1335.87
78643,64,512,512,1324.96
314572,256,512,512,1670.19
314572,64,2048,512,1948.06
78643,64,512,512,1326.41
78643,64,512,512,1325.96
78643,64,512,512,1323.29
78643,64,512,512,1324.85
314572,256,512,512,1684.82
314572,64,2048,512,1950.72
78643,64,512,512,1315.98
78643,64,512,512,1324.96
78643,64,512,512,1336.1
78643,64,512,512,1326.75
52428,64,512,512,995.027
52428,64,512,512,1000.25
52428,64,512,512,1002.06
52428,64,512,512,1005.14
209715,256,512,512,1298.83
209715,64,2048,512,1440.55
52428,64,512,512,1010.85
52428,64,512,512,1000.06
52428,64,512,512,1004.17
52428,64,512,512,1000.15
52428,64,512,512,1006.1
52428,64,512,512,1000.34
52428,64,512,512,1003.89
52428,64,512,512,1004.56
209715,256,512,512,1294.14
209715,64,2048,512,1434.49
52428,64,512,512,1006
52428,64,512,512,1001.49
52428,64,512,512,999.294
52428,64,512,512,993.895
52428,64,512,512,996.446
52428,64,512,512,996.73
52428,64,512,512,1006.01
52428,64,512,512,1002.35
209715,256,512,512,1295.26
209715,64,2048,512,1435.62
52428,64,512,512,1005.81
52428,64,512,512,1004.56
52428,64,512,512,1002.06
52428,64,512,512,1003.21
52428,64,512,512,1007.55
52428,64,512,512,1009.39
52428,64,512,512,1005.33
52428,64,512,512,999.866
209715,256,512,512,1298.51
209715,64,2048,512,1449.16
52428,64,512,512,999.866
52428,64,512,512,1004.27
52428,64,512,512,1001.3
52428,64,512,512,1000.25
52428,64,512,512,1000.53
52428,64,512,512,1000.34
52428,64,512,512,1001.39
52428,64,512,512,1011.63
209715,256,512,512,1295.06
209715,64,2048,512,1448.01
52428,64,512,512,990.89
52428,64,512,512,999.866
52428,64,512,512,998.914
52428,64,512,512,996.256
52428,64,512,512,996.919
52428,64,512,512,988.368
52428,64,512,512,992.484
52428,64,512,512,988.555
209715,256,512,512,1302.7
209715,64,2048,512,1438.03
52428,64,512,512,998.438
52428,64,512,512,1001.11
52428,64,512,512,996.824
52428,64,512,512,1004.94
209716,256,512,512,1291.91
209715,64,2048,512,1437.34
52428,64,512,512,1005.23
52428,64,512,512,1002.93
52428,64,512,512,998.914
52428,64,512,512,1002.64
209715,256,512,512,1297.78
209715,64,2048,512,1444.62
52428,64,512,512,1000.25
52428,64,512,512,997.583
52428,64,512,512,1000.34
52428,64,512,512,999.199
209715,256,512,512,1298.63
209715,64,2048,512,1444.12
52428,64,512,512,1004.17
52428,64,512,512,1004.17
52428,64,512,512,1006.68
52428,64,512,512,1005.91
209715,256,512,512,1300.56
209715,64,2048,512,1441.59
52428,64,512,512,999.485
52428,64,512,512,998.533
52428,64,512,512,998.343
52428,64,512,512,1001.39
209715,256,512,512,1292.74
209715,64,2048,512,1446.41
52428,64,512,512,995.216
52429,64,512,512,1003.43
52428,64,512,512,1001.01
52428,64,512,512,999.294
209715,256,512,512,1296.94
209715,64,2048,512,1444.02
52428,64,512,512,1001.49
52428,64,512,512,1000.44
52428,64,512,512,1005.72
52428,64,512,512,1001.58
26214,64,512,512,736.97
26214,64,512,512,736.763
26214,64,512,512,731.112
26214,64,512,512,738.111
104857,256,512,512,1012.52
104857,64,2048,512,1008.68
26214,64,512,512,731.214
26214,64,512,512,734.286
26214,64,512,512,736.659
26214,64,512,512,725.748
26214,64,512,512,733.054
26214,64,512,512,739.882
26214,64,512,512,731.112
26214,64,512,512,728.674
104857,256,512,512,1031.25
104857,64,2048,512,999.495
26214,64,512,512,739.777
26214,64,512,512,734.492
26214,64,512,512,738.111
26214,64,512,512,726.05
26214,64,512,512,741.976
26214,64,512,512,742.501
26214,64,512,512,745.245
26214,64,512,512,734.698
104857,256,512,512,1017.14
104857,64,2048,512,997.688
26214,64,512,512,729.789
26214,64,512,512,736.039
26214,64,512,512,724.344
26214,64,512,512,731.214
26214,64,512,512,724.444
26214,64,512,512,733.259
26214,64,512,512,732.031
26214,64,512,512,740.927
104857,256,512,512,1010.96
104857,64,2048,512,1002.07
26214,64,512,512,737.488
26214,64,512,512,740.3
26214,64,512,512,743.765
26214,64,512,512,736.866
26214,64,512,512,732.542
26214,64,512,512,728.775
26214,64,512,512,732.952
26214,64,512,512,732.338
104857,256,512,512,1013.75
104857,64,2048,512,999.352
26214,64,512,512,733.567
26214,64,512,512,735.007
26214,64,512,512,731.01
26214,64,512,512,729.891
26214,64,512,512,734.492
26214,64,512,512,735.213
26214,64,512,512,741.451
26214,64,512,512,735.419
104857,256,512,512,1012.77
104857,64,2048,512,1000.26
26214,64,512,512,727.258
26214,64,512,512,725.347
26214,64,512,512,739.256
26214,64,512,512,730.705
104857,256,512,512,1014.43
104857,64,2048,512,1005.97
26214,64,512,512,738.839
26214,64,512,512,738.631
26214,64,512,512,729.992
26214,64,512,512,732.235
104857,256,512,512,1019.51
104857,64,2048,512,1008.29
26214,64,512,512,734.389
26214,64,512,512,738.111
26214,64,512,512,733.054
26214,64,512,512,735.626
104857,256,512,512,1020.06
104857,64,2048,512,984.804
26214,64,512,512,734.183
26214,64,512,512,733.259
26214,64,512,512,741.242
26214,64,512,512,727.258
104857,256,512,512,1010.82
104857,64,2048,512,990.386
26214,64,512,512,739.777
26214,64,512,512,726.754
26214,64,512,512,728.876
26214,64,512,512,723.345
104857,256,512,512,1020.16
104857,64,2048,512,1004.81
26214,64,512,512,734.904
26214,64,512,512,741.556
26214,64,512,512,735.007
26214,64,512,512,717.308
104857,256,512,512,1017.39
104857,64,2048,512,990.245
26214,64,512,512,729.485
26214,64,512,512,734.904
26214,64,512,512,738.111
26214,64,512,512,734.595
13107,64,512,512,397.483
13107,64,512,512,393.25
13107,64,512,512,381.906
13107,64,512,512,399.726
52428,256,512,512,563.288
52428,64,2048,512,730.043
13107,64,512,512,392.602
13107,64,512,512,394.492
13107,64,512,512,393.191
13107,64,512,512,386.923
13107,64,512,512,397.242
13107,64,512,512,393.132
13107,64,512,512,395.445
13107,64,512,512,396.401
52428,256,512,512,562.502
52428,64,2048,512,715.399
13107,64,512,512,398.814
13107,64,512,512,395.624
13107,64,512,512,393.84
13107,64,512,512,394.374
13107,64,512,512,393.84
13107,64,512,512,397.664
13107,64,512,512,396.401
13107,64,512,512,400.031
52428,256,512,512,564.258
52428,64,2048,512,730.5
13107,64,512,512,396.821
13107,64,512,512,402.056
13107,64,512,512,394.611
13107,64,512,512,399.482
13107,64,512,512,398.147
13107,64,512,512,400.704
13107,64,512,512,394.908
13107,64,512,512,398.087
52428,256,512,512,561.057
52428,64,2048,512,723.694
13107,64,512,512,395.922
13107,64,512,512,388.529
13107,64,512,512,393.309
13107,64,512,512,396.461
13107,64,512,512,394.908
13107,64,512,512,394.789
13107,64,512,512,396.521
13107,64,512,512,393.368
52428,256,512,512,564.501
52428,64,2048,512,734.543
13107,64,512,512,383.022
13107,64,512,512,393.191
13107,64,512,512,393.191
13107,64,512,512,389.742
13107,64,512,512,388.817
13107,64,512,512,399.239
13107,64,512,512,396.521
13107,64,512,512,396.641
52428,256,512,512,561.929
52428,64,2048,512,728.572
13107,64,512,512,401.871
13107,64,512,512,398.147
13107,64,512,512,392.191
13107,64,512,512,390.729
52428,256,512,512,565.933
52428,64,2048,512,728.167
13107,64,512,512,399.117
13107,64,512,512,398.329
13107,64,512,512,397.544
13107,64,512,512,394.492
52428,256,512,512,562.02
52428,64,2048,512,733.618
13107,64,512,512,403.169
13107,64,512,512,393.84
13107,64,512,512,391.897
13107,64,512,512,397.423
52428,256,512,512,566.759
52428,64,2048,512,730.246
13107,64,512,512,384.934
13107,64,512,512,389.974
13107,64,512,512,396.281
13107,64,512,512,399.543
52428,256,512,512,562.472
52428,64,2048,512,731.622
13107,64,512,512,398.753
13107,64,512,512,402.55
13107,64,512,512,391.312
13107,64,512,512,399.543
52428,256,512,512,563.167
52428,64,2048,512,728.471
13107,64,512,512,391.488
13107,64,512,512,393.604
13107,64,512,512,395.803
13107,64,512,512,396.042
52428,256,512,512,563.439
52428,64,2048,512,729.332
13107,64,512,512,388.126
13107,64,512,512,399.909
13107,64,512,512,398.329
13107,64,512,512,389.568
5242,64,512,512,249.976
5242,64,512,512,245.93
5242,64,512,512,248.201
5242,64,512,512,248.554
20971,256,512,512,426.891
20971,64,2048,512,553.69
5242,64,512,512,238.11
5242,64,512,512,249.738
5242,64,512,512,246.857
5242,64,512,512,249.026
5242,64,512,512,240.404
5242,64,512,512,248.025
5242,64,512,512,239.525
5242,64,512,512,247.79
20971,256,512,512,432.124
20971,64,2048,512,555.303
5242,64,512,512,249.441
5242,64,512,512,244.269
5242,64,512,512,248.142
5242,64,512,512,249.382
5242,64,512,512,245.412
5242,64,512,512,247.148
5242,64,512,512,237.141
5242,64,512,512,249.917
20971,256,512,512,429.426
20971,64,2048,512,555.965
5242,64,512,512,247.556
5242,64,512,512,249.263
5242,64,512,512,249.501
5242,64,512,512,248.613
5242,64,512,512,248.849
5242,64,512,512,241.901
5242,64,512,512,248.436
5242,64,512,512,237.248
20971,256,512,512,429.602
20971,64,2048,512,554.129
5242,64,512,512,239.909
5242,64,512,512,249.738
5242,64,512,512,250.335
5242,64,512,512,243.361
5242,64,512,512,248.908
5242,64,512,512,250.155
5242,64,512,512,249.679
5242,64,512,512,249.798
20971,256,512,512,426.197
20971,64,2048,512,553.69
5242,64,512,512,248.142
5242,64,512,512,248.554
5242,64,512,512,238.327
5242,64,512,512,249.798
5242,64,512,512,248.084
5242,64,512,512,250.754
5242,64,512,512,243.757
5242,64,512,512,245.815
20971,256,512,512,431.413
20971,64,2048,512,556.26
5242,64,512,512,245.527
5242,64,512,512,238.327
5242,64,512,512,237.84
5242,64,512,512,251.596
20971,256,512,512,428.067
20971,64,2048,512,551.869
5242,64,512,512,247.556
5242,64,512,512,235.861
5242,64,512,512,242.181
5242,64,512,512,240.183
20971,256,512,512,428.286
20971,64,2048,512,557.962
5242,64,512,512,247.148
5242,64,512,512,248.908
5242,64,512,512,247.79
5242,64,512,512,241.79
20971,256,512,512,427.805
20971,64,2048,512,556.851
5242,64,512,512,248.672
5242,64,512,512,240.68
5242,64,512,512,248.731
5242,64,512,512,243.418
20971,256,512,512,426.587
20971,64,2048,512,553.179
5242,64,512,512,236.073
5242,64,512,512,247.673
5242,64,512,512,238.11
5242,64,512,512,250.275
20971,256,512,512,427.674
20971,64,2048,512,556.851
5242,64,512,512,249.026
5242,64,512,512,249.145
5242,64,512,512,241.901
5242,64,512,512,240.79
20971,256,512,512,429.734
20971,64,2048,512,555.597
5242,64,512,512,249.56
5242,64,512,512,249.917
5242,64,512,512,249.026
5242,64,512,512,241.067
144656,64,512,512,2371.99
145219,64,512,512,2354.01
143086,64,512,512,2340.69
134140,64,512,512,2196.32
617373,256,512,512,3193.86
511909,64,2048,512,2919.52
152784,64,512,512,2505.48
177501,64,512,512,2904.38
138819,64,512,512,2279.08
175788,64,512,512,2869.31
148318,64,512,512,2396.09
146820,64,512,512,2381.51
139898,64,512,512,2276.8
135158,64,512,512,2211.9
605239,256,512,512,3128.74
498916,64,2048,512,2847.86
135302,64,512,512,2212.62
167130,64,512,512,2728.21
127129,64,512,512,2076.76
160282,64,512,512,2588.33
137228,64,512,512,2220.7
141001,64,512,512,2271.46
127709,64,512,512,2093.76
127997,64,512,512,2087.7
614701,256,512,512,3178.8
495116,64,2048,512,2828.26
141404,64,512,512,2281.26
162547,64,512,512,2641.97
133241,64,512,512,2166.7
157924,64,512,512,2559.96
140148,64,512,512,2270.52
155781,64,512,512,2531.38
131610,64,512,512,2140.87
141524,64,512,512,2306.83
622718,256,512,512,3216.27
500156,64,2048,512,2845.92
145809,64,512,512,2359.37
161899,64,512,512,2637.01
134961,64,512,512,2184.54
157923,64,512,512,2562.44
144846,64,512,512,2351.21
169827,64,512,512,2762.09
137419,64,512,512,2228.84
157723,64,512,512,2552.36
638805,256,512,512,3301.57
520728,64,2048,512,2963.56
138115,64,512,512,2243.04
151839,64,512,512,2470.94
128572,64,512,512,2107.39
149774,64,512,512,2421.96
147527,64,512,512,2392.78
166724,64,512,512,2718.48
145068,64,512,512,2350.42
157919,64,512,512,2586.29
662743,256,512,512,3415.85
529525,64,2048,512,3017.58
123866,64,512,512,2031.09
147677,64,512,512,2388.82
110753,64,512,512,1821.89
145625,64,512,512,2345.76
485342,256,512,512,2516.42
372276,64,2048,512,2282.29
137762,64,512,512,2258.21
152588,64,512,512,2480.1
124825,64,512,512,2055.24
152847,64,512,512,2500.16
472169,256,512,512,2448.19
364688,64,2048,512,2362.51
105892,64,512,512,1733.94
152424,64,512,512,2471.21
96613,64,512,512,1613.71
141359,64,512,512,2305.46
498329,256,512,512,2580.15
374306,64,2048,512,2360.36
111037,64,512,512,1827.92
141993,64,512,512,2305.08
105115,64,512,512,1731
131116,64,512,512,2148.91
521358,256,512,512,2700.92
382228,64,2048,512,2321.95
112897,64,512,512,1855.49
135583,64,512,512,2201.2
105657,64,512,512,1729.25
124591,64,512,512,2044.49
524195,256,512,512,2719.91
379576,64,2048,512,2314.7
123414,64,512,512,2033.18
142424,64,512,512,2301.06
114404,64,512,512,1869.81
133618,64,512,512,2185.8
518126,256,512,512,2677.38
360766,64,2048,512,2215.8
127963,64,512,512,2107.25
137811,64,512,512,2234.11
119801,64,512,512,1978.06
131226,64,512,512,2159.92
110054,64,512,512,1859.33
100849,64,512,512,1758.48
69340,64,512,512,1301.3
69926,64,512,512,1273.35
520881,256,512,512,2699.71
420270,64,2048,512,2454.85
176573,64,512,512,2882.36
164906,64,512,512,2695.2
119346,64,512,512,1978.38
163179,64,512,512,2629.16
131179,64,512,512,2155.24
106332,64,512,512,1760.17
80702,64,512,512,1376.81
75910,64,512,512,1313.21
434108,256,512,512,2254.81
364167,64,2048,512,2206.6
115824,64,512,512,1914.13
118372,64,512,512,1954.14
73184,64,512,512,1262.77
95756,64,512,512,1604.76
132447,64,512,512,2174.47
106685,64,512,512,1762.8
85843,64,512,512,1436.58
78662,64,512,512,1352.28
451905,256,512,512,2345.61
377715,64,2048,512,2254.95
131164,64,512,512,2144.43
130939,64,512,512,2140.4
81929,64,512,512,1395.48
114764,64,512,512,1879.53
133557,64,512,512,2160.94
114906,64,512,512,1889.28
86931,64,512,512,1446.92
87415,64,512,512,1459.47
480220,256,512,512,2491.67
389027,64,2048,512,2305.55
144587,64,512,512,2344.72
131025,64,512,512,2145.67
92656,64,512,512,1529.1
115987,64,512,512,1914.77
144703,64,512,512,2349.84
128707,64,512,512,2116.54
97146,64,512,512,1600.16
100981,64,512,512,1660.05
519534,256,512,512,2686.11
435213,64,2048,512,2505.76
151362,64,512,512,2452
131393,64,512,512,2145.37
95590,64,512,512,1571.56
119793,64,512,512,1963.82
145197,64,512,512,2363.81
145080,64,512,512,2338.49
101998,64,512,512,1677.46
112628,64,512,512,1857.17
562881,256,512,512,2914.07
463789,64,2048,512,2661.93
130724,64,512,512,2141.26
106538,64,512,512,1746.09
68242,64,512,512,1192.31
94758,64,512,512,1558.9
464225,256,512,512,2408.37
348379,64,2048,512,2319.66
157973,64,512,512,2566.79
128921,64,512,512,2110.52
96673,64,512,512,1613.37
122165,64,512,512,2014.93
225571,256,512,512,1377.28
205326,64,2048,512,1719.72
65235,64,512,512,1173.4
83880,64,512,512,1574.32
37002,64,512,512,812.249
58084,64,512,512,1073.05
281342,256,512,512,1606.47
253598,64,2048,512,1841.87
84469,64,512,512,1438.75
98998,64,512,512,1669.44
45258,64,512,512,927.989
74105,64,512,512,1301.69
291371,256,512,512,1637.28
256402,64,2048,512,1854.29
109587,64,512,512,1812.85
99608,64,512,512,1658.89
60842,64,512,512,1099.42
76770,64,512,512,1310.29
301623,256,512,512,1635.26
236448,64,2048,512,1710.36
116101,64,512,512,1913.17
93737,64,512,512,1604.4
69341,64,512,512,1217.26
72872,64,512,512,1263.82
266304,256,512,512,1478.07
179846,64,2048,512,1482.78
118976,64,512,512,1962.33
87654,64,512,512,1468.48
69802,64,512,512,1217.44
68146,64,512,512,1207.08
69048,64,512,512,1240.75
70699,64,512,512,1331.68
55824,64,512,512,1097.38
51977,64,512,512,1007.11
440834,256,512,512,2290.11
349724,64,2048,512,2103.1
142988,64,512,512,2341
140146,64,512,512,2274.54
102718,64,512,512,1702.04
144324,64,512,512,2343.11
90907,64,512,512,1508.58
79001,64,512,512,1386.83
71333,64,512,512,1246.97
59864,64,512,512,1113.23
350127,256,512,512,1842.34
278118,64,2048,512,1816.52
77453,64,512,512,1340.02
97490,64,512,512,1609.54
58782,64,512,512,1067.6
79224,64,512,512,1345.06
72798,64,512,512,1271.58
80140,64,512,512,1355.32
60387,64,512,512,1102.76
59524,64,512,512,1089.09
377531,256,512,512,1970.52
301616,64,2048,512,1910.9
85602,64,512,512,1444.27
106244,64,512,512,1748.01
64319,64,512,512,1151.33
92139,64,512,512,1534.11
80374,64,512,512,1371.92
91729,64,512,512,1509.07
68532,64,512,512,1214.46
70060,64,512,512,1241.98
413100,256,512,512,2150.28
326865,64,2048,512,2015.2
100219,64,512,512,1654.19
112406,64,512,512,1856.26
76218,64,512,512,1302.09
99957,64,512,512,1650.68
89251,64,512,512,1484.79
113306,64,512,512,1868.66
75834,64,512,512,1300.42
88878,64,512,512,1488.62
454699,256,512,512,2361.34
370593,64,2048,512,2213.55
99341,64,512,512,1633.5
113026,64,512,512,1866.5
75788,64,512,512,1302.31
103039,64,512,512,1698.07
95971,64,512,512,1574.07
126777,64,512,512,2078.14
84980,64,512,512,1419.29
99415,64,512,512,1649.9
483495,256,512,512,2505.42
392291,64,2048,512,2313.79
78700,64,512,512,1349.22
89338,64,512,512,1480.82
60344,64,512,512,1091.9
81600,64,512,512,1370.97
377485,256,512,512,1972.85
263284,64,2048,512,1761.09
125652,64,512,512,2072.27
98723,64,512,512,1634.62
91651,64,512,512,1534.42
101724,64,512,512,1680.28
139876,256,512,512,1074.11
104165,64,2048,512,1147.76
40729,64,512,512,877.308
59136,64,512,512,1151.96
32292,64,512,512,780.472
38547,64,512,512,800.893
194581,256,512,512,1296.64
150283,64,2048,512,1323.44
42786,64,512,512,888.321
66156,64,512,512,1229.21
33491,64,512,512,794.567
47033,64,512,512,925.209
247017,256,512,512,1468.42
179358,64,2048,512,1362.13
55210,64,512,512,1028.22
68722,64,512,512,1251.99
40973,64,512,512,871.395
52095,64,512,512,978.953
248270,256,512,512,1448.06
172574,64,2048,512,1294.14
71451,64,512,512,1232.55
73260,64,512,512,1291.72
54975,64,512,512,1031.52
59423,64,512,512,1093.04
222621,256,512,512,1325.99
136351,64,2048,512,1146.53
74612,64,512,512,1279.9
68003,64,512,512,1212.28
58713,64,512,512,1073.95
55485,64,512,512,1043.93
55839,64,512,512,1106.6
47152,64,512,512,1254.54
40749,64,512,512,829.919
31688,64,512,512,680.292
246942,256,512,512,1417.09
187181,64,2048,512,1405.26
108105,64,512,512,1794.57
107497,64,512,512,1776.07
65349,64,512,512,1140.07
112066,64,512,512,1846.38
53552,64,512,512,1020.62
46022,64,512,512,1072.77
38979,64,512,512,802.698
28332,64,512,512,613.181
181465,256,512,512,1186.9
138731,64,2048,512,1219.45
44787,64,512,512,900.151
56702,64,512,512,1148.4
30654,64,512,512,701.304
40235,64,512,512,837.182
49209,64,512,512,964.693
55295,64,512,512,1073.06
37240,64,512,512,822.438
33400,64,512,512,759.781
209478,256,512,512,1277.19
170877,64,2048,512,1356.76
59402,64,512,512,1072.14
78627,64,512,512,1352.26
40400,64,512,512,869.098
58892,64,512,512,1074.47
51857,64,512,512,990.866
60576,64,512,512,1123.34
42887,64,512,512,897.593
40323,64,512,512,872.038
249613,256,512,512,1430.12
196462,64,2048,512,1451.89
65126,64,512,512,1144.27
73887,64,512,512,1293.54
44367,64,512,512,900.762
60688,64,512,512,1100.72
60021,64,512,512,1094.47
83964,64,512,512,1402.08
47934,64,512,512,953.341
56646,64,512,512,1077.74
302452,256,512,512,1648.46
246814,64,2048,512,1630
65341,64,512,512,1172.88
81599,64,512,512,1400.72
45839,64,512,512,912.037
66444,64,512,512,1179.02
63673,64,512,512,1148.81
94580,64,512,512,1559.31
54191,64,512,512,1014.34
65642,64,512,512,1191.11
343356,256,512,512,1803.81
257197,64,2048,512,1684.77
41783,64,512,512,872.023
52641,64,512,512,1022.25
29547,64,512,512,733.177
42360,64,512,512,882.867
216719,256,512,512,1287.43
149618,64,2048,512,1325.28
81604,64,512,512,1400.57
64242,64,512,512,1216.36
43030,64,512,512,879.959
61783,64,512,512,1125.99
48481,256,512,512,593.802
38360,64,2048,512,803.855
18164,64,512,512,445.305
29508,64,512,512,751.222
13422,64,512,512,376.97
18682,64,512,512,451.966
101911,256,512,512,904.388
82333,64,2048,512,1099.17
19741,64,512,512,521.628
38241,64,512,512,1086.55
15129,64,512,512,420.776
25640,64,512,512,572.961
114133,256,512,512,950.949
85304,64,2048,512,1089.38
36347,64,512,512,818.349
44755,64,512,512,1040.81
25265,64,512,512,661.994
30012,64,512,512,682.944
115983,256,512,512,980.083
83975,64,2048,512,1103.48
48912,64,512,512,961.32
44247,64,512,512,1008.36
33185,64,512,512,797.717
27808,64,512,512,662.806
83494,256,512,512,795.256
48292,64,2048,512,801.061
42541,64,512,512,891.284
43863,64,512,512,965.72
30263,64,512,512,735.968
31688,64,512,512,710.732
34247,64,512,512,757.761
19404,64,512,512,679.173
16396,64,512,512,403.296
11969,64,512,512,320.799
104673,256,512,512,909.132
81975,64,2048,512,1010.54
97078,64,512,512,1638.86
69893,64,512,512,1332.18
25760,64,512,512,638.81
69617,64,512,512,1249.85
48869,64,512,512,975.624
21820,64,512,512,624.857
15338,64,512,512,382.208
10662,64,512,512,310.213
41663,256,512,512,519.553
36012,64,2048,512,784.575
42364,64,512,512,849.233
32657,64,512,512,872.249
13187,64,512,512,387.17
17178,64,512,512,473.615
50871,64,512,512,1000.02
27364,64,512,512,742.477
15168,64,512,512,427.991
13381,64,512,512,395.771
52212,256,512,512,588.304
48390,64,2048,512,852.011
55223,64,512,512,1041.16
42626,64,512,512,935.602
15872,64,512,512,425.295
24727,64,512,512,645.277
54011,64,512,512,1051.61
38147,64,512,512,892.849
17464,64,512,512,468.581
16461,64,512,512,470.314
72869,256,512,512,705.582
71587,64,2048,512,1015.49
66349,64,512,512,1179.12
49036,64,512,512,983.672
18628,64,512,512,487.071
30148,64,512,512,733.171
63533,64,512,512,1155.04
47347,64,512,512,942.323
19514,64,512,512,511.843
23243,64,512,512,588.729
100398,256,512,512,891.475
85572,64,2048,512,1039
58607,64,512,512,1078.52
37223,64,512,512,864.645
14595,64,512,512,407.057
23119,64,512,512,610.081
70285,64,512,512,1225.22
56422,64,512,512,1063.16
21842,64,512,512,577.449
27155,64,512,512,749.414
130289,256,512,512,1040.98
90678,64,2048,512,918.166
48564,64,512,512,943.814
26377,64,512,512,751.91
9201,64,512,512,321.096
16237,64,512,512,468.398
58872,256,512,512,627.567
55804,64,2048,512,929.213
69433,64,512,512,1183.45
57004,64,512,512,1261.01
12532,64,512,512,360.219
53312,64,512,512,970.72
19051,256,512,512,351.851
20119,64,2048,512,594.27
10834,64,512,512,320.913
21594,64,512,512,703.96
3649,64,512,512,180.287
14972,64,512,512,449.542
19537,256,512,512,426.805
20744,64,2048,512,640.347
32975,64,512,512,787.557
19159,64,512,512,746.794
8520,64,512,512,313.466
9463,64,512,512,307.639
21054,256,512,512,444.74
21606,64,2048,512,651.372
19284,64,512,512,562.709
16852,64,512,512,647.904
5429,64,512,512,253.159
8863,64,512,512,320.658
20900,256,512,512,435.553
18007,64,2048,512,586.069
29744,64,512,512,818.155
15941,64,512,512,571.054
7369,64,512,512,317.63
9554,64,512,512,333.298
16100,256,512,512,385.675
9871,64,2048,512,416.322
32053,64,512,512,832.438
18132,64,512,512,567.601
7471,64,512,512,310.451
12811,64,512,512,415.267
17538,64,512,512,473.936
9689,64,512,512,491.454
9630,64,512,512,283.778
5732,64,512,512,206.782
49727,256,512,512,646.898
41575,64,2048,512,784.656
60339,64,512,512,1247.32
33846,64,512,512,1101.4
10762,64,512,512,353.722
34845,64,512,512,841.768
27165,64,512,512,690.343
12022,64,512,512,507.258
7018,64,512,512,274.355
4981,64,512,512,208.497
18329,256,512,512,429.351
18724,64,2048,512,572.687
20384,64,512,512,587.436
20795,64,512,512,631.683
5704,64,512,512,254.871
9461,64,512,512,302.317
21954,64,512,512,584.038
12498,64,512,512,427.136
5460,64,512,512,236.466
4860,64,512,512,227.05
19355,256,512,512,530.419
20125,64,2048,512,704.656
29397,64,512,512,968.439
26491,64,512,512,1087.7
6978,64,512,512,476.313
12252,64,512,512,661.735
23425,64,512,512,1056.13
20550,64,512,512,932.819
6200,64,512,512,448.462
7340,64,512,512,484.807
25190,256,512,512,779.033
29575,64,2048,512,1268.77
33448,64,512,512,1391.93
35320,64,512,512,1509.08
8490,64,512,512,528.479
16466,64,512,512,807.356
25495,64,512,512,1236.72
36244,64,512,512,1469.15
7017,64,512,512,491.902
11888,64,512,512,635.044
33082,256,512,512,865.002
44738,64,2048,512,1461.79
25079,64,512,512,1146.99
31458,64,512,512,1437.42
6391,64,512,512,478.905
14370,64,512,512,741.487
44130,64,512,512,1651.57
37424,64,512,512,1506
10100,64,512,512,581.631
15476,64,512,512,797.733
42127,256,512,512,949.983
29857,64,2048,512,1023.73
18768,64,512,512,896.276
14559,64,512,512,752.988
3701,64,512,512,330.742
9011,64,512,512,543.98
26707,256,512,512,778.857
26895,64,2048,512,1199.6
46041,64,512,512,1631.21
39819,64,512,512,1772.89
5371,64,512,512,372.468
35052,64,512,512,1310.6
3789,256,512,512,255.668
3298,64,2048,512,345.884
10357,64,512,512,570.635
5954,64,512,512,556.969
2109,64,512,512,194.02
2920,64,512,512,229.289
3678,256,512,512,234.492
3035,64,2048,512,227.34
3920,64,512,512,191.033
6539,64,512,512,397.146
1294,64,512,512,97.9931
3906,64,512,512,189.107
6591,256,512,512,267.113
6228,64,2048,512,348.811
10973,64,512,512,409.823
10235,64,512,512,485.993
2888,64,512,512,174.397
6614,64,512,512,258.511
5856,256,512,512,229.467
5056,64,2048,512,281.358
21060,64,512,512,595.588
9576,64,512,512,430.092
4067,64,512,512,204.629
4228,64,512,512,204.104
4933,256,512,512,183.213
2797,64,2048,512,175.361
16062,64,512,512,485.257
8583,64,512,512,363.302
3442,64,512,512,183.329
6578,64,512,512,231.497
0,64,512,512,0
929,64,512,512,73.818
0,64,512,512,0
246,64,512,512,17.4344
14047,256,512,512,340.616
20596,64,2048,512,543.216
22905,64,512,512,564.928
27236,64,512,512,710.752
5473,64,512,512,180.686
25435,64,512,512,612.892
0,64,512,512,0
77,64,512,512,6.35313
0,64,512,512,0
19,64,512,512,1.56122
1932,256,512,512,79.2778
1833,64,2048,512,124.229
8299,64,512,512,285.926
20258,64,512,512,540.646
4656,64,512,512,187.477
6968,64,512,512,262.053
39,64,512,512,3.22181
6,64,512,512,0.493421
8,64,512,512,0.658165
20,64,512,512,1.65153
1005,256,512,512,45.3111
960,64,2048,512,76.2509
15889,64,512,512,444.013
26465,64,512,512,720.724
4629,64,512,512,214.206
9380,64,512,512,290.673
2992,64,512,512,106.648
1844,64,512,512,142.614
640,64,512,512,42.4825
401,64,512,512,28.2992
1423,256,512,512,62.2758
1698,64,2048,512,130.515
13471,64,512,512,379.091
25799,64,512,512,693.615
5084,64,512,512,223.571
10880,64,512,512,335.699
10658,64,512,512,310.367
7785,64,512,512,364.723
5360,64,512,512,192.321
2762,64,512,512,104.681
1185,256,512,512,49.2621
1198,64,2048,512,91.4852
4459,64,512,512,174.966
4413,64,512,512,235.864
1897,64,512,512,104.749
1883,64,512,512,100.347
30410,64,512,512,728.907
23696,64,512,512,629.293
14210,64,512,512,412.064
7168,64,512,512,273.379
1373,256,512,512,55.4636
1671,64,2048,512,128.836
5531,64,512,512,189.126
2353,64,512,512,158.879
2904,64,512,512,124.209
743,64,512,512,51.0827
0,256,512,512,0
0,64,2048,512,0
9554,64,512,512,300.724
19357,64,512,512,521.963
5442,64,512,512,215.995
13274,64,512,512,350.978
0,256,512,512,0
0,64,2048,512,0
1670,64,512,512,89.0193
1644,64,512,512,129.909
1203,64,512,512,62.8692
301,64,512,512,21.7093
159,256,512,512,7.34921
274,64,2048,512,21.9112
87,64,512,512,7.16639
193,64,512,512,15.5082
15,64,512,512,1.2366
19,64,512,512,1.56766
0,256,512,512,0
0,64,2048,512,0
0,64,512,512,0
0,64,512,512,0
0,64,512,512,0
0,64,512,512,0
0,256,512,512,0
0,64,2048,512,0
0,64,512,512,0
0,64,512,512,0
0,64,512,512,0
0,64,512,512,0
0,256,512,512,0
0,64,2048,512,0
0,64,512,512,0
0,64,512,512,0
0,64,512,512,0
0,64,512,512,0
